tree
version=v4
num_class=1
num_tree_per_iteration=1
label_index=0
max_feature_idx=4
objective=binary sigmoid:1
feature_names=Column_0 Column_1 Column_2 Column_3 Column_4
feature_infos=[-2.5810003752972719:63.721443098045242] [-127.11519187424355:172.97468417585105] [5.4563816114239216e-06:38.721443098045242] [1.8623926515315442e-09:29920.241365735415] [-4823.4502189438408:6507.0054290155549]
tree_sizes=3534 3571 3585 3573 3585 3567 3587 3583 3567 3590 3579 3599 3582 3586 3575 3584 3595 3601 3598 3601 3591 3595 3611 3588 3620 3611 3615 3625 3636 3616 3611 3610 3613 3612 3617 3640 3635 3613 3622 3626 3646 3626 3623 3632 3617 3632 3621 3648 3629 3639 3640 3645 3628 3640 3660 3647 3652 3650 3627 3654 3616 3613 3611 3648 3624 3632 3614 3625 3629 3631 3654 3630 3637 3594 3606 3622 3631 3656 3632 3634 3610 3613 3593 3547 3547 3627 3592 3595 3536 3541 3544 3579 3570 3616 3588 3589 3546 3465 3500 3556

Tree=0
num_leaves=31
num_cat=0
split_feature=3 2 1 0 3 2 2 4 2 3 1 0 0 3 2 3 4 4 2 2 0 2 4 0 0 4 0 0 4 3
split_gain=2.47397e+06 1.60146e+06 391608 211952 192026 189248 139421 111543 101215 69714.8 38079.9 33118 32797.6 30641.7 29095.8 24974.5 23473.8 27438.7 23364.6 21152.6 20142.1 14430.8 12865.4 12197.3 10849.5 10418.5 9658.56 9618.27 8356.2 6906.55
threshold=788.33198912715693 8.9096833045684658 -11.838920454088887 20.952545371863817 1645.8688927242672 12.284303239033681 8.3186500020783036 539.063776013199 6.4370933105780184 451.56558317776984 -7.3675598128892696 23.108317547786204 33.835601751442404 1107.9493539546027 7.9808886790301008 2851.6992237664408 -135.87758129962069 495.1639523400234 6.218047515971679 14.834442903234569 35.532517278794444 11.725724334808499 879.4907527278732 21.708022154128756 21.570243995171463 933.43672006714291 21.570243995171463 32.720338406174854 -451.37426196696759 649.65172727283834
decision_type=2 2 2 2 2 2 2 2 2 2 2 2 2 2 2 2 2 2 2 2 2 2 2 2 2 2 2 2 2 2
left_child=1 2 9 18 6 10 7 -2 11 23 -3 -5 -12 24 15 22 -13 -18 -4 -7 -14 25 -6 -1 -9 -8 -15 -10 -25 -19
right_child=4 5 3 8 14 19 21 13 27 -11 12 16 20 26 -16 -17 17 29 -20 -21 -22 -23 -24 28 -26 -27 -28 -29 -30 -31
leaf_value=0.1790040071407385 0.2696759276652374 0.20010610037223581 0.064508802362500381 0.0055120637030781905 0.25802720867862861 0.20465395696823493 0.2621869468461468 0.15102188135277644 0.0095873455375561634 0.23810721289616849 0.21767937944192295 0.0047013704745014623 0.079104098821203506 0.19467776272381099 0.25873708955468766 0.24125620479760834 -0.0493192634088742 -0.024418650343835183 0.14096368552436697 0.25873316960264803 0.13198070416320268 0.25607225076435119 0.1849112662635703 0.11751950466124753 0.069623741314558535 0.18268280830625622 0.12611732958138333 0.041396818742316474 0.062922700277075236 0.0098485033448924286
leaf_weight=16933.329804763198 47261.677968800068 56931.69820971787 109531.16745203733 197296.61558054388 27346.852182671428 141991.93664945662 21264.061285480857 18154.779774025083 217727.07594707608 50731.604189202189 26609.090411290526 118935.88296934962 168235.6403106451 23277.182546630502 262765.23577608168 213923.7093590945 1087688.7185720354 268831.30473867059 62940.113935098052 147419.07796159387 125992.2897901386 92767.303223311901 200584.34758812189 51829.76108841598 167028.66604596376 73301.973022520542 175239.63509760797 168716.58311627805 61057.773177400231 75289.886591210961
leaf_count=67847 189364 228109 438860 790511 109571 568921 85199 72741 872370 203267 106615 476542 674072 93265 1052825 857131 4358057 1077130 252183 590666 504815 371692 803684 207667 669236 293700 702135 675999 244641 301665
internal_value=0.081912 0.0337769 -0.00312239 -0.0142225 0.196697 0.171352 0.156026 0.124718 -0.0228386 0.138706 0.124736 -0.0330772 0.111362 0.106863 0.232386 0.216716 -0.0379868 -0.0415328 0.0924096 0.232201 0.101747 0.22805 0.193684 0.0998612 0.0776037 0.20056 0.134156 0.023475 0.0879896 -0.0169214
internal_weight=4.4776e+06 3.15469e+06 2.48751e+06 2.30696e+06 1.32292e+06 667180 618295 430962 2.13449e+06 180552 377769 1.74804e+06 320837 383700 704620 441855 1.55075e+06 1.43181e+06 172471 289411 294228 187333 227931 129821 185183 94566 198517 386444 112888 344121
internal_count=17940480 12639937 9966739 9243317 5300543 2673198 2477332 1726741 8552274 723422 1513611 7003905 1285502 1537377 2823211 1770386 6213394 5736852 691043 1159587 1178887 750591 913255 520155 741977 378899 795400 1548369 452308 1378795
is_linear=0
shrinkage=1


Tree=1
num_leaves=31
num_cat=0
split_feature=3 2 1 0 3 2 2 4 2 3 0 1 2 3 0 1 4 4 0 0 2 2 4 0 4 0 0 4 4 3
split_gain=2.01978e+06 1.29428e+06 316263 172392 167462 139518 117456 96052.8 90614 64641.9 32078 28717.4 28296.4 25193.6 24701.2 22478 17366 20824 16679.8 16207.8 13945.3 13747.6 13207.6 12855.6 10001.1 9290.26 9121.86 8046.4 9096.26 7661.42
threshold=773.1053454071772 9.1477840200010636 -10.548272924009504 20.617219779403012 1570.7716706747344 12.593783445256088 8.1151309247802157 501.37446100584208 6.6597338704816105 425.18224740824195 22.685211475095212 -8.8055298770851511 8.3186500020783036 2585.1471551979321 34.097656935233587 32.081138780531994 565.81304831442969 -96.601409406074211 35.895089096592862 18.475358640268201 15.103864502823269 11.457849347032829 858.50036550659922 21.107925458486875 911.35299822830564 21.847790789932738 21.977450073758007 638.07729488779273 -135.87758129962069 556.29863571387239
decision_type=2 2 2 2 2 2 2 2 2 2 2 2 2 2 2 2 2 2 2 2 2 2 2 2 2 2 2 2 2 2
left_child=1 2 9 19 6 11 7 -2 10 23 -5 -3 13 22 -13 26 17 -12 -16 -4 -7 24 -6 -1 -8 -17 -9 28 -10 -11
right_child=4 5 3 8 12 20 21 15 27 29 16 14 -14 -15 18 25 -18 -19 -20 -21 -22 -23 -24 -25 -26 -27 -28 -29 -30 -31
leaf_value=0.09272300211371598 0.17560632491936493 0.11687903192847547 0.060619527188115134 -0.061544694575740778 0.16008696165530589 0.11727765443696159 0.16344150626453313 0.053280794251445877 -0.005982664982617872 0.095592398690691291 -0.076305450474291575 0.12934622996260745 0.16224310571735789 0.1425785563159325 0.0060003970786225531 0.093968335674994796 -0.08292396701172354 -0.11602975769927992 0.055237631661046241 -0.007665118730884689 0.16343618293064921 0.15702108992369768 0.087090691002387255 -0.0013973887141010941 0.0849254698250482 0.030940847338564611 -0.020193682305038447 -0.018593066823831796 -0.061972427303991606 0.16988342166421047
leaf_weight=16236.955659493804 43024.681925922632 48128.304825723171 54493.640161216259 169091.04021514952 28423.945419698954 127936.90291129053 20962.505980193615 19279.755389988422 32584.825136601925 26517.765121623874 147972.88685515523 24942.640458062291 256083.02385240793 253083.1179651767 172847.40122529864 26765.906051978469 247057.47056396306 1219671.2582493722 114299.29264864326 95987.281576603651 134011.68307346106 93493.028352379799 193715.87333258986 136590.85177773237 71752.897879704833 185236.46987566352 136722.38116696477 72035.393588930368 264974.19660407305 29130.996648296714
leaf_count=65414 175215 194453 219146 676458 115539 517380 85269 77588 130422 107326 591986 100946 1041421 1026458 692928 107957 988337 4881307 459667 384506 545068 379965 781375 547436 289237 743517 547508 288243 1060234 118174
internal_value=3.0902e-05 -0.0437655 -0.0757429 -0.0864159 0.103362 0.0853609 0.0640757 0.0342269 -0.093647 0.0422035 -0.102984 0.0449789 0.135447 0.121007 0.033891 0.0176977 -0.107324 -0.111732 0.0255994 0.0170628 0.140892 0.129963 0.0964309 0.00860229 0.102678 0.0388982 -0.0111132 -0.0485814 -0.0558412 0.134482
internal_weight=4.46305e+06 3.13451e+06 2.51234e+06 2.30387e+06 1.32854e+06 622166 597238 411029 2.15339e+06 208477 1.78379e+06 360218 731306 475223 312089 368005 1.6147e+06 1.36764e+06 287147 150481 261949 186208 222140 152828 92715.4 212002 156002 369594 297559 55648.8
internal_count=17940480 12569431 10058989 9220639 5371049 2510442 2406256 1651785 8616987 838350 7138088 1447994 2964793 1923372 1253541 1476570 6461630 5473293 1152595 603652 1062448 754471 896914 612850 374506 851474 625096 1478899 1190656 225500
is_linear=0
shrinkage=0.1


Tree=2
num_leaves=31
num_cat=0
split_feature=3 2 1 0 2 3 2 4 2 3 1 0 1 1 3 2 2 2 0 3 4 4 0 3 4 2 2 0 0 1
split_gain=1.66201e+06 1.07947e+06 275246 144550 144078 120575 92821.6 72151.5 69984.7 40021.9 29004.5 25057.4 24934.4 24349.1 25649.2 20966.5 20361.2 15747.5 13340.6 13279.4 11441.2 12295.6 9516.17 8555.53 7891.4 7567.39 7474.7 6012.31 5752.44 5646.8
threshold=836.0114824395074 8.7567793165542813 -13.969409737891803 21.414089436213391 11.999802293244477 1860.3448827884929 8.9096833045684658 572.88531660910348 5.9609172272837414 496.92351205263344 -9.3883087281718716 33.746352212887537 35.199681218695225 -5.6199647537671096 315.29357870087284 5.5656176318201203 14.338495085845404 9.1477840200010636 35.192707015881247 3284.9437942885638 -168.95433728898033 545.68573958886202 23.772265710058278 662.10270570646253 956.18300998102654 12.439680853318842 5.2819050557067344 21.107925458486875 22.221218044746902 -6.4271140978511605
decision_type=2 2 2 2 2 2 2 2 2 2 2 2 2 2 2 2 2 2 2 2 2 2 2 2 2 2 2 2 2 2
left_child=1 2 9 15 10 6 7 -2 13 28 -3 -12 26 -5 22 -4 29 19 -13 24 -10 -22 -15 -16 -7 -8 -9 -14 -1 -6
right_child=5 4 3 8 16 17 25 12 20 -11 11 18 27 14 23 -17 -18 -19 -20 -21 21 -23 -24 -25 -26 -27 -28 -29 -30 -31
leaf_value=0.087241875368177596 0.15764774479372951 0.10488671490248942 -0.025070290793310981 -0.053577624053145347 0.13674249819526227 0.15116005851324413 0.11108397451325991 -0.0043648102049810254 -0.0021815939117553643 0.14562335515235081 0.11125386418699224 -0.0067040371672731497 0.10827206798591356 -0.083888346802797997 -0.084338099626921598 0.038702322407516643 0.1470172114423727 0.15517269372292211 0.034914300047196097 0.14013765904066472 -0.066819226362821046 -0.029724724401424565 -0.1094762607212923 -0.049937259292602981 0.096698665483248694 0.15290385414969654 0.035726633049550302 0.051114524466211265 0.020533926159549513 0.085905396584797344
leaf_weight=15273.691395267844 50925.189253538847 47156.878894478083 121835.11160780489 134291.58189454675 26928.180232852697 30708.267000049353 91629.41509321332 149765.9586250484 43956.7086699754 43681.081683695316 28282.000695943832 163384.2039590627 20486.614838898182 171083.79019254446 302407.05112093687 89368.928511083126 165724.19972068071 183489.76537974179 145709.08345724642 181892.05899682641 299745.22914879024 127310.19967709482 965981.48353473842 95008.361562132835 199153.331398651 81983.907279282808 67447.032105222344 180967.02958084643 84135.82582038641 115849.19340708852
leaf_count=62071 213223 193185 487907 537730 110498 127421 377659 601191 175918 181661 116287 654797 84331 686543 1214067 360153 690894 766961 586917 755156 1201210 509693 3889576 380437 816956 342230 271434 732080 338338 473956
internal_value=6.34341e-05 -0.0381374 -0.0688155 -0.0770112 0.0722666 0.0983721 0.0683555 0.0452571 -0.0848014 0.0658403 0.0314268 0.0211589 0.0315863 -0.0944095 -0.0979829 0.00191447 0.123172 0.130807 0.0129152 0.11995 -0.0507607 -0.0557609 -0.105626 -0.076114 0.103974 0.130832 0.00808403 0.0569271 0.0307832 0.0954934
internal_weight=4.42556e+06 3.18711e+06 2.49408e+06 2.35099e+06 693034 1.23845e+06 643205 469592 2.13978e+06 143091 384532 337375 418667 1.66877e+06 1.53448e+06 211204 308502 595243 309093 411754 471012 427055 1.13707e+06 397415 229862 173613 217213 201454 99409.5 142777
internal_count=17940480 12851838 10025304 9443234 2826534 5088642 2622148 1902259 8595174 582070 1551186 1358001 1689036 6708353 6170623 848060 1275348 2466494 1241714 1699533 1886821 1710903 4576119 1594504 944377 719889 872625 816411 400409 584454
is_linear=0
shrinkage=0.1


Tree=3
num_leaves=31
num_cat=0
split_feature=3 2 1 3 0 4 2 2 2 1 2 0 3 1 1 0 0 2 4 0 2 0 2 2 3 1 3 0 2 2
split_gain=1.37627e+06 853314 206423 139121 113038 96404.1 90487.9 84871 69876.8 49258.2 27994.2 23747 23213.4 19406.3 17523.3 17044.2 15681.4 12696.5 12156.1 11592.6 10847 8792.8 8016.37 7746.2 7701.72 8632.04 7214.67 7186.61 5749.3 5538.71
threshold=729.71237522199965 9.4008906731159616 -8.8055298770851511 1466.2636779280822 20.430679197560071 526.42992668451427 13.107146071202942 9.2306517027016834 6.9944643895543388 -19.621452163579466 7.3524246273472729 22.90449163144104 2440.5783312817944 -5.6199647537671096 30.977738747470905 29.862339555836318 34.385983981187621 5.7090082635739074 745.57384456000534 36.163456002875058 6.8768095198270904 20.788547687530251 13.107146071202942 15.690408620695079 225.77465398504287 -2.2756758024766834 545.43349376553806 23.407550287941529 5.1887317795038177 6.4370933105780184
decision_type=2 2 2 2 2 2 2 2 2 2 2 2 2 2 2 2 2 2 2 2 2 2 2 2 2 2 2 2 2 2
left_child=1 2 9 5 20 -2 13 14 11 26 12 -6 18 -3 28 24 -15 27 -5 -18 -4 -16 -9 -8 25 -13 -1 -11 -7 -23
right_child=3 6 4 10 8 7 23 22 -10 17 -12 15 -14 16 21 -17 19 -19 -20 -21 -22 29 -24 -25 -26 -27 -28 -29 -30 -31
leaf_value=0.07385197732196519 0.15082678568596977 0.094037289490764828 -0.0031666020497289971 0.15239453673878689 -0.052550396948807337 -0.028575338813889174 0.10724699905697005 0.086428897187172185 -0.035189911212932946 0.02672629127825556 0.13691823807429762 -0.0762667450382601 0.11888997575194736 0.11535254466806188 0.091155431946293344 -0.071161061055679459 0.0077490748501124699 0.037686197232600145 0.065992881847874524 0.050366705466737563 0.056983294850971311 0.013519421251649658 0.14075803350129201 0.1454502536956693 -0.08318456937608279 -0.10495971536848824 0.14395810349701485 -0.030953452651399978 0.011813605244922984 0.052989202746809322
leaf_weight=35169.100038379431 79172.080798432231 61506.431089147925 91420.964990466833 17786.573688402772 195971.09215223789 106838.59510356188 107718.29426454008 65160.18667460978 329025.90350908041 27540.395303979516 300748.49504677951 123160.17516596615 237804.65956695378 20944.412724092603 19989.890905112028 384428.71865592897 153730.70954589546 58662.803967341781 192701.1819922924 109139.61076064408 44610.065331712365 169284.94895082712 46568.958509653807 104625.74840390682 360584.01795604825 705191.25315529108 25195.78897768259 100165.80919346213 52594.525703772902 45005.289879783988
leaf_count=144840 342689 255826 366804 77037 787027 428053 454694 271926 1318279 111089 1296176 497887 1011140 88120 82599 1555641 617638 236815 793708 446301 181833 681925 201253 453324 1460325 2873250 108443 401577 211692 182569
internal_value=9.46709e-05 -0.0370726 -0.0621953 0.084782 -0.0717803 0.0482231 0.0747016 0.0321514 -0.0775071 0.0246046 0.113316 -0.0853764 0.0974812 0.043114 0.0103222 -0.089465 0.0320782 -0.000824424 0.073294 0.0254432 0.016559 0.0277259 0.109073 0.12607 -0.0953834 -0.100694 0.103114 -0.0185146 -0.0152516 0.0218089
internal_weight=4.37245e+06 3.03879e+06 2.48113e+06 1.33366e+06 2.23439e+06 584614 557665 505442 2.09836e+06 246734 749041 1.76934e+06 448292 345321 393713 1.57336e+06 283815 186369 210488 262870 136031 234280 111729 212344 1.18894e+06 828351 60364.9 127706 159433 214290
internal_count=17940480 12359713 10043810 5580767 9041046 2402706 2315903 2060017 8492409 1002764 3178061 7174130 1881885 1407885 1586838 6387103 1152059 749481 870745 1063939 548637 947093 473179 908018 4831462 3371137 253283 512666 639745 864494
is_linear=0
shrinkage=0.1


Tree=4
num_leaves=31
num_cat=0
split_feature=3 2 1 2 0 3 2 4 0 1 3 0 1 1 3 2 2 0 4 4 4 4 0 2 0 0 0 2 4 1
split_gain=1.14152e+06 739834 191188 123683 98396.8 86510.2 67462.2 51934.8 40632.3 27417.6 24353.3 23185.7 20114.2 20341.6 18163 15704.3 14386.5 13185.1 11511 9007.04 8899.16 10411.1 8100.59 5978.34 5083.73 5038.8 4791.69 5121.06 4644.82 4578.96
threshold=868.86417099987796 8.3900143295025398 -15.598012396202492 12.134905662069615 21.708022154128756 2009.2074873271529 9.0658190756396575 593.56588806917841 30.637425142879056 -12.520138341720882 525.75542463128011 33.32330943908741 -6.4271140978511605 21.366681653811895 1282.5591826871484 14.57672619717051 5.3300037770526041 35.094929945696201 1914.2295506052933 994.00585812764382 -168.95433728898033 507.90105496296093 24.03678571820198 12.593783445256088 21.977450073758007 21.847790789932738 22.340811096856957 6.1150005554654738 653.61845845865048 -6.9050684921334673
decision_type=2 2 2 2 2 2 2 2 2 2 2 2 2 2 2 2 2 2 2 2 2 2 2 2 2 2 2 2 2 2
left_child=1 2 10 9 16 6 7 -2 12 -3 -1 -11 -6 22 26 29 -4 28 19 -7 -10 -22 -14 -8 -16 -21 -9 -28 -13 -5
right_child=5 3 4 15 8 18 23 14 20 11 -12 17 13 -15 24 -17 -18 -19 -20 25 21 -23 -24 -25 -26 -27 27 -29 -30 -31
leaf_value=0.036677745604236707 0.13942647626041924 0.1028480773382726 -0.023285666940832138 0.12258797325505562 -0.040325053874561534 0.14237494083397506 0.09844877163052651 0.05144754246468123 -0.0056156812067991724 0.09401881520285886 0.13548153756192066 -0.015464492508194087 -0.069300470571982631 -0.055969565055524508 0.090518863092449123 0.13094239921861692 0.027104580475551976 0.030048933040493764 0.13613066526625373 0.13149526601723122 -0.06127582775800982 -0.028718711375435326 -0.091178516918020591 0.13676559693881513 0.045233007864021832 0.092072777861483213 -0.0047177338100250895 0.033695916295536414 0.019645250718343325 0.075440420182941489
leaf_weight=76557.966528430581 48995.166280165315 40350.373406842351 138008.5084746778 25154.226074650884 125012.64310027659 53466.019923388958 87323.193351775408 24729.824793159962 49423.746257320046 35339.183573201299 37004.615035235882 162482.35509212315 203639.65845890343 246765.86519758403 28597.023397624493 146078.21847383678 96118.998093947768 170499.3004617393 183605.66644129157 37592.72881308198 293074.94377537072 147732.34350648522 1001825.1412809193 76297.568166479468 186152.80266693234 235713.97216586769 142610.41457897425 45866.447660669684 49056.599437624216 113752.4640224427
leaf_count=312153 222380 171863 554053 108866 502501 238753 379933 101063 198199 150873 166552 652257 831606 999732 122087 658025 389773 693317 824620 165564 1187636 594374 4138696 344831 767573 1024623 572707 186116 197134 482620
internal_value=0.00012392 -0.0309498 -0.0577912 0.0563338 -0.064041 0.0853811 0.0609093 0.0419016 -0.0709989 0.0241341 0.0688732 0.0165244 -0.0788146 -0.0821279 0.0307364 0.108051 -0.00259839 0.00935598 0.116096 0.104838 -0.0458532 -0.0503646 -0.0874826 0.116316 0.0512635 0.0974953 0.0100607 0.00463035 -0.00732242 0.0839782
internal_weight=4.30883e+06 3.15788e+06 2.41516e+06 742713 2.3016e+06 1.15095e+06 640572 476952 2.06747e+06 457728 113563 417377 1.57724e+06 1.45223e+06 427957 284985 234128 382038 510378 326773 490231 440807 1.20546e+06 163621 214750 273307 213207 188477 211539 138907
internal_count=17940480 12990230 9875275 3114955 9396570 4950250 2696690 1971926 8452744 1865444 478705 1693581 6472535 5970034 1749546 1249511 943826 1542708 2253560 1428940 1980209 1782010 4970302 724764 889660 1190187 859886 758823 849391 591486
is_linear=0
shrinkage=0.1


Tree=5
num_leaves=31
num_cat=0
split_feature=3 2 1 3 2 4 2 0 3 0 1 1 0 2 3 2 0 0 2 0 4 2 2 0 3 0 3 4 4 4
split_gain=954588 573118 126212 113390 106596 86826.2 74805.8 65715.2 31848 27336.3 23698.3 21243 17729.8 17367.9 14224.3 13834.1 11999.9 10322.5 9491.47 9202.18 8549.36 7692.64 7471.33 6346.25 6148.86 6056.9 5759.53 5109.3 5978.94 4638.31
threshold=702.27091241892265 8.3186500020783036 -8.3097248363041984 1726.9226330189099 12.762165721520427 501.37446100584208 9.7563231016413337 21.570243995171463 355.76700507835898 30.340017301726121 -4.8501577298573837 32.444475419328789 33.243835694396445 9.4846482782708694 3166.0037381836769 10.417583368819637 24.119520779066246 21.977450073758007 15.690408620695079 19.078016361281769 911.35299822830564 5.6603551494812665 5.8133958411723574 23.208685659508266 567.52372996977067 38.672799466850755 334.82373039510122 389.36566262676121 -55.212106062730221 476.71565373440438
decision_type=2 2 2 2 2 2 2 2 2 2 2 2 2 2 2 2 2 2 2 2 2 2 2 2 2 2 2 2 2 2
left_child=1 2 8 5 10 -2 11 19 17 16 26 22 -12 14 20 29 -9 -1 -6 -4 -5 -13 23 -7 -10 -8 -3 28 -18 -14
right_child=3 4 7 13 18 6 25 9 24 -11 12 21 15 -15 -16 -17 27 -19 -20 -21 -22 -23 -24 -25 -26 -27 -28 -29 -30 -31
leaf_value=0.054043948881547212 0.13913634118449009 0.055518909079754986 0.024659857910478197 0.12750056826311648 0.088134180568314763 0.021881330702341627 0.08426434650241596 -0.057896017392960457 0.058320108989524014 -0.049419697537271073 0.083959327991163887 0.022716588481141074 -0.02235282598890978 0.13147613654373289 0.11464074210550307 0.029001797909279176 -0.065775481679106032 -0.017155778027637236 0.13060779413288101 -0.022958060256878767 0.070546304043154373 0.058980637061214619 0.020960604727147187 -0.026938426166424397 0.13216581816547077 0.12993945187510789 0.11783007435104836 -0.072027105655786516 -0.090594928895109103 0.0078645846211141731
leaf_weight=23506.187174662948 85590.488878801465 67355.560042664409 58234.2438826859 30038.71469694376 119876.46140253544 32916.595079466701 73213.715244501829 256884.65173459053 42380.023596778512 475360.84276776016 30999.08256419003 179980.09717217088 134085.25008742511 164281.30663757026 178521.72880035639 145364.6740925014 115172.73880383372 152248.6716671139 93767.218932151794 133895.74005067348 214984.33290469646 86661.517768040299 70882.552885144949 139359.1741694361 15363.293876826763 48111.65066640079 19023.480474069715 351681.6891605705 617165.93429987133 81780.035165280104
leaf_count=96068 406712 283932 237218 140252 533316 132766 323537 1058747 178567 1938744 135240 736345 537710 779823 824748 596779 476644 611764 446204 537314 935818 363713 289003 559683 72746 227973 83595 1461187 2606563 327769
internal_value=0.000150914 -0.0314923 -0.056051 0.0713221 0.0480424 0.0446222 0.0318046 -0.0641412 0.0135356 -0.0700245 0.0218248 0.0150094 0.0113823 0.103876 0.0931712 0.00515411 -0.077329 -0.00763323 0.106776 -0.00852516 0.0775286 0.0345028 -0.0063667 -0.0176105 0.0779676 0.102377 0.0692419 -0.0819341 -0.0866916 -0.010905
internal_weight=4.23869e+06 2.93415e+06 2.24189e+06 1.30454e+06 692252 716716 631125 2.0084e+06 233498 1.81627e+06 478608 509800 392229 587826 423545 361230 1.34091e+06 175755 213644 192130 245023 266642 243158 172276 57743.3 121325 86379 1.08402e+06 732339 215865
internal_count=17940480 12220107 9275562 5720373 2944545 3039732 2633020 8316417 959145 7541885 1965025 2081510 1597498 2680641 1900818 1462258 5603141 707832 979520 774532 1076070 1100058 981452 692449 251313 551510 367527 4544394 3083207 865479
is_linear=0
shrinkage=0.1


Tree=6
num_leaves=31
num_cat=0
split_feature=3 2 1 2 3 2 2 4 0 0 3 0 1 3 1 3 0 2 0 3 1 3 4 4 2 1 2 4 4 2
split_gain=794344 507571 146250 84097.2 67377 57709.6 51929.5 42003.8 38059.4 34289.4 17942.3 17844.4 13569.3 13050 12016.9 13685.7 11711.8 10535.5 7785.11 7574.75 7208.76 10293.5 6006.96 7228.57 5427.23 5377.74 5017.4 4762.07 6516.31 4456.15
threshold=886.54183433207697 9.6640753565554949 -16.480711832406175 5.2358777483763026 2063.1913882664408 13.480528331311694 9.6640753565554949 607.94264843172493 30.218690749761915 23.407550287941529 535.44531550929253 32.492434124587916 -11.838920454088887 1310.3711552855643 -4.4938907030895745 636.67773481473671 34.577777212404094 7.8563717926287895 36.434884468597488 3847.9044303782803 -4.4938907030895745 303.03171849028428 -114.98335220325835 452.39883865644163 16.355304853264457 12.392557392550527 7.2952669116816695 -135.87758129962069 565.81304831442969 5.375754441645701
decision_type=2 2 2 2 2 2 2 2 2 2 2 2 2 2 2 2 2 2 2 2 2 2 2 2 2 2 2 2 2 2
left_child=1 2 10 9 6 12 7 -2 26 20 -1 22 -3 -9 -11 25 -14 19 -18 -6 -4 -22 -10 -24 -7 -16 -5 -13 -29 -15
right_child=4 5 3 8 17 24 -8 13 11 14 -12 27 16 29 15 -17 18 -19 -20 -21 21 -23 23 -25 -26 -27 -28 28 -30 -31
leaf_value=0.040532092047483204 0.12649525501915448 0.099873361712539285 0.0080220048099776311 0.013800386746823299 0.079411069887576485 0.094105969796759434 0.10800383578600214 0.010449559504676657 -0.014730111588296395 -0.042417934785587544 0.12630854618439299 0.017973535209812149 0.10466526948683999 0.03456384308206558 -0.082404418763214499 -0.0385058750680152 0.013968916473072602 0.12322740569392097 0.047448251979189671 0.11318410345291774 -0.051091852890929983 -0.009168480246768574 -0.061166814444029022 -0.03268795894008758 0.12878566158027402 -0.067653360828534334 0.056864901877733055 -0.029471180014305966 0.0035223035282627353 0.064586657333512071
leaf_weight=71989.749703973532 47807.619974657893 33938.309081658721 37826.395496085286 77671.289626538754 181257.89162012935 101657.87713287771 133441.87356743217 217803.22785621881 55792.164883494377 143475.31429043412 36878.420757949352 40715.413665965199 21361.336415722966 140939.80214291811 627765.35254155099 103777.57011537254 166880.4012144953 169831.49722588062 118973.41443091631 104809.17929182947 195008.5926900804 83706.424940705299 225521.58456037939 147365.74926538765 81147.73786868155 407624.63885007799 41515.053881824017 183273.42076668143 88896.874700635672 76148.174105286598
leaf_count=299785 239426 155027 153108 315212 829283 478900 646267 885205 225540 584327 183642 165326 97853 593056 2705705 421470 678932 847127 509195 506239 798407 340549 937758 601777 408201 1728618 176684 738920 357306 331635
internal_value=0.000175341 -0.0255369 -0.043833 -0.0488526 0.0743533 0.0641631 0.0527886 0.0375244 -0.0236503 -0.0624175 0.0695883 -0.0320804 0.0398693 0.0277438 -0.0696919 -0.073127 0.0332406 0.103498 0.0279031 0.0917848 -0.0329416 -0.038501 -0.045333 -0.0499119 0.1095 -0.076597 0.0288006 -0.0139232 -0.0186948 0.045095
internal_weight=4.1648e+06 3.09276e+06 2.5688e+06 2.45994e+06 1.07204e+06 523959 616141 482699 860752 1.59918e+06 108868 741565 341153 434891 1.28264e+06 1.13917e+06 307215 455899 285854 286067 316541 278715 428679 372887 182806 1.03539e+06 119186 312886 272170 217088
internal_count=17940480 13062242 10734134 10250707 4878238 2328108 2695589 2049322 3518523 6732184 483427 3026627 1441007 1809896 5440120 4855793 1285980 2182649 1188127 1335522 1292064 1138956 1765075 1539535 887101 4434323 491896 1261552 1096226 924691
is_linear=0
shrinkage=0.1


Tree=7
num_leaves=31
num_cat=0
split_feature=3 2 1 3 4 2 2 2 0 3 0 2 1 2 2 3 0 0 4 4 0 4 2 2 0 3 2 3 3 1
split_gain=666070 389083 95675.4 91381.4 74746.9 58902.1 58053.4 50145.1 25117.7 23521.4 21434.6 15658.6 13634.6 13542.2 13521.5 11974.4 11090.5 10370.9 9659.12 7879.11 7305.87 5806.3 5470.51 5293.55 4803.73 4210.42 4059.75 4005.39 3917.89 4497.96
threshold=688.24875055469772 9.6640753565554949 -7.8092650382570046 1769.7122171242929 482.48828569500785 7.6042328281831137 5.0471373159039894 13.480528331311694 30.038337714898066 393.43364736694724 23.772265710058278 9.6640753565554949 33.569715253567331 7.6042328281831137 11.86668216735802 3545.9928684411084 34.577777212404094 20.430679197560071 -157.49773392116373 911.35299822830564 22.453777115885448 600.65223260647917 6.6028817249592917 16.355304853264457 22.792172721023068 220.98010105586039 7.2952669116816695 577.86027880037307 185.57019628276979 -1.708250534891963
decision_type=2 2 2 2 2 2 2 2 2 2 2 2 2 2 2 2 2 2 2 2 2 2 2 2 2 2 2 2 2 2
left_child=1 2 9 4 -2 12 10 16 26 17 25 15 20 -10 -7 19 -3 -1 -18 -5 -6 -20 -19 -9 -14 -4 -8 -11 29 -12
right_child=3 7 6 11 5 14 8 23 13 27 28 -13 24 -15 -16 -17 18 22 21 -21 -22 -23 -24 -25 -26 -27 -28 -29 -30 -31
leaf_value=0.073166853268148896 0.13023285462271686 0.10189551179925536 -0.047625877302604598 0.12003579970382874 0.033070166401446326 0.052857688172132156 0.0030075399484620468 0.08631087732082994 -0.046897499434993883 0.059149178007276232 -0.056239690338786265 0.12142180166075739 0.061011084544179778 -0.017537893252192776 0.10775083230394655 0.10630636978858353 0.065763139332156537 -0.01595392952029023 0.0088938939002976176 0.063308422484499846 -0.015146347058628166 0.043238000248516179 0.024090435024156226 0.12321268118592076 0.019674448523919766 -0.022182001620341407 0.044760443124848226 0.12453648053828381 -0.061469413279551612 -0.078190918592860495
leaf_weight=17460.995752304792 78217.247456952929 21865.080638349056 208603.31065352261 27460.26534794271 36709.674863547087 121937.12983010709 74111.926821395755 89327.263237059116 416808.79352745414 36169.117718145251 112251.99628528953 138660.82800221443 33814.856349766254 252142.79657632113 71002.804243817925 135238.3132994622 54972.170251518488 156052.49733936787 164191.32404227555 225944.97882546484 218309.5591288209 70303.749463543296 43659.449761211872 68824.127050876617 166726.47995716333 94498.918131038547 33958.07917919755 12642.905138984323 353426.93180245161 554249.10354599357
leaf_count=73418 417045 103605 865569 140837 151059 536703 299590 435607 1742487 160723 479613 737377 145961 1015916 364698 687906 247222 630425 680656 1043038 879978 292878 178601 368234 689643 389377 145620 66787 1518189 2451718
internal_value=0.000195767 -0.0266428 -0.0431435 0.0608815 0.0378869 0.0267489 -0.0503001 0.0565155 -0.0286047 0.01336 -0.0630419 0.0925719 0.00713568 -0.0358312 0.0730586 0.0822788 0.0332223 -0.000738164 0.0280351 0.0694557 -0.00820564 0.0191906 -0.00719975 0.10237 0.0266445 -0.0396932 0.0161273 0.0760853 -0.0699806 -0.0744939
internal_weight=4.08954e+06 2.83552e+06 2.36604e+06 1.25402e+06 726718 648501 2.10005e+06 469484 777022 265985 1.32303e+06 527304 455561 668952 192940 388644 311332 217173 289467 253405 255019 234495 199712 158151 200541 303102 108070 48812 1.01993e+06 666501
internal_count=17940480 12146235 10018033 5794245 3185087 2768042 8908079 2128202 3203613 1109954 5704466 2609158 1866641 2758403 901401 1871781 1324361 882444 1220756 1183875 1031037 973534 809026 803841 835604 1254946 445210 227510 4449520 2931331
is_linear=0
shrinkage=0.1


Tree=8
num_leaves=31
num_cat=0
split_feature=3 2 1 2 2 3 2 0 4 3 0 3 1 1 3 0 4 4 0 3 3 0 3 1 4 2 0 2 0 2
split_gain=557627 350856 107173 63634.6 52588 47185.2 44227 34549.3 33484.3 20795.8 20430.4 12780.8 12244.9 11249.2 9683.51 9390.62 7680.1 8196.68 7013.66 6991.49 5868.7 4751.21 4564.74 6542.61 4516.38 3988.89 3809.25 3695.55 3560.28 3318.31
threshold=922.81658137075294 9.8515653487278154 -14.774026464435314 6.1150005554654738 9.945258021411405 2240.8776945028017 13.892841840992345 22.340811096856957 630.70685400795503 545.43349376553806 31.070959217756052 636.67773481473671 -3.4787348954638291 -15.598012396202492 1371.9346988933148 34.782006052321698 702.37987645218857 -71.816752713531486 36.584458978021679 132.82888199376575 4216.2095115606344 32.936138005648466 377.6857342832638 -2.8610527664111722 1060.9136241184208 16.754797254571479 21.977450073758007 13.107146071202942 20.029568353794431 5.0019535871117542
decision_type=2 2 2 2 2 2 2 2 2 2 2 2 2 2 2 2 2 2 2 2 2 2 2 2 2 2 2 2 2 2
left_child=1 2 9 7 5 8 13 22 -2 28 -5 12 -9 -3 29 -15 17 -12 -17 -14 24 -19 23 -4 -7 -8 -16 -6 -1 -10
right_child=4 6 3 10 27 20 25 11 14 -11 16 -13 19 15 26 18 -18 21 -20 -21 -22 -23 -24 -25 -26 -27 -28 -29 -30 -31
leaf_value=0.0947444459370968 0.11670773498219154 0.10574633189678365 0.018218988222648249 0.033561225989025716 0.09621374888521747 0.1169565192275714 0.088306080955608823 -0.034930182317067508 0.0020881584665581724 0.1194111902604461 0.00157039520646366 -0.027338141232771614 -0.069236590819550525 0.098153856975499124 0.075641286646951897 0.013808245014885867 0.0041269912970044098 -0.041763258383505919 0.045195754047552592 -0.053863494039344165 0.10681673513155943 -0.019468170691080231 0.01127320524228944 -0.031156021946672094 0.0700921452880853 0.12129195211426394 0.036155281651328364 0.12251193969168013 0.023197930761327742 0.027635804054789815
leaf_weight=7527.0055754035711 45286.85932148993 22281.366203173995 32871.073881536722 79423.164230778813 103987.86003254354 23588.877955719829 83986.039845585823 186398.08647097647 138325.53886431456 33860.681851491332 88700.988397911191 142603.2505081594 672921.71091844141 20166.523298025131 27955.811442822218 162310.74363094568 103955.6164944768 220836.973089993 126814.91593888402 527920.10112121701 93996.297826975584 168526.96398611367 53179.206908717752 146201.8843446523 160357.35853420198 65058.793277278543 193809.20595178008 109917.5386659503 91547.947202414274 80387.329037606716
leaf_count=33502 252006 110761 133453 339348 557911 123879 437123 773576 561053 191255 360858 581856 3016935 100279 132876 670120 420746 917255 566619 2306463 506017 679006 215292 596194 793505 370992 850740 621280 382962 336618
internal_value=0.000214596 -0.02093 -0.0356672 -0.0404625 0.0659033 0.0536287 0.0574591 -0.0503903 0.0348267 0.0517559 -0.0140147 -0.0558462 -0.0587767 0.0371209 0.0264083 0.0321772 -0.0205069 -0.0258636 0.0275753 -0.0624782 0.0864893 -0.0321134 -0.0144528 -0.0220926 0.0761019 0.102705 0.0411329 0.109727 0.0286335 0.0114781
internal_weight=4.01471e+06 3.03709e+06 2.55647e+06 2.42354e+06 977613 763707 480618 1.7621e+06 485765 132936 661444 1.52984e+06 1.38724e+06 331574 440478 309292 582021 478065 289126 1.20084e+06 277943 389364 232252 179073 183946 149045 221765 213905 99075 218713
internal_count=17940480 13204595 10948701 10340982 4735885 3556694 2255894 7623769 2133293 607719 2717213 6678830 6096974 1447779 1881287 1337018 2377865 1957119 1236739 5323398 1423401 1596261 944939 729647 917384 808115 983616 1179191 416464 897671
is_linear=0
shrinkage=0.1


Tree=9
num_leaves=31
num_cat=0
split_feature=3 2 1 2 2 0 3 4 2 1 3 0 3 1 0 2 0 2 3 4 4 2 3 3 3 4 3 4 4 0
split_gain=466267 292195 84259.9 62700.5 47854.4 45030.3 38669.6 27903.9 23735.3 15453.2 12612.1 11493.6 10921.1 13858.9 8119.85 8032.5 7424.32 6571.55 6010.8 6417.65 5923.69 5881.94 5591.18 5004.64 3973.42 3722.34 3706.66 4571.35 3640.58 3034.23
threshold=941.69637925329585 8.6016056943518198 -17.456359810171381 12.934875713431049 8.7567793165542813 21.847790789932738 2303.6693137654747 501.37446100584208 5.4698936764227559 -16.480711832406175 577.86027880037307 33.568994546941013 636.67773481473671 -4.1360316625940898 36.027755647397903 16.011183051989132 22.221218044746902 12.284303239033681 143.0473493605416 -63.181071533998796 1135.1177847521394 5.6603551494812665 173.19959286864449 4445.089928986702 165.49064128381718 -55.212106062730221 2440.5783312817944 1033.9460074203416 1074.7617725293278 24.615382506179134
decision_type=2 2 2 2 2 2 2 2 2 2 2 2 2 2 2 2 2 2 2 2 2 2 2 2 2 2 2 2 2 2
left_child=1 2 10 9 6 21 7 -2 12 -3 -1 -11 13 -7 24 -5 -9 26 19 -10 -18 -4 -15 28 25 -13 27 -6 -8 -24
right_child=4 3 5 15 17 8 23 16 18 11 -12 14 -14 22 -16 -17 20 -19 -20 -21 -22 -23 29 -25 -26 -27 -28 -29 -30 -31
leaf_value=0.037159579686192351 0.12499567054607158 0.096530337747789102 -0.010181535536399102 0.07167748917666171 0.11899293320706235 -0.028012590288718955 0.11215756630656393 0.057888324721460264 -0.010397967913752932 0.073389379853444237 0.12118157653508353 0.016562324548237025 -0.024426402282836983 -0.063158559679371132 0.032118276367387309 0.11366718062760013 0.0095712186263030262 0.11596517512328824 -0.01529826948061554 -0.044520531228492477 0.036693182597750444 0.022053191484752686 -0.033115975289876413 0.10273208191772443 0.015386505103189714 -0.017966142786225752 0.10601433522250875 0.059627939602689722 0.065744480438466951 -0.053257700159792948
leaf_weight=58447.354165881872 29387.14146246016 25173.704107642174 169813.54756620526 114249.16496166587 16050.922393485904 182094.90541452169 19153.739033147693 56367.608149111271 73019.947210744023 32335.752076908946 25729.447132840753 42851.097120076418 142004.33308421075 709687.86213472486 130112.12811204791 75773.617990210652 235568.7011860162 121457.48040650785 257772.7822214365 224818.74677847326 122355.50376543403 84913.064294487238 97101.766765758395 72901.02273543179 122824.7227704823 115047.79955899715 47420.462747722864 67605.913537696004 143635.09521080554 325527.91010457277
leaf_count=255193 183796 129478 690080 587074 92121 753306 105320 260481 298629 161101 158424 177129 580814 3254919 565057 459533 972897 730945 1062144 951456 546391 355031 420108 413682 503934 463430 280705 342962 735281 1449059
internal_value=0.000230392 -0.0189102 -0.0354001 0.0399727 0.0620392 -0.0390484 0.0482232 0.0308344 -0.0440634 0.0203156 0.0628417 0.0159863 -0.0507718 -0.0536181 0.0114683 0.0884213 0.0241552 0.0992071 -0.0264786 -0.0361548 0.0188428 0.000563904 -0.0577359 0.0809569 0.00189721 -0.0085957 0.0836788 0.0710181 0.0712054 -0.04863
internal_weight=3.9412e+06 3.0093e+06 2.35093e+06 658368 931904 2.26675e+06 679369 443679 2.01203e+06 468345 84176.8 443171 1.45642e+06 1.31441e+06 410836 190023 414292 252535 555611 297839 357924 254727 1.13232e+06 235690 280724 157899 131077 83656.8 162789 422630
internal_count=17940480 13275899 10229163 3046736 4664581 9815546 3217848 1963565 8770435 2000129 413617 1870651 6458206 5877392 1709550 1046607 1779769 1446733 2312229 1250085 1519288 1045111 5124086 1254283 1144493 640559 715788 435083 840601 1869167
is_linear=0
shrinkage=0.1


Tree=10
num_leaves=31
num_cat=0
split_feature=3 2 2 3 2 4 1 0 1 1 2 3 0 3 2 0 2 0 2 2 4 2 0 4 1 3 1 0 0 4
split_gain=391328 215674 71589.1 59975.2 58118.9 53763.2 48214.6 24849.1 14020.3 12922.5 11348.2 10964.2 8370.49 8137.62 6996.99 6689.2 6663.64 6235.51 5982.16 5716.76 5685.21 4743.77 3915.75 3557.01 4538.94 3429.79 3237.38 2857.53 2821.81 2802.93
threshold=649.65172727283834 8.0461916830860662 10.036535320853487 1956.2039963706536 13.29359590767084 434.89797423574919 -6.9050684921334673 21.977450073758007 -4.1360316625940898 33.966979581423125 4.6365245738489369 363.07474829627193 33.007698769949847 3545.9928684411084 10.74531160023159 22.792172721023068 4.7754937517206377 24.615382506179134 16.011183051989132 13.480528331311694 980.82966990191323 6.1665836225905517 23.860670172014917 889.82410662117888 46.363680349544744 334.82373039510122 14.312631771701282 33.007698769949847 23.948928082500764 406.07248892896683
decision_type=2 2 2 2 2 2 2 2 2 2 2 2 2 2 2 2 2 2 2 2 2 2 2 2 2 2 2 2 2 2
left_child=1 6 3 5 8 -2 11 26 25 16 17 15 -10 20 29 -1 22 -9 -6 23 -5 28 -7 -4 -25 27 -8 -3 -11 -14
right_child=2 4 19 13 18 9 7 10 12 21 -12 -13 14 -15 -16 -17 -18 -19 -20 -21 -22 -23 -24 24 -26 -27 -28 -29 -30 -31
leaf_value=0.033562046149422979 0.12153212101810935 0.096118836057647275 0.12003808539759631 0.10597097115064108 0.067347511962876416 0.010517202800395725 -0.019655975810499257 -0.040377170591744671 0.05538458636776028 0.040275372437589357 -0.035618359162808762 0.048803298641431694 -0.017411046142909285 0.092261314108599335 0.020136092285980772 -0.014259739704405312 0.014282149548866164 -0.058298747150051657 0.1089276333256531 0.11420287231372146 0.052743273055681564 0.048902513266963842 -0.021719120651475535 0.060121691503565555 0.10346088962610545 0.088347473672449897 0.0068620811102845687 0.032443357162871576 0.011891771488038081 0.0033333904291125492
leaf_weight=35232.9727884233 46958.768106818199 7806.3792826980352 21407.577704906464 22744.321083903313 80225.365648567677 49943.789228513837 137524.62861393392 259743.68302048743 30713.606549173594 46493.325110837817 517652.44905072451 44029.694531202316 146431.92769263685 118902.4258017838 130364.5064881742 172242.05075852573 144469.86703647673 768687.44443798065 60841.551190018654 107058.13455712795 170435.12554611266 73097.975619077682 153468.73847720027 68774.312978848815 37256.027504444122 16774.801902160048 69203.904946446419 72513.815705701709 142012.84821628034 117318.30452856421
leaf_count=146083 312706 38327 131990 135585 429721 202970 563677 1158858 151173 206218 2242087 211838 591792 706079 561576 700956 603036 3580536 395428 688072 861610 338184 624703 357560 237234 87403 282207 319177 600934 472760
internal_value=0.00024392 -0.021111 0.0475913 0.0355881 0.0283305 0.0184302 -0.0374653 -0.0433403 0.0129379 0.0104865 -0.0476942 0.00347969 0.00510236 0.0716787 0.00118383 -0.00613874 -0.00214037 -0.0537724 0.0852808 0.0971677 0.0590101 0.0272778 -0.0138042 0.0828568 0.0753498 0.0472212 -0.0107789 0.038632 0.0188923 -0.00818375
internal_weight=3.87033e+06 2.66731e+06 1.20302e+06 968527 662990 656445 2.00432e+06 1.75281e+06 521923 609487 1.54608e+06 251505 424828 312082 394115 207475 347882 1.02843e+06 141067 234496 193179 261604 203413 127438 106030 97095 206729 80320.2 188506 263750
internal_count=17940480 11933599 6006881 4592025 3047357 2888751 8886242 7827365 2222208 2576045 6981481 1058877 1777301 1703274 1626128 847039 1430709 4739394 825149 1414856 997195 1145336 827673 726784 594794 444907 845884 357504 807152 1064552
is_linear=0
shrinkage=0.1


Tree=11
num_leaves=31
num_cat=0
split_feature=3 2 1 2 2 2 3 4 0 0 3 2 1 0 0 3 3 1 3 4 4 3 3 3 4 2 2 4 1 3
split_gain=327893 204827 66660 43437.4 39993.4 32088.1 30794.1 23706.8 17079.4 16733.4 12938.8 11256.1 8599.37 6605.05 6592.91 6276.27 5222.54 4712.92 6960.8 4604.6 4503.67 3956.92 3704.65 3660.05 3967.39 3636.58 3530.99 3401.44 3369.94 4182.24
threshold=980.12597726231331 10.036535320853487 -17.456359810171381 4.7754937517206377 9.8515653487278154 14.113900886689622 2511.7316076569218 559.04238510777816 29.746197047195064 24.283905817932972 577.86027880037307 7.2319611837354829 -11.155283990488497 34.990647870820531 20.617219779403012 119.68541860429561 1403.030168722358 -3.4787348954638291 315.29357870087284 -33.241325974374497 661.61063861525292 4703.8323839169634 119.68541860429561 150.24608999406038 -33.241325974374497 13.107146071202942 16.754797254571479 -33.241325974374497 -4.1360316625940898 256.40009276465963
decision_type=2 2 2 2 2 2 2 2 2 2 2 2 2 2 2 2 2 2 2 2 2 2 2 2 2 2 2 2 2 2
left_child=1 2 10 9 6 12 7 -2 28 17 -1 23 -3 -14 -9 19 -16 -4 -19 -11 -15 -8 27 24 -10 -6 -7 -13 -5 -30
right_child=4 5 3 8 25 26 21 14 11 15 -12 22 13 20 16 -17 -18 18 -20 -21 -22 -23 -24 -25 -26 -27 -28 -29 29 -31
leaf_value=0.033476864170573099 0.11743810938331248 0.081382312745371832 0.0030863814670778933 0.053778061322832617 0.083581885233059983 0.076640986003708361 0.067163290067680945 0.067501834335280134 -0.017691235949540533 -0.040060919597638217 0.11634743686210006 0.0033829413826521717 0.087597405710155007 0.013381925010712233 0.0082372907514924217 -0.039918893587988537 0.031022505975190458 -0.037714666887970996 -0.0074574783535826293 -0.061639573350957648 0.042016508270190815 0.097329899196257855 0.0023272706208032614 -0.020048176361737564 -0.045526277759281725 0.11244137903370446 0.11104406313369149 -0.025274598158290796 -0.0032233074261870027 0.03395069266286508
leaf_weight=62714.192525371909 29000.64760799706 30847.340476438403 56584.943041563034 21864.907448545098 88816.225734725595 66465.264169931412 141884.51315222681 32377.823653161526 71008.939511299133 136184.71705473959 26931.266942739487 58968.838566109538 16255.869339764118 184400.69339334965 185258.16247986257 507090.72643193603 220119.28057359159 237390.54347985983 111860.31930193305 361078.18349722028 78228.682353615761 62694.579457551241 209575.21912890673 215175.54407605529 183614.43492497504 85885.849755749106 54129.756877407432 139155.50602690876 77577.954108178616 49622.858138337731
leaf_count=283374 207615 168972 233636 94978 554960 399352 808750 167086 301165 609065 189323 239879 91179 804448 767668 2279606 1018847 1044333 467696 1765593 357790 400143 856057 914397 826404 599071 379838 570693 324911 213651
internal_value=0.000254633 -0.0154528 -0.0263155 -0.0294311 0.055149 0.0483206 0.0440577 0.0298786 -0.0137826 -0.0408226 0.0583728 -0.0190989 0.0312816 0.02574 0.0240779 -0.047747 0.0206096 -0.0236861 -0.0280237 -0.0557299 0.0219112 0.076408 -0.00694107 -0.0296497 -0.0377637 0.0977696 0.092083 -0.0167451 0.0175126 0.0112788
internal_weight=3.80276e+06 2.95673e+06 2.5264e+06 2.43675e+06 846037 430328 671335 466756 1.02656e+06 1.41019e+06 89645.5 877498 309733 278885 437755 1.00435e+06 405377 405836 349251 497263 262629 204579 407700 469799 254623 174702 120595 198124 149066 127201
internal_count=17940480 13416340 11214761 10742064 4524140 2201579 3370109 2161216 4342135 6399929 472697 3708595 1422389 1253417 1953601 4654264 1786515 1745665 1512029 2374658 1162238 1208893 1666629 2041966 1127569 1154031 779190 810572 633540 538562
is_linear=0
shrinkage=0.1


Tree=12
num_leaves=31
num_cat=0
split_feature=3 2 2 3 4 2 1 2 1 0 1 3 0 1 3 2 0 2 4 0 2 3 0 2 0 1 3 3 4 4
split_gain=275501 150348 57998.6 45613.2 44570 42943.5 27410.7 20017.5 14223.2 14088.1 9917.01 7719.56 7431.21 6291.51 5694.3 5331.88 4623.25 4563.46 4530.82 4516.84 4408.75 4192.12 4164.33 3599.7 3418.03 3390.19 2861.15 2767.82 3362.6 2644.06
threshold=662.10270570646253 10.74531160023159 10.523478786037073 2181.1746877619994 417.71154226664004 6.3816114346572617 -6.4271140978511605 14.834442903234569 -6.4271140978511605 22.570899483522975 34.795307048756221 469.37270600286041 18.141090270193004 -4.4938907030895745 4028.0905606669689 6.4370933105780184 35.654073688781502 6.0137266707058066 1033.9460074203416 23.683856090664765 13.892841840992345 211.56404046551918 23.208685659508266 8.1796421323708426 31.324432529017948 -1.1936524127938646 401.32273660984703 1814.3256476213726 911.35299822830564 559.04238510777816
decision_type=2 2 2 2 2 2 2 2 2 2 2 2 2 2 2 2 2 2 2 2 2 2 2 2 2 2 2 2 2 2
left_child=1 5 3 4 -2 6 11 13 24 -8 15 19 -10 -3 18 22 -15 -12 -5 -1 27 25 -6 -14 -7 -11 -26 28 -4 -18
right_child=2 7 20 14 10 8 9 -9 12 21 17 -13 23 16 -16 -17 29 -19 -20 -21 -22 -23 -24 -25 26 -27 -28 -29 -30 -31
leaf_value=0.019766220813379906 0.11731416987085247 0.068105715991626181 0.11513882350415601 0.10261771006679853 0.019272725548912576 0.080425416195785332 -0.016445124883875766 0.092875994939499384 0.027587332758333884 -0.033483654279571382 0.017432540725423485 0.062364320229506526 -0.022194567872748077 0.093879052939931165 0.08875291375435676 0.020926567854556776 0.012559043364104398 0.045328259583619995 0.051139291026543701 -0.015618409643078996 0.10974964323335486 -0.035551349297929892 -0.012281173151560548 -0.0056225602261645823 0.016688848743643611 -0.05094694056468925 0.072383019341368995 0.098503593164761288 0.053867451609125885 0.038808250801121949
leaf_weight=46996.987544104457 42533.591776654124 43154.582117244601 10949.591984853148 19323.032250508666 51635.295092716813 12511.627839595079 217519.19972242415 77611.495990753174 46857.213378041983 132516.88816608489 191603.47487543523 17213.344259992242 264353.75937867165 9379.8046735823154 85702.747592389584 97947.288399249315 109632.25122042 84508.563205122948 148429.05854515731 155228.13153326511 83419.326301798224 390562.60674640536 220148.55301767588 259977.57349075377 68561.247040703893 689960.14601098001 10657.918555915356 41855.503408074379 49218.301206871867 59039.408041283488
leaf_count=195092 330955 227807 75687 127344 213368 61395 900612 550271 214942 613474 848820 99317 1113118 53895 575521 424313 498874 417691 827606 641757 621461 1789872 897582 1050260 290015 3369859 58090 300668 275654 275160
internal_value=0.000262276 -0.0175711 0.0415797 0.0315147 0.0181612 -0.0261951 -0.034832 0.0491804 -0.00469797 -0.03988 0.0116312 -0.00192293 -0.0105679 0.0338496 0.0677825 0.000922754 0.0255469 0.0259705 0.057069 -0.00739504 0.0926979 -0.0440823 -0.00628635 -0.0139777 0.0318531 -0.0481333 0.0241818 0.0787555 0.0650179 0.0217469
internal_weight=3.73901e+06 2.61173e+06 1.12727e+06 941832 688377 2.31292e+06 1.65e+06 298818 662919 1.43056e+06 645843 219438 571189 221206 253455 369731 178051 276112 167752 202225 185443 1.21304e+06 271784 524331 91730.8 822477 79219.2 102023 60167.9 168672
internal_count=17940480 12003810 5936670 4663200 3132729 10397803 7609983 1606007 2787820 6673817 2801774 936166 2378320 1055736 1530471 1535263 827929 1266511 954950 836849 1273470 5773205 1110950 2163378 409500 3983333 348105 652009 351341 774034
is_linear=0
shrinkage=0.1


Tree=13
num_leaves=31
num_cat=0
split_feature=3 2 1 2 2 3 4 0 2 3 0 1 1 3 3 2 1 3 4 0 1 3 0 3 4 4 0 2 2 4
split_gain=230369 141958 51519.9 41573.8 34498.7 25348 21164.8 19509.8 17987.5 10920.6 9036.49 8386.34 6165.95 5842.51 5393.08 5142.14 5077.6 4924.04 4525.63 4408.28 3699.62 4770.68 3551.68 3264.68 2950.12 2701.64 2385.21 2276.89 1928.69 1927.59
threshold=1001.1973609277156 11.087491810554186 -20.77091823712145 6.8768095198270904 10.630267955779233 2665.2297527702899 645.81213229753132 22.221218044746902 15.103864502823269 157.48244188808135 31.859606919311499 -1.708250534891963 -6.4271140978511605 589.46563126334479 177.3140232129862 5.3300037770526041 12.392557392550527 600.92020367210091 -55.212106062730221 36.027755647397903 -3.8159846196788232 198.15139394854484 24.196338279945042 5007.8982893658294 1167.0079269894309 719.48843970258042 19.597021590686516 13.676709075330523 4.1997473784905024 1235.4783252576733
decision_type=2 2 2 2 2 2 2 2 2 2 2 2 2 2 2 2 2 2 2 2 2 2 2 2 2 2 2 2 2 2
left_child=1 2 13 7 5 6 -2 20 12 11 -5 -9 -3 -1 18 22 -11 -18 -12 -14 -4 -22 -8 24 -7 -21 -17 -6 -13 -28
right_child=4 8 3 10 27 23 15 9 -10 16 14 28 19 -15 -16 26 17 -19 -20 25 21 -23 -24 -25 -26 -27 29 -29 -30 -31
leaf_value=0.04657864399033125 0.10382612440778044 0.076310947845481522 0.024336619992004885 0.035830090528608249 0.082518292925853109 0.10246093983804667 0.031436698545903599 -0.024606949187723506 0.093796250266303352 -0.00053958382510118621 0.0069781861849342319 -0.050557767664266444 0.09706754213406335 0.11417740741857361 0.0067316547405401389 0.072933076918217918 -0.033292911341712979 -0.014895646505363803 -0.019671069131173283 0.019040546125849572 -0.022302554846832568 0.0074988369210639786 0.00629094093716304 0.092759357548408986 0.05690623050596582 0.04640915563549694 0.018859790252743567 0.10913806009193167 -0.038914573109156816 0.042120777099710176
leaf_weight=26591.260392963886 33412.464349783957 35234.988117173314 39013.483289584517 62525.035877391696 64340.433819457889 16317.350232854486 77358.55989779532 226796.26209397614 78427.693005211651 77163.972266465425 86530.400907248259 452480.94887642562 9477.051839850843 24626.579642742872 255245.73625193536 15487.170986384153 470607.68746587634 210583.87746347487 241789.60554163158 123448.3811814785 121281.60470828414 96422.742660209537 205074.00148509443 50891.84818173945 110380.41246193647 50955.896105982363 64888.392891585827 64186.339455500245 207522.07072223723 78996.383757844567
leaf_count=139528 256819 204752 163064 300639 458930 110765 355310 1000922 602541 313741 357532 2282857 58732 199926 1060453 92077 2194783 875802 999331 582879 502196 395255 901977 367275 687971 264432 283825 522266 991804 412096
internal_value=0.000267907 -0.0127298 -0.0202199 -0.022216 0.0484558 0.0391321 0.0270861 -0.029661 0.0526991 -0.033662 -0.000300161 -0.0411963 0.0379893 0.0790815 -0.00417127 0.0212825 -0.0248516 -0.0276056 -0.0126475 0.0306462 -0.00402144 -0.00910331 0.0131784 0.0713663 0.0627732 0.0270369 0.0356443 0.0958122 -0.0468968 0.0316307
internal_weight=3.67806e+06 2.89673e+06 2.59918e+06 2.54796e+06 781333 652807 475217 1.90187e+06 297544 1.64515e+06 646091 886799 219116 51217.8 583566 441805 758356 681192 328320 183881 256718 217704 282433 177590 126698 174404 159372 128527 660003 143885
internal_count=17940480 13491169 11777833 11438379 4449311 3468115 2302104 8720424 1713336 7659909 2717955 4275583 1110795 339454 2417316 2045285 3384326 3070585 1356863 906043 1060515 897451 1257287 1166011 798736 847311 787998 981196 3274661 695921
is_linear=0
shrinkage=0.1


Tree=14
num_leaves=31
num_cat=0
split_feature=3 2 2 1 3 4 2 2 3 0 0 3 1 0 2 3 2 0 0 4 0 0 0 2 3 4 1 1 0 2
split_gain=192550 109727 42548.3 32003.8 31033.8 30631.9 28608.8 20097.3 9919.53 9262.93 8592.05 6499.69 6421.25 5344.65 4288.47 4257.62 3774.65 3736.82 3693.57 3615.35 3341.91 3288.71 3055.44 2630.03 2550.75 2789.84 2087.7 1984.64 1919.74 1898.52
threshold=757.51609743246433 9.2306517027016834 10.630267955779233 -9.9703768871649565 2374.0093638466578 458.55214401861076 13.892841840992345 4.243605939302987 535.44531550929253 24.615382506179134 20.430679197560071 1340.5063390694556 -16.480711832406175 34.194193071944618 17.171740496611907 4703.8323839169634 14.338495085845404 32.35093261105304 36.584458978021679 1089.1451155865386 20.430679197560071 21.107925458486875 20.029568353794431 6.8768095198270904 2181.1746877619994 980.82966990191323 19.199374206394374 -2.2756758024766834 31.927371742355749 6.8768095198270904
decision_type=2 2 2 2 2 2 2 2 2 2 2 2 2 2 2 2 2 2 2 2 2 2 2 2 2 2 2 2 2 2
left_child=1 3 4 8 5 -2 12 9 20 -5 -9 21 -3 -14 -8 19 24 26 -15 -6 -1 -7 -13 -23 25 -4 27 -12 -22 -24
right_child=2 6 16 7 15 11 14 10 -10 -11 17 22 13 18 -16 -17 -18 -19 -20 -21 28 23 29 -25 -26 -27 -28 -29 -30 -31
leaf_value=0.055759753621034261 0.11306014190317584 0.077527312260181586 0.11085648098614607 -0.023158179283481749 0.097933268457569445 0.036922986258116096 0.062097882326912102 0.007367690184587228 0.090515254207109708 -0.042913643979488353 -0.011938942894769954 0.069315065246381799 0.063762472111869958 0.0038730950513235505 0.10537402165885457 0.086986371031800652 0.1072918016422811 -0.010130639142012435 0.026114465733435815 0.048980263893915715 -0.00020165387207070953 -0.0036803794007044324 0.017958119227266985 0.018425161029881797 0.097535567642694637 0.051446756586803755 -0.012360973731221039 -0.03098729410940006 0.028279447833074574 0.040159590137760104
leaf_weight=13865.727753117681 32359.251734137535 16834.993891045451 9561.3640575110912 356446.5875466615 17002.073922783136 28120.85289093852 65349.1688176319 133213.55699913204 16093.028301849961 710294.55547712743 64609.60823173821 14968.183608643711 20604.90994527936 223803.39631466568 35250.016610100865 55039.833411172032 60148.304930113256 253369.19075991213 112047.95636957884 133913.51403291523 138413.37860049307 242911.70533975959 180862.06349806488 69141.455109700561 31153.294541582465 45608.680900767446 105951.38464428484 356532.70372925699 28547.384118765593 48939.207409754395
leaf_count=65477 296066 105234 77852 1617962 124922 135272 444171 555686 126774 3538959 278697 91898 124544 927800 304795 421473 525759 1039617 537622 828476 575434 988318 832226 305326 258507 298798 459271 1671815 121399 260330
internal_value=0.000270953 -0.0136755 0.0384002 -0.0231664 0.0295649 0.0183502 0.0299317 -0.0269894 0.0152814 -0.0363124 -0.0161045 0.0131108 0.0171766 0.0143263 0.0772619 0.0631783 0.0880603 -0.0201109 0.0112933 0.0544953 0.00858581 0.00416916 0.0255377 0.00121753 0.0746601 0.0617429 -0.0249083 -0.028065 0.00466812 0.0226862
internal_weight=3.62096e+06 2.65123e+06 969730 2.17734e+06 823258 617303 473890 1.98042e+06 196920 1.06674e+06 913676 584943 373291 356456 100599 205955 146472 780463 335851 150916 180826 340174 244769 312053 86323.3 55170 527094 421142 166961 229801
internal_count=17940480 12495257 5445223 10051091 4284307 2909436 2444166 9162007 889084 5156921 4005086 2613370 1695200 1589966 748966 1374871 1160916 3449400 1465422 953398 762310 1428916 1184454 1293644 635157 376650 2409783 1950512 696833 1092556
is_linear=0
shrinkage=0.1


Tree=15
num_leaves=31
num_cat=0
split_feature=3 2 2 1 1 2 1 2 1 2 0 1 2 0 2 1 0 0 4 0 0 4 3 0 0 2 4 4 3 3
split_gain=161839 83396.9 46700.7 39311 35386.3 27987.6 12932.9 12745.8 12386.1 7074.71 6773.83 6110.69 5235.82 5207.52 4475.98 4077.2 3867.29 3405.94 3380.17 3132.98 3069.78 2919.85 3490.3 2753.6 2617.23 2484.81 2382.84 2116.11 2072.81 1890.63
threshold=612.20773124525806 11.329859153077166 10.74531160023159 24.713568170365139 45.6575861244227 5.0913616819543295 -3.4787348954638291 15.396901833852572 -4.1360316625940898 6.7164708487808076 24.371900697761756 62.959574991684853 7.8563717926287895 23.496601076935573 14.338495085845404 -3.4787348954638291 19.810583307491363 23.948928082500764 933.43672006714291 30.038337714898066 36.30051220142613 879.4907527278732 2009.2074873271529 32.793655337245497 31.661237580655605 5.5656176318201203 -572.39861283589642 292.54893774549402 136.27781546195203 177.3140232129862
decision_type=2 2 2 2 2 2 2 2 2 2 2 2 2 2 2 2 2 2 2 2 2 2 2 2 2 2 2 2 2 2
left_child=1 5 3 -2 9 8 16 15 17 13 28 25 19 -5 21 -3 -7 -1 -15 -8 -17 -4 -23 -14 -11 -6 -18 -12 -10 -19
right_child=2 7 14 4 11 6 12 -9 10 24 27 -13 23 18 -16 20 26 29 -20 -21 -22 22 -24 -25 -26 -27 -28 -29 -30 -31
leaf_value=0.012560263649491088 0.11345620666487025 0.060935019703169828 0.1104088249219827 0.021438574482856253 0.032237199734937341 0.05348462426674943 -0.0006867635502534967 0.088013046780479831 -0.02888145202806422 0.061206578892346056 -0.044323429278608772 0.076400574387911743 0.028684200105839615 -0.011759235624213576 0.10371929974118942 0.091955821536067572 0.040540704699944342 -0.0231930143140286 0.0066847315880303824 -0.023436970086028974 0.019795357214589908 0.046125645882370933 0.090591201427625417 -0.0057100380701086513 0.020998478658813872 0.058029877193529256 0.0060513033663938164 -0.033587152484092518 -0.012549982463454318 -0.00061136996242601752
leaf_weight=58641.068508647382 46441.174905180931 36424.774672165513 14396.612160034478 105035.00775066018 102447.88694596291 25238.992321223021 72447.258745148778 51771.016289830208 179618.15527826548 18186.182248659432 392572.38162200153 73690.675589852035 25146.487176865339 223655.77226755023 62081.102278321981 6183.7497867941856 23615.831034727395 108785.14172853529 178800.6130194813 368055.95196063817 126396.49081775546 51367.811197847128 26895.733106553555 313123.34589439631 147399.55648523569 58781.864045873284 132000.12290311605 344844.38459970057 136986.06895415485 56246.175012663007
leaf_count=249296 445216 214787 123998 465381 590980 123364 297043 456860 827440 108262 2088482 581570 129985 930303 581349 41243 124414 474208 776476 1659335 630653 323983 237057 1275738 678154 382812 552787 1718878 605861 244565
internal_value=0.000272652 -0.0140352 0.0319808 0.0237187 0.019129 -0.0198213 -0.00691563 0.0446007 -0.0295143 0.00746615 -0.0340499 0.0525444 -0.0125101 0.00160991 0.0829411 0.0313023 0.0171744 -0.0081409 -0.00356507 -0.0196954 0.023161 0.06902 0.0614065 -0.00315322 0.0254145 0.0416408 0.0112853 -0.0393027 -0.0218153 -0.0154967
internal_weight=3.56728e+06 2.4581e+06 1.10918e+06 954439 907998 2.23732e+06 959628 220776 1.27769e+06 673077 1.05402e+06 234920 778773 507491 154741 169005 180855 223672 402456 440503 132580 92660.2 78263.5 338270 165586 161230 155616 737417 316604 165031
internal_count=17940480 11714939 6225541 4959154 4513938 10371396 4162666 1343543 6208730 2958576 5240661 1555362 3362101 2172160 1266387 886683 800565 968069 1706779 1956378 671896 685038 561040 1405723 786416 973792 677201 3807360 1433301 718773
is_linear=0
shrinkage=0.1


Tree=16
num_leaves=31
num_cat=0
split_feature=3 2 1 2 2 3 2 1 3 0 1 0 2 1 3 0 3 1 0 3 1 0 2 4 1 0 3 4 4 4
split_gain=136907 84974.3 39651.4 27863.2 24708 13278.4 13015.4 11841.5 10227.6 9149.95 8173.46 5535.53 4824.39 4807.79 4661.35 3730.14 3688.11 3444.55 3377.98 3242.4 3220.15 2854.52 2722.44 2595.66 2954.42 2273.42 2084.93 1879.73 1729.74 1678.06
threshold=1154.1376967953631 11.593731035003005 -22.114843219535548 4.4581090559627041 8.532103763166683 2954.5435423784297 15.690408620695079 33.966979581423125 177.3140232129862 24.774077930464809 -0.94349144580529909 19.350831687142328 12.593783445256088 -9.3883087281718716 261.96666534500577 22.792172721023068 189.82323652009231 -1.708250534891963 36.584458978021679 600.92020367210091 -2.5842875020572205 32.570356774293394 7.7936563889457267 1135.1177847521394 52.568283195336228 20.239150505828892 5842.1599535544638 1273.2812076719067 1183.4708388798001 630.70685400795503
decision_type=2 2 2 2 2 2 2 2 2 2 2 2 2 2 2 2 2 2 2 2 2 2 2 2 2 2 2 2 2 2
left_child=1 2 19 9 5 7 13 -2 10 16 25 -10 23 -3 20 -9 17 -4 -15 -1 -11 -13 -12 -6 -25 -5 27 -7 -17 -20
right_child=4 6 3 8 12 26 -8 15 11 14 22 21 -14 18 -16 28 -18 -19 29 -21 -22 -23 -24 24 -26 -27 -28 -29 -30 -31
leaf_value=0.050930867675578965 0.1116722888199726 0.078791064255516005 -0.0028101072697511212 0.030600592691311098 0.10304732252570828 0.090496766846777849 0.09066335631213579 0.042400688992495827 0.035157853073114448 -0.023198257610949419 -0.026163302693119447 -0.0048058649141522339 0.099871037419569222 0.094981034840933565 -0.022181531842643668 0.0065659619746730085 -0.0044636448563494689 -0.029202854041896723 0.01805104172144887 0.11077651058999555 -0.04166325248011641 0.0098167360734052831 -0.011036485237508048 0.042860278713835541 0.083797011385882539 -0.0005554723032280966 0.086589989897673664 0.048138510831029796 0.022143398419072959 0.039862233130414995
leaf_weight=14859.227607570589 14121.45047993958 22448.571271397173 66683.990009054542 26955.598279967904 14098.917089082301 12158.475246764719 55901.593972444534 53749.973427347839 53768.774439662695 122085.06548826396 300551.98410636187 308442.41333587468 59834.989606790245 7473.556367777288 315631.58325314522 155703.02709335089 207063.04424361885 191332.47777248919 95449.652859911323 23169.603402502835 417153.06360976398 235376.96250733733 196937.27802555263 52967.119045868516 26425.147619396448 178578.14934717119 25270.82361458987 75735.977615132928 131474.27078777552 55949.730094686151
leaf_count=92394 151749 157947 288014 122570 128673 92708 541482 294734 264654 545651 1400130 1332649 600051 55226 1438744 675222 898799 918144 496236 242139 2262438 1007312 822061 341913 231385 761055 216729 544123 682677 332871
internal_value=0.000271699 -0.00886849 -0.0139854 -0.0154566 0.0428567 0.0314471 0.0484778 0.0219396 -0.00506882 -0.0256922 -0.0132446 0.00454945 0.0776982 0.035472 -0.0318333 0.0182228 -0.0144042 -0.0223817 0.0293511 0.0873927 -0.0374827 0.00152312 -0.0201752 0.0635075 0.0564858 0.00353062 0.061276 0.0539979 0.0136976 0.0261114
internal_weight=3.51735e+06 2.89581e+06 2.65859e+06 2.62056e+06 621540 468214 237223 355049 1.30061e+06 1.31995e+06 703023 597588 153326 181322 854870 340927 465080 258016 158873 38028.8 539238 543819 497489 93491.2 79392.3 205534 113165 87894.5 287177 151399
internal_count=17940480 13980516 12396754 12062221 3959964 2657942 1583762 1804382 5710431 6351790 3105816 2604615 1302022 1042280 4246833 1652633 2104957 1206158 884333 334533 2808089 2339961 2222191 701971 573298 883625 853560 636831 1357899 829107
is_linear=0
shrinkage=0.1


Tree=17
num_leaves=31
num_cat=0
split_feature=3 2 1 2 2 2 3 4 3 0 1 1 0 0 2 2 3 3 3 0 1 0 3 4 4 3 4 2 4 0
split_gain=114349 69930.9 29308.9 24249.6 18485.6 17810.4 14968.8 14160.7 7372.24 7326.17 5507.59 5437.59 5002.75 4020.32 3650.38 3638.54 3271.2 3174.08 2828.45 2610.49 2526.87 2481.55 2231.83 2212.76 2142.19 1974.59 2480.71 1940.32 1745.75 1736.18
threshold=1086.2482510692814 10.316980085202148 -22.114843219535548 10.848873438160426 4.1997473784905024 14.338495085845404 2954.5435423784297 593.56588806917841 129.42059852608972 24.924878905327411 -0.46622171784624905 -18.49916639735395 29.160557926962959 35.301729442701308 6.1665836225905517 17.171740496611907 185.57019628276979 600.92020367210091 104.86723648953695 23.948928082500764 -0.70650697337494373 32.136637809059344 5381.7421189088773 -12.893947938140483 1200.884488396209 161.44460033077067 -55.212106062730221 14.57672619717051 1020.9048671056402 29.160557926962959
decision_type=2 2 2 2 2 2 2 2 2 2 2 2 2 2 2 2 2 2 2 2 2 2 2 2 2 2 2 2 2 2
left_child=1 2 17 6 9 11 7 -2 10 18 29 -3 -10 -13 19 -7 23 -1 20 -9 -4 -14 24 -11 -8 26 -15 -5 -16 -6
right_child=3 5 4 27 8 15 22 14 12 16 -12 13 21 25 28 -17 -18 -19 -20 -21 -22 -23 -24 -25 -26 -27 -28 -29 -30 -31
leaf_value=0.044847210294176071 0.10590092668122818 0.091469935675881839 -0.0066450534337306735 0.074572679392999816 0.020902746344767929 0.056989999086455134 0.096006038061793267 0.028489407544789021 0.020871182990203629 -0.025283923889305612 -0.021691139367111343 0.073134290269110197 -0.0095033372094603108 0.028605092120899761 0.06783125063950747 0.099949955009560235 -0.022996715091229549 0.1089019093448528 -0.0074334515028603946 0.0065170113500081523 -0.030856008750244288 0.0041512807467047356 0.082677741542695041 -0.041017615248320372 0.047312053613894262 0.024705426134385366 -0.0019418004283044323 0.104706030600572 0.028445055899845265 -0.0051551321179569782
leaf_weight=13556.860621109605 19086.978728249669 10484.868626371026 62835.309286400676 52235.904619708657 30472.103533610702 49813.867810077965 10170.869518563151 71359.538508281112 101743.59334944189 128793.63610309362 396606.95003978908 12587.077219203115 293561.00009316206 37175.521978020668 12595.328847296536 32628.773610882461 338253.16220544279 18017.123940266669 259493.42966341972 223188.89569845796 137308.44681207836 243489.64286981523 34315.1481885463 292141.96705663204 80868.446058697999 115659.35646747798 93324.326791241765 36161.846560440958 105645.8035838604 158915.65364924073
leaf_count=86231 213972 84554 282278 484443 132646 410792 88964 359873 455832 616368 1809200 92663 1305105 184302 90870 351564 1584435 207871 1152792 1030612 677334 1014749 315404 1636929 604442 583963 419683 405408 573399 683802
internal_value=0.000269859 -0.00840245 -0.014331 0.0382413 -0.0155679 0.0333245 0.0305222 0.0216921 -0.00689151 -0.0242868 -0.0149918 0.0208713 0.000539288 0.0180105 0.0177984 0.0739925 -0.0303193 0.0813989 -0.0143227 0.0118402 -0.023255 -0.00331257 0.0609441 -0.0362036 0.0527521 0.0151918 0.0067601 0.0868997 0.0326406 -0.000962473
internal_weight=3.47249e+06 2.82686e+06 2.47519e+06 645629 2.44361e+06 351674 557231 431877 1.22479e+06 1.21883e+06 585995 269231 638794 258746 412790 82442.6 759189 31574 459637 294548 200144 537051 125354 420936 91039.3 246159 130500 88397.8 118241 189388
internal_count=17940480 13773093 11645572 4167387 11351470 2127521 3277536 2268726 5401334 5950136 2625648 1365165 2775686 1280611 2054754 762356 3837732 294102 2112404 1390485 959612 2319854 1008810 2253297 693406 1187948 603985 889851 664269 816448
is_linear=0
shrinkage=0.1


Tree=18
num_leaves=31
num_cat=0
split_feature=3 2 4 4 2 0 1 2 0 1 2 1 0 0 1 4 1 0 0 0 0 4 3 3 2 0 3 3 0 3
split_gain=96121.1 46555 39670.6 37861.3 17887.5 11630.4 10280.9 9047.02 8607.78 6910.06 6619.91 5081.21 4902.69 3281.61 3154.98 3151.31 2948.9 2880.02 2568.76 2489.82 2241.9 2119.13 1956.66 1930.11 1734.17 1385.72 1255.47 1187.86 1067.87 1058.88
threshold=567.52372996977067 11.725724334808499 389.36566262676121 1503.4839406109334 6.271651581927272 20.788547687530251 -2.8610527664111722 16.355304853264457 36.584458978021679 -2.8610527664111722 11.86668216735802 37.861195034078456 23.590208450571733 32.136637809059344 40.356308236426401 2095.1709917253938 -3.1567120615705071 22.90449163144104 17.334047872401989 18.475358640268201 36.584458978021679 261.77885243529948 91.277498609007651 161.44460033077067 15.103864502823269 23.860670172014917 104.86723648953695 261.96666534500577 23.308195944579243 804.23418374072173
decision_type=2 2 2 2 2 2 2 2 2 2 2 2 2 2 2 2 2 2 2 2 2 2 2 2 2 2 2 2 2 2
left_child=1 4 -2 5 6 14 17 16 11 19 15 13 26 29 -4 28 -3 -1 -11 -6 -18 -14 -20 -19 -10 -13 -8 -21 -5 -7
right_child=2 7 3 10 9 8 12 -9 24 18 -12 25 21 -15 -16 -17 20 23 22 27 -22 -23 -24 -25 -26 -27 -28 -29 -30 -31
leaf_value=0.015846807898403988 0.10595743862200313 0.055312887049531072 0.032788112957013123 0.082304162286494925 0.055826164581204998 -0.010900116386573363 -0.020779936456890347 0.089017221143660175 0.039400838355117235 0.022877580490622787 0.094941207631077343 0.034517999922845648 -0.034610582409031081 0.014498383984266082 0.074849429059097736 0.076246951481767564 0.089420881721403458 -0.015822990881162687 -0.015082926084093125 0.0084508561628136893 0.017708433194268371 -0.024807464573415552 -0.0030449622299860268 0.0031664867540780401 0.085114333301983314 0.014262059225245316 -0.0069749779830371632 0.033883290950635352 0.038956795411161184 -0.00032710225323917731
leaf_weight=53914.160473436117 56887.304617516696 31600.318154878914 46046.873412340879 6052.6254852637649 14986.664851568639 152694.51162563264 132835.43983465433 29766.315143227577 32425.519643761218 27001.133249044418 45346.191291287541 41575.87977283448 420825.23350211978 120056.71990516782 29105.351804152131 35710.219616755843 4546.8134278953075 165601.40984578431 255677.30303372443 107863.4623106271 105760.91821415722 463252.45229969919 286128.7512114048 79087.029371112585 11152.883626997471 179954.38850998878 130691.02218404412 22133.361144050956 93115.650533229113 249487.9648296982
leaf_count=229928 666276 214729 242935 56843 81634 668028 597837 339048 230940 142500 523497 234377 2331213 543826 245891 347699 36326 745506 1087521 456385 587481 2373418 1196667 335550 124416 909525 564877 116078 685489 1024040
internal_value=0.000266233 -0.0112277 0.0246384 0.020202 -0.0152113 0.0114915 -0.0216045 0.0388937 0.00790392 -0.00225802 0.0618875 0.00537299 -0.0259053 -1.0278e-05 0.0490778 0.0507749 0.02838 -0.00507536 -0.00722546 0.0172305 0.0206644 -0.0294738 -0.00872566 -0.0096853 0.0511001 0.0180636 -0.0139336 0.012781 0.0416025 -0.0043413
internal_weight=3.43128e+06 2.33167e+06 1.09961e+06 1.04272e+06 2.16e+06 862500 1.44621e+06 171674 787348 713791 180225 743769 1.1476e+06 522239 75152.2 134878 141908 298603 568807 144983 110308 884078 541806 244688 43578.4 221530 263526 129997 99168.3 402182
internal_count=17940480 11436698 6503782 5837506 10259114 4223978 7178329 1177584 3735152 3080785 1613528 3379796 5867345 2235894 488826 1090031 838536 1310984 2426688 654097 623807 4704631 2284188 1081056 355356 1143902 1162714 572463 742332 1692068
is_linear=0
shrinkage=0.1


Tree=19
num_leaves=31
num_cat=0
split_feature=3 2 1 2 2 3 2 4 1 1 0 0 1 3 0 1 0 0 2 1 2 3 1 0 0 0 2 0 4 1
split_gain=80458 52401.3 30067.9 18562.8 17303 10648.3 10050.8 8909.55 9100.1 7688.2 4603.93 4240.42 3934.74 3375.13 3197.56 2973.34 2794.63 2130.43 2038.85 2015.01 1833.55 1532.04 2009.89 1457.68 1525.08 1393 1370.25 1368.46 1042.28 1034.56
threshold=1340.5063390694556 11.999802293244477 -23.58428359485033 7.1100203169760627 10.21988532284553 334.82373039510122 16.754797254571479 677.88055878638284 55.578742879479307 -2.2756758024766834 17.334047872401989 23.007190467897008 -14.774026464435314 309.01170403568148 22.102931496679634 -1.1936524127938646 36.881426695548178 23.860670172014917 5.0913616819543295 79.577020241995001 13.29359590767084 804.23418374072173 18.290952948084946 28.867433689631429 25.145245557493823 21.847790789932738 13.676709075330523 24.371900697761756 559.04238510777816 -6.4271140978511605
decision_type=2 2 2 2 2 2 2 2 2 2 2 2 2 2 2 2 2 2 2 2 2 2 2 2 2 2 2 2 2 2
left_child=1 2 -1 5 7 9 12 -2 18 17 29 -7 -3 15 -11 -12 -14 -4 27 25 -6 22 -13 24 -16 -10 -18 -9 -15 -5
right_child=4 6 3 10 20 11 -8 8 19 14 13 21 16 28 23 -17 26 -19 -20 -21 -22 -23 -24 -25 -26 -27 -28 -29 -30 -31
leaf_value=0.098844923737247459 0.10428236032015806 0.088544932586362396 0.0077848521488006143 0.071695658931724845 0.067316601303395826 0.011717287338353234 0.093556988288610698 0.025218634036280496 0.078780104661523326 -0.010763000008673475 0.0099791674175611824 0.011630442473702957 0.093921867823680116 0.034993205705101421 -0.023442584322141486 -0.0088349337970168914 0.017954585324979008 -0.011628779579910462 0.0289862011605664 0.082490157644960538 0.098551714669663101 -0.0019729181503715647 -0.015316909979990105 -0.021945315728875141 -0.034420873130137836 0.040908309020030141 0.037985622251209779 0.0061357209011008102 0.0092574905259961635 0.028275196767010315
leaf_weight=25339.466007336974 15519.502630665898 12110.403426758945 74238.026892364025 6415.3887495547533 39552.188692338765 120709.11100310087 34142.334786735475 52888.705992221832 11306.223930701613 136835.65955062211 113958.49335886538 30310.22023242712 6389.4618378058076 17024.080331161618 200225.56315894425 319523.24057793617 81967.919712223113 236935.7731961906 108097.24779146165 18969.055057696998 35807.67703191936 198441.59737272561 318767.07040767372 328583.06350450218 343838.1486274749 68889.177442699671 58539.256984531879 129816.1846216321 208099.22089765966 37936.698946632445
leaf_count=325561 190827 111743 314940 40033 392506 518370 426896 280723 102707 574584 490816 138547 57720 93946 1037820 1332184 441963 1050708 632117 197338 464093 807542 1487431 1670448 1962937 567006 462346 636406 910799 219423
internal_value=0.000261189 -0.00599978 -0.00957734 -0.010598 0.0381558 -0.0155349 0.0443285 0.0299779 0.0270209 -0.0207397 0.00337015 -0.0052484 0.0337581 0.00127003 -0.0249758 -0.00388887 0.0292414 -0.00699719 0.0181004 0.0531804 0.0821581 -0.00898876 -0.0129771 -0.0272044 -0.0303807 0.0462476 0.0263001 0.0116598 0.0112037 0.0345558
internal_weight=3.39118e+06 2.91033e+06 2.71718e+06 2.69184e+06 480846 1.98888e+06 193149 405486 389967 1.32066e+06 702957 668228 159007 658605 1.00948e+06 433482 146897 311174 290802 99164.5 75359.9 547519 349077 872647 544064 80195.4 140507 182705 225123 44352.1
internal_count=17940480 14476757 12976089 12650528 3463723 9563327 1500668 2607124 2416297 6611437 3087201 2951890 1073772 2827745 5245789 1823000 962029 1365648 1549246 867051 856599 2433520 1625978 4671205 3000757 669713 904309 917129 1004745 259456
is_linear=0
shrinkage=0.1


Tree=20
num_leaves=31
num_cat=0
split_feature=3 2 1 2 2 2 4 1 3 3 1 1 0 1 0 2 0 0 0 0 2 2 0 0 1 1 4 1 3 3
split_gain=67221.1 44683 27899.4 16689 15168.8 8275.72 7668.76 7515.11 7171.53 6014 5148.27 4434.46 3334.69 3234.05 2323.96 2196.27 2075.02 2014.09 1993.8 1835.45 1817.26 1634.53 1550.02 1522.32 1498.17 1476.28 1273.74 1235.84 1127.67 1043.91
threshold=1403.030168722358 12.439680853318842 -23.58428359485033 4.5048208429115002 10.127496958919812 16.754797254571479 685.83387317537438 58.968141470975574 251.10757112248595 377.6857342832638 -1.989972462831431 -1.708250534891963 19.078016361281769 -8.8055298770851511 24.03678571820198 7.9808886790301008 37.344157948616733 24.924878905327411 21.708022154128756 34.097656935233587 13.480528331311694 6.7164708487808076 24.534193677594974 18.475358640268201 15.729655826088102 79.577020241995001 710.9918047247312 23.87990130285328 612.20773124525806 3056.5787108045474
decision_type=2 2 2 2 2 2 2 2 2 2 2 2 2 2 2 2 2 2 2 2 2 2 2 2 2 2 2 2 2 2
left_child=1 2 28 9 6 13 -2 18 10 11 23 22 -10 -3 -11 -12 -15 -13 -8 24 29 -20 -4 -5 -14 -9 -18 -26 -1 -6
right_child=4 5 3 8 20 -7 7 25 12 14 15 17 19 16 -16 -17 26 -19 21 -21 -22 -23 -24 -25 27 -27 -28 -29 -30 -31
leaf_value=0.052233467487323659 0.10354643605723618 0.075730286626702378 0.0020381365068088625 0.03996793997510395 0.053097379965581164 0.09157090888246254 0.043812581312738567 0.046354245994766202 0.03407029758861943 0.0047999090104569467 -0.016854586217036265 -0.018748842342935983 0.023575136870741559 0.094798282127549496 -0.011814265083783436 -0.0047315635718421303 0.017705365438099811 -0.02989635518823355 0.011572425555143663 0.015194235782921129 0.097989092911719367 0.030942401587489551 -0.015416088011809459 0.0041196782354971226 -0.0065833440060440651 0.079471224429557175 0.04063796884180873 0.005267937102682735 0.1076333877485338 0.087500166693815828
leaf_weight=4490.6936698928475 13182.830155670643 16734.173242680728 75928.693214610219 12622.116663038731 24895.67930906266 32074.479134961963 28093.362887501717 56568.362962007523 42879.918576151133 115629.12778197229 369140.58838066459 260366.53665392101 28525.77732501179 4537.1957205012441 309665.87071165442 251086.53023418784 69089.939200133085 429339.33162546158 201725.80653430521 132342.24146477878 30380.404238887131 55564.357368201017 154217.59934896231 192633.60934652388 164609.57296659052 17663.965566940606 37293.713486179709 189036.95737722516 20208.534734554589 13659.470212906599
leaf_count=43697 176453 152461 324729 69978 244656 433818 200417 512088 239822 493547 1748563 1284297 131098 44769 1391056 1062600 434579 2478971 1048904 638722 430453 344059 709589 830335 716383 196084 296086 797837 300532 163897
internal_value=0.000254596 -0.00525869 -0.00824237 -0.0092003 0.0366049 0.0461611 0.0286363 0.0258903 -0.00148621 -0.0171308 -0.00740376 -0.0216773 0.00727747 0.0347515 -0.00729721 -0.0119468 0.0285692 -0.0256881 0.0185175 0.00504454 0.0796983 0.0157556 -0.00965768 0.00632415 0.00152981 0.0542346 0.0257446 -0.000248402 0.0975608 0.0652857
internal_weight=3.35419e+06 2.91245e+06 2.75272e+06 2.72802e+06 441734 159730 372799 359616 1.38288e+06 1.34515e+06 825483 919852 557394 127655 425295 620227 110921 689706 285384 514515 68935.6 257290 230146 205256 382172 74232.3 106384 353647 24699.2 38555.1
internal_count=17940480 14623469 13261756 12917527 3317011 1361713 2478005 2301552 6235338 6682189 3711476 4797586 2523862 927895 1884603 2811163 775434 3763268 1593380 2284040 839006 1392963 1034318 900313 1645318 708172 730665 1514220 344229 408553
is_linear=0
shrinkage=0.1


Tree=21
num_leaves=31
num_cat=0
split_feature=3 2 1 2 2 3 2 4 1 1 0 0 1 3 4 2 0 0 1 4 0 0 3 4 3 1 1 2 0 0
split_gain=56048.1 38179.8 25939 14698.7 13052.7 8554.19 7629.58 6771.79 6471.99 4894.97 3835.75 3658.76 2956 2773.61 2428.2 2084.08 2072.95 1858.78 1776 2206.56 1643.55 1496.92 1415.86 1197.46 1174.3 1167.83 1080.05 1046.42 1046.05 907.435
threshold=1500.2688808367009 12.593783445256088 -23.58428359485033 7.2952669116816695 10.964909268771839 251.10757112248595 17.171740496611907 685.83387317537438 61.544005805474917 -0.70650697337494373 17.334047872401989 23.007190467897008 -8.8055298770851511 401.32273660984703 -87.998012539860213 6.271651581927272 21.414089436213391 37.517579491686249 27.350033835977943 367.36103616886811 22.453777115885448 23.496601076935573 69.426942769120984 763.17907792969129 612.20773124525806 79.577020241995001 -18.49916639735395 14.338495085845404 29.038707762478257 31.261557185046694
decision_type=2 2 2 2 2 2 2 2 2 2 2 2 2 2 2 2 2 2 2 2 2 2 2 2 2 2 2 2 2 2
left_child=1 2 24 5 7 9 12 -2 15 20 -5 26 -3 14 -12 21 -11 -14 19 -13 -4 -9 -18 -19 -1 -10 -7 -6 -21 -17
right_child=4 6 3 10 27 11 -8 8 25 16 13 18 17 -15 -16 29 22 23 -20 28 -22 -23 -24 -25 -26 -27 -28 -29 -30 -31
leaf_value=0.049317810577046477 0.10409003507960629 0.074854192514215795 0.0082326622681758912 0.032438260252883259 0.070932737562862058 0.048230883292085705 0.093324519795963387 0.031243197395830865 0.046787978425351907 -0.0074340100794086372 0.01200301096662232 0.007448387910298249 0.094147178337887522 0.012619416789556515 -0.0054193141334137711 0.066354548266160676 -0.027705728828914825 0.01802303658259944 -0.0014491870901771229 -0.018587064807847515 -0.01082854970343896 0.0096806754867401999 -0.018972441780897742 0.041282834169426623 0.10680971515340143 0.077352723812396038 0.0073344521165007856 0.10031554084297123 -0.0079261234644438325 0.030027935943190649
leaf_weight=4337.2628809660673 11543.707675635815 15677.694872789085 53458.236529633403 45518.334079071879 27547.737934872508 6750.6810386031866 26822.881206572056 40568.95620393008 44247.853688053787 87275.342104896903 101943.58563854545 52611.721244871616 4118.4439569190145 190528.67435324192 371589.27178286016 7662.8987753242254 406725.61161071062 67888.476190917194 269907.50533011556 233458.01757547259 294103.37229661644 155994.51565077156 341508.99658855796 32840.197896271944 19642.092368975282 17423.096383750439 148767.58989183605 21643.102906748652 151934.55646456778 67003.817390911281
leaf_count=43918 168269 155598 225583 282423 338884 34266 395219 253137 433953 361392 460253 229351 44548 896246 1554590 74092 2271229 452533 1112009 1166926 1361725 841607 1838315 289290 320436 206993 642927 338779 695170 450819
internal_value=0.000247476 -0.00451627 -0.00714544 -0.00804644 0.0356747 -0.0123466 0.0450893 0.0287932 0.0261822 -0.0178698 0.00435577 -0.00477874 0.0343545 0.00243085 -0.00166858 0.0195336 -0.0220185 0.0282987 -0.00782982 -0.0117617 -0.00789676 0.014131 -0.0237197 0.0256063 0.0964109 0.055423 0.00910967 0.0838607 -0.0143842 0.0337561
internal_weight=3.32104e+06 2.92741e+06 2.78006e+06 2.75608e+06 393636 2.0465e+06 147348 344445 332901 1.18307e+06 709580 863430 120525 664062 473533 271230 835510 104847 707912 438004 347562 196563 748235 100729 23979.4 61671 155518 49190.8 385393 74666.7
internal_count=17940480 14833947 13496759 13132405 3106533 9938893 1337188 2428870 2260601 6058244 3193512 3880649 941969 2911089 2014843 1619655 4470936 786371 3203456 2091447 1587308 1094744 4109544 741823 364354 640946 677193 677663 1862096 524911
is_linear=0
shrinkage=0.1


Tree=22
num_leaves=31
num_cat=0
split_feature=3 2 1 2 2 4 1 2 3 0 4 0 1 1 2 3 0 3 3 2 0 2 1 0 1 2 3 0 2 3
split_gain=46832.6 29661.3 18896.8 15565.5 12581.7 9812.49 8284.73 5767.94 5074.35 3967.61 3413.83 3270.57 2293.51 2277.44 2163.93 2043.29 1876.46 1827.8 1648.41 1510.92 1425.54 1323.97 1295.25 1289.52 1216 1214.22 1146.42 966.077 923.649 886.513
threshold=1178.6518648472359 13.107146071202942 -23.58428359485033 11.457849347032829 3.9799481115211681 593.56588806917841 53.576518603142787 17.680989355593152 102.07865599152346 25.145245557493823 11.816733809986571 17.764048374588651 -13.23947561484461 -11.155283990488497 9.8515653487278154 5381.7421189088773 19.810583307491363 107.64547283376392 165.49064128381718 6.1665836225905517 38.066516733766498 14.834442903234569 22.107783203482452 31.995255191371381 -0.70650697337494373 7.9185280809848821 612.20773124525806 23.407550287941529 8.2487311272042732 2665.2297527702899
decision_type=2 2 2 2 2 2 2 2 2 2 2 2 2 2 2 2 2 2 2 2 2 2 2 2 2 2 2 2 2 2
left_child=1 2 26 5 9 -2 16 13 10 18 25 -10 -13 -3 22 19 -7 -11 24 27 -15 29 -14 -18 -4 -6 -1 -8 -12 -5
right_child=3 7 4 21 8 6 15 -9 11 17 28 12 14 20 -16 -17 23 -19 -20 -21 -22 -23 -24 -25 -26 -27 -28 -29 -30 -31
leaf_value=0.047108149029294222 0.10334698744860434 0.08029642576268034 -0.0039045487522976481 0.052874182760658486 -0.004892456902824872 0.045994404644077121 0.051041299698708104 0.094933838703646911 0.034466739616101999 -0.026864011046508918 -0.017946058213400146 0.019487144717039485 -0.0056926330706175803 0.096818220639565605 0.011834777049672372 0.067931304285526614 0.007151350285997362 -0.016230604507893112 -0.0026908224225178118 0.05528991232607882 0.026978242472713788 0.099021469424927289 0.0035792675121921764 0.022371768245222745 -0.019249460088821765 0.0096776249819846786 0.10610995006275299 0.019496309605693825 -0.0077516275461850708 0.088532399093979142
leaf_weight=4254.9405553787947 14368.098127067089 9979.6666316203773 74805.865287110209 18394.973051469773 147010.8677302748 15456.169669017196 12476.085427463055 19750.336577951908 32197.733823612332 279083.14844943583 253251.89371645451 68745.607901565731 383162.73375348747 3038.0436506420374 136587.08256904036 26019.103052780032 264368.33307355642 384184.71788661182 231611.57745724916 26954.286791674793 76921.740475807339 21426.833192523569 248302.76288075745 70510.671854704618 166773.7629738003 93621.751874417067 14568.794933516532 43764.678042024374 136928.3625042066 11227.701027072966
leaf_count=44740 237406 110651 338616 217989 664646 125852 108343 314276 201661 1626909 1247729 340872 1718788 35378 648822 318647 1289941 1902844 1040437 266115 623257 362231 1054476 446404 879421 415662 256705 350916 585890 164856
internal_value=0.000239381 -0.00495972 -0.00706499 0.0276209 -0.00777786 0.0219694 0.0194251 0.0459993 -0.00176428 -0.0157141 -0.00859129 0.00319152 0.00198814 0.0352535 0.000421865 0.0434729 0.0119284 -0.0207048 -0.0087187 0.0358236 0.0296318 0.080086 -0.00204677 0.0103561 -0.0144979 0.000776253 0.0927731 0.026494 -0.0143685 0.0663895
internal_weight=3.28975e+06 2.76478e+06 2.65509e+06 524967 2.63627e+06 473917 459549 109690 1.49981e+06 1.13646e+06 630813 868996 836798 89939.5 768053 109214 350335 663268 473191 83195.1 79959.8 51049.5 631465 334879 241580 240633 18823.7 56240.8 390180 29622.7
internal_count=17940480 14051780 12968218 3888700 12666773 3143624 2906218 1083562 6878546 5788227 2913927 3964619 3762958 769286 3422086 1044021 1862197 3529753 2258474 725374 658635 745076 2773264 1736345 1218037 1080308 301445 459259 1833619 382845
is_linear=0
shrinkage=0.1


Tree=23
num_leaves=31
num_cat=0
split_feature=2 3 4 3 2 2 1 1 3 2 0 2 2 0 0 0 1 0 0 3 0 1 0 0 4 3 4 0 0 4
split_gain=39982.2 32690.9 22806.9 12806.3 10011.3 6447.76 4885.33 4379.26 3188.94 3188.52 2951.77 2857.32 2205.92 1807.46 1641.63 1530.1 1481.31 1177.37 1161.71 1123.06 1115.7 1102.71 1079.89 1046.18 1025.83 1275.25 886.515 848.721 792.612 792.282
threshold=13.29359590767084 624.828371783742 356.28410515693571 2665.2297527702899 5.862369424514859 16.754797254571479 -5.2274766356783031 -6.4271140978511605 451.56558317776984 6.8768095198270904 23.590208450571733 6.3816114346572617 9.3168782837900768 24.196338279945042 17.764048374588651 17.334047872401989 79.577020241995001 30.821785329762921 24.03678571820198 401.32273660984703 22.792172721023068 -5.2274766356783031 14.710805724338075 28.641044231071216 808.30439320463699 1769.7122171242929 1047.3590842831516 38.26597787437229 25.564885864095469 1333.8737278021511
decision_type=2 2 2 2 2 2 2 2 2 2 2 2 2 2 2 2 2 2 2 2 2 2 2 2 2 2 2 2 2 2
left_child=1 4 -3 9 6 8 18 14 21 13 -8 16 17 -4 -6 -11 20 -9 -1 -16 -5 -2 -14 28 -10 -26 -15 -23 -12 -17
right_child=5 2 3 11 7 -7 10 12 24 15 23 -13 22 26 19 29 -18 -19 -20 -21 -22 27 -24 -25 25 -27 -28 -29 -30 -31
leaf_value=0.011699673394848245 0.055285667473257763 0.10568610810562291 0.012256310185527391 0.051105176997172055 0.061911535509371778 0.090714916715070884 -0.0074866392522864901 0.0057996183313391673 0.10308799163557858 0.052579022709661971 -0.016766856397146267 0.061030935146071587 0.044499531658339433 -0.004339944786307128 0.011036754424015633 0.011168317261730988 0.0653116623102135 -0.0087693048957101331 -0.0047100294231137846 0.043688663737357566 0.019102158729144725 0.093152652699934294 0.0033514214356082104 -0.01467358651847221 0.042297416104973548 0.086449280688763883 0.0053804825348184419 0.016474770259859592 -0.02472260111091042 0.026108280147106512
leaf_weight=58800.989390097558 10340.387493923306 26352.077834047377 138150.85100604594 13237.225516654551 7819.626643538475 36548.715991962701 269603.10808396339 63539.732863247395 5733.8284019827843 11463.26733141765 189288.96700228751 44075.027308247983 6539.3857102170587 269473.46041490138 99157.923448987305 140370.57635407895 10247.031193442643 436759.00935454667 161998.14342803508 11785.825239263475 61524.450468055904 1493.5304972156882 258305.05745057762 295417.42325779796 19816.507040187716 9765.5844213031232 143941.19051100314 43115.478158846498 370020.03235122561 47510.258155107498
leaf_count=256515 98843 497040 657562 121346 54517 637159 1213268 278714 86950 108855 1057587 503960 55209 1128132 461024 695380 135137 1911798 719050 84619 499097 17503 1122978 1599772 211433 172270 702967 318225 2162841 370729
internal_value=0.00023105 -0.00199542 0.0140179 0.0112728 -0.00850656 0.0552789 -0.0139392 -0.000239238 0.0409307 0.00627111 -0.0166098 0.0403686 -0.00301235 0.00235365 0.0176268 0.0171103 0.0296557 -0.006919 -0.000339964 0.0145054 0.0247686 0.0258623 0.00436743 -0.0194875 0.0643762 0.0568727 -0.000955522 0.019042 -0.0220301 0.0149463
internal_weight=3.26219e+06 3.13538e+06 906345 879993 2.22904e+06 126814 1.34513e+06 883907 90265.3 750910 1.12433e+06 129084 765143 551566 118763 199344 85008.7 500299 220799 110944 74761.7 54949.4 264844 854726 35315.9 29582.1 413415 44609 559309 187881
internal_count=17940480 16398097 5420205 4923165 10977892 1542383 7009033 3968859 905224 3663625 6033468 1259540 3368699 2488661 600160 1174964 755580 2190512 975565 545643 620443 434571 1178187 4820200 470653 383703 1831099 335728 3220428 1066109
is_linear=0
shrinkage=0.1


Tree=24
num_leaves=31
num_cat=0
split_feature=2 1 3 2 3 2 1 0 3 0 4 2 3 1 4 4 1 3 0 0 0 2 2 0 0 4 2 1 0 0
split_gain=34260.1 28005.5 24495.9 10033.1 6038.97 5290.99 4895.24 3382.12 2957.46 2811.63 2777.19 2342.46 2101.33 2086.97 2562.39 1506.63 1386.86 1331.42 1276.95 1077.02 1019.65 987.748 894.693 845.856 832.227 787.363 762.734 744.054 697.627 1009.76
threshold=13.676709075330523 -23.58428359485033 1684.9526064583138 7.4763457887636173 91.277498609007651 17.680989355593152 66.219987859262389 21.847790789932738 773.1053454071772 16.845957618995673 11.816733809986571 6.5486477900992748 211.56404046551918 27.0556519073583 -301.10304474792002 -6.4067627785361552 -6.9050684921334673 612.20773124525806 23.308195944579243 31.526516886602632 21.977450073758007 6.7164708487808076 10.848873438160426 38.672799466850755 36.163456002875058 1728.2989739118073 3.7349270290652865 -18.49916639735395 28.925011625723659 25.352277054650227
decision_type=2 2 2 2 2 2 2 2 2 2 2 2 2 2 2 2 2 2 2 2 2 2 2 2 2 2 2 2 2 2
left_child=1 17 3 4 10 8 11 27 16 22 20 18 15 14 -9 -11 -2 -1 -4 -13 -3 -8 -5 -18 -14 -21 -12 -6 29 -16
right_child=5 2 6 9 7 -7 21 13 -10 12 26 19 24 -15 28 -17 23 -19 -20 25 -22 -23 -24 -25 -26 -27 -28 -29 -30 -31
leaf_value=0.043751035889358768 0.067187645334349747 0.00627574245864911 0.031418554836971896 0.024037642405521246 0.049353613254814271 0.095838703712021078 0.045342330208471282 0.0040425947128537578 0.075125541927759068 0.0076797610386240243 -0.02457475777738637 0.071038037784024899 0.0067300328096985031 -0.00011952583196886806 -0.0085592082667609141 -0.0059021853248484475 0.096099167506861233 0.10522823680614908 0.0094377373577245963 0.021763642078833551 -0.010778617435332696 0.077107137269659037 0.063067445851029413 0.022317267437070392 0.019318907623750409 0.04471131602117423 -0.016450476621255077 0.0076677187615012826 -0.0077264816472902469 -0.018307792388072487
leaf_weight=4108.451853916049 9218.9248445741832 40546.644265159965 32650.547076076269 28020.709529154003 4403.0267436504364 25850.885525837541 27518.777190171182 120980.85387437046 21647.763951122761 118947.33731718361 249881.61781437695 7550.507091332227 242792.51016866416 342090.81224751472 184043.23030783236 260638.0747076124 1608.1525241807103 24712.451949805021 138709.64879474789 36990.23377661407 258960.57334710658 15194.54890923202 7430.8288712128997 45977.579916235059 67005.647806897759 25096.117922402918 214974.86871424317 155515.09287396818 271242.47169458866 251376.25331750512
leaf_count=45558 107599 169443 233424 182093 24179 497121 332585 512050 373654 533386 1493761 93275 1101273 1431477 905770 1110630 21585 510396 825911 270572 1298394 215178 76295 403970 414204 280892 1105297 683250 1304846 1382412
internal_value=0.000222044 -0.00165594 -0.00256742 -0.00538638 -0.00889641 0.0566027 0.0254408 -0.00482474 0.043674 0.00475394 -0.0159793 0.0199108 0.00334158 -0.00668953 -0.00940512 -0.00164613 0.0316881 0.0964646 0.0136259 0.0353763 -0.00846983 0.0566421 0.0322185 0.0248107 0.00945286 0.0310394 -0.0208176 0.00881546 -0.0117074 -0.0141873
internal_weight=3.23569e+06 3.13138e+06 3.10256e+06 2.81885e+06 2.09402e+06 104303 283710 1.32965e+06 78452.4 724835 764364 240997 689384 1.16973e+06 827643 379585 56804.7 28820.9 171360 69636.9 299507 42713.3 35451.5 47585.7 309798 62086.4 464856 159918 706662 435419
internal_count=17940480 16536551 15980597 13728760 10310879 1403929 2251837 6243984 906808 3417881 4066895 1704074 3159493 5536555 4105078 1644016 533154 555954 1059335 644739 1467837 547763 258388 425555 1515477 551464 2599058 707429 3593028 2288182
is_linear=0
shrinkage=0.1


Tree=25
num_leaves=31
num_cat=0
split_feature=2 1 3 2 3 2 1 1 0 3 2 0 3 0 1 3 0 0 3 1 1 2 1 0 1 4 4 4 3 2
split_gain=29479.2 25322.2 20689.4 8830.55 5788.87 4193.89 3927.32 3496.33 2623.85 2280.93 2155.43 2026.76 1982.29 1752.31 1584.96 1360.01 1188.51 1047.93 967.714 874.95 1037.09 856.918 840.321 807.623 798.717 726.955 594.314 558.943 556.351 532.258
threshold=14.113900886689622 -23.58428359485033 1860.3448827884929 7.8563717926287895 370.36984258102473 17.680989355593152 68.083219191638406 -2.5842875020572205 15.635439033994343 535.44531550929253 7.1100203169760627 21.414089436213391 393.43364736694724 21.26193955448549 -2.5842875020572205 612.20773124525806 23.308195944579243 22.685211475095212 69.426942769120984 28.935884024973038 19.199374206394374 6.7688899900162278 -5.2274766356783031 17.764048374588651 1.0624575090790354 653.61845845865048 -318.68063801552302 1815.5226061821297 83.716935640265618 11.087491810554186
decision_type=2 2 2 2 2 2 2 2 2 2 2 2 2 2 2 2 2 2 2 2 2 2 2 2 2 2 2 2 2 2
left_child=1 15 3 4 7 9 10 17 29 22 16 -6 14 -9 -10 -1 -4 -3 24 20 -13 -8 -2 -12 -15 -14 -19 -25 -16 -5
right_child=5 2 6 8 11 -7 21 13 12 -11 23 19 25 18 28 -17 -18 26 -20 -21 -22 -23 -24 27 -26 -27 -28 -29 -30 -31
leaf_value=0.04159682053880133 0.060125912017642447 0.010405225110493077 0.033063459240355017 0.029993746005645906 0.01491141659936359 0.094410759393765323 0.045042422958715155 -0.0022218158031489066 0.012166405170375639 0.070381075252691244 0.076916831170949551 0.013237138377018801 0.035751292514270269 -0.012117339196684779 -0.0061582452951374029 0.10467546132994994 0.010482184789195624 0.0019195193114455299 -0.012416438651199062 0.001425058188193532 -0.0070965008290972357 0.077267517545372186 0.022532502273212435 0.025144033353683443 -0.021242822656338228 0.01121135360474022 -0.008053124868981406 0.047615272148759644 0.0017952458607855175 0.06546299625613991
leaf_weight=4018.3172909319401 7386.299507457763 53647.01205329597 28727.596907608211 11610.634960096329 75240.735502935946 23726.844396941364 23111.894442006946 110670.5884308368 96398.102020695806 21942.183696329594 4951.7668983452022 27019.547989949584 12911.33456248045 132737.37156257033 181546.0515794754 22881.160049088299 123550.95945490152 87734.503983795643 498825.55267135799 327640.36523316801 350059.71853898466 12834.125462580472 30491.886820457876 26874.430786952376 345738.84034354985 185579.71894986182 187400.61417007446 18821.323217805475 170592.65025761724 6656.1854092441499
leaf_count=46171 90164 231212 224238 91967 359837 497121 297986 459498 477249 378246 70876 130466 93042 739619 781255 517819 789153 357309 2673161 1398604 1620958 198237 293897 224852 1994546 986740 861684 240444 738735 75394
internal_value=0.000212615 -0.00135328 -0.00219132 -0.00455114 -0.00760802 0.0588356 0.0260825 -0.0114169 0.00554227 0.0447252 0.0206859 -0.000689375 0.00448708 -0.0141478 0.000804993 0.0952526 0.0147422 -0.00238013 -0.0154983 -0.00235502 -0.0056395 0.056548 0.0298633 0.0385564 -0.0187113 0.0128076 -0.00487307 0.0343996 -0.0023052 0.0429183
internal_weight=3.21133e+06 3.12778e+06 3.10088e+06 2.86201e+06 2.19671e+06 83547.2 238872 1.41675e+06 665295 59820.4 202926 779960 647028 1.08797e+06 448537 26899.5 152279 328782 977302 704720 377079 35946 37878.2 50647.5 478476 198491 275135 45695.8 352139 18266.8
internal_count=17940480 16681052 16117062 14071276 10826894 1259428 2045786 7317029 3244382 762307 1549563 3509865 3077021 5866824 1997239 563990 1013391 1450205 5407326 3150028 1751424 496223 384061 536172 2734165 1079782 1218993 465296 1519990 167361
is_linear=0
shrinkage=0.1


Tree=26
num_leaves=31
num_cat=0
split_feature=1 2 1 2 3 3 4 2 0 1 1 0 1 3 0 0 0 0 2 4 0 0 0 0 0 4 0 3 0 4
split_gain=26090.3 22623.5 17401 7939.32 3753.36 3380.13 3362.89 3314.88 3084.18 2483.52 1970.13 1893.96 1841.09 1318.23 1258.79 1222.41 1202.22 1070.97 1057.19 1010.83 751.489 733.96 681.489 595.811 576.353 541.855 488.888 484.201 478.048 468.099
threshold=-23.58428359485033 14.57672619717051 44.997785278004201 4.8639736602964492 334.82373039510122 433.72622998609626 2247.1736171082443 18.225373288096602 20.952545371863817 -2.5842875020572205 -2.5842875020572205 17.334047872401989 32.444475419328789 612.20773124525806 25.071786438740947 23.948928082500764 35.654073688781502 17.334047872401989 9.5741031177096456 1690.4106154756539 35.895089096592862 25.285257203137572 29.862339555836318 13.528424951733479 39.382051258700919 -283.41329808611744 24.371900697761756 69.426942769120984 29.862339555836318 790.19155831641706
decision_type=2 2 2 2 2 2 2 2 2 2 2 2 2 2 2 2 2 2 2 2 2 2 2 2 2 2 2 2 2 2
left_child=13 2 3 5 9 10 8 12 -4 17 21 -6 24 -1 -7 -12 22 -5 28 26 -19 -2 -13 -20 -3 -26 -10 -17 -11 -16
right_child=1 7 6 4 11 14 -8 -9 19 18 15 16 -14 -15 29 27 -18 20 23 -21 -22 -23 -24 -25 25 -27 -28 -29 -30 -31
leaf_value=0.043753250968305131 0.0026268318315754856 0.099864266145871378 0.061885895999585418 0.044574057307429804 0.041011200846327901 0.0043619340877617801 0.064588470047949834 0.095979838510555762 0.024649275962494901 -0.00027727230739118711 -0.0083579810221368692 0.016913891738206965 0.082468747922729263 0.10429406680988099 -0.010521742144933571 -0.020531293593142458 0.018572906794873178 0.0033486056977442055 0.052831653925045567 0.029371193332283357 0.020791389408248193 -0.0088960931884766899 0.0036987327462469828 0.00051354422831968759 0.062649318265236356 0.026220207929670732 0.0089719773393188099 -0.01455638081674096 -0.0088989433516910108 -0.0026674742055175821
leaf_weight=4220.1472079381347 93124.818006023765 1273.4582692682743 17587.297598998994 7447.4929470866919 17139.544928546995 183565.68591056764 20712.202219709754 17404.188602212816 25743.901888847351 75612.945167005062 212497.48488500714 43553.649309791625 9994.3574321493506 24342.03525017947 134680.24518087506 250550.26928193867 78313.361520085484 166451.14769741893 2202.0680154412985 52060.55515987426 29003.484726190567 136011.17908932269 375079.5679192394 189168.66227152944 4749.9835757426918 29080.48648481071 87499.445756785572 295711.68756175041 430278.75917068124 173800.38925248384
leaf_count=52029 402258 21167 216582 54649 151192 816197 332510 395902 193052 320953 1017870 221524 219277 595736 654778 1597928 545801 714316 25137 574894 180342 624195 1699926 862603 68706 340241 560277 1725908 2016203 738327
internal_value=0.000203033 -0.000656878 -0.00185869 -0.00384657 0.00151123 -0.00896656 0.0263987 0.0589085 0.0220738 -0.00238194 -0.0123394 0.00832818 0.044602 0.095349 -0.00219487 -0.0147934 0.00720095 0.00735511 -0.00521541 0.017838 0.00593694 -0.00421298 0.00507361 0.00111556 0.0338211 0.0313351 0.0125359 -0.0172969 -0.00761031 -0.00609659
internal_weight=3.18886e+06 3.1603e+06 3.0978e+06 2.89419e+06 1.41425e+06 1.47994e+06 203603 62502.5 182891 900165 987895 514086 45098.3 28562.2 492046 758759 496947 202902 697262 165304 195455 229136 418633 191371 35103.9 33830.5 113243 546262 505892 308481
internal_count=17940480 17292715 16247422 14370107 6792646 7577461 1877315 1045293 1544805 4174203 5368159 2618443 649391 647765 2209302 4341706 2467251 949307 3224896 1328223 894658 1026453 1921450 887740 430114 408947 753329 3323836 2337156 1393105
is_linear=0
shrinkage=0.1


Tree=27
num_leaves=31
num_cat=0
split_feature=1 2 3 2 3 4 0 0 2 0 3 4 3 1 4 4 4 0 0 4 1 4 0 3 0 2 0 0 1 0
split_gain=23257.7 19535 14757.5 6892.9 3638 3592.42 2973.43 2515.13 2429.62 2095.78 1871.95 1667.81 1361.51 1338.82 1222.44 1217.93 1308.82 1103.37 824.016 773.826 763.243 651.06 593.763 516.085 504.355 480.401 460.963 680.895 446.604 441.747
threshold=-23.58428359485033 15.103864502823269 1814.3256476213726 7.1100203169760627 88.573505953292212 2095.1709917253938 20.430679197560071 14.710805724338075 18.225373288096602 23.308195944579243 129.42059852608972 6.2012667204015974 612.20773124525806 30.275524304486002 11.816733809986571 763.17907792969129 -318.68063801552302 36.881426695548178 32.066128994123567 1653.9026091066819 -16.480711832406175 2587.8060893398397 21.977450073758007 3284.9437942885638 24.03678571820198 3.3656610929852016 28.641044231071216 25.769637840158257 -17.456359810171381 25.285257203137572
decision_type=2 2 2 2 2 2 2 2 2 2 2 2 2 2 2 2 2 2 2 2 2 2 2 2 2 2 2 2 2 2
left_child=12 2 3 4 11 6 23 -5 13 20 14 22 -1 -3 -9 16 -11 18 -12 24 -6 -7 -2 -4 -8 29 27 -18 -20 -13
right_child=1 8 5 7 9 21 19 10 -10 15 17 25 -14 -15 -16 -17 26 -19 28 -21 -22 -23 -24 -25 -26 -27 -28 -29 -30 -31
leaf_value=0.040890311300594707 0.005369584663235674 0.034812768698648647 0.043791136437290858 0.051969534044818633 0.030132239576966875 0.044398633801027737 0.022240917839827141 0.0056722206497865635 0.094726682949599253 0.0027741628069795476 0.022178739467390473 -0.014822770203522906 0.10381100573484581 0.081684502863462349 -0.0062914499573477186 -0.00040207744371150507 -0.0069856095642835819 0.019192879446590826 0.023351780897314958 0.02495538995715493 0.0032128894769245901 0.076208031492110612 -0.0082502348310697013 0.079833062445699862 0.0077032827541114283 -0.013023526931558086 -0.006190619334229432 -0.01548266136576147 0.0036586231508267961 -0.023822225674177643
leaf_weight=4072.0196123383939 37027.620402514935 23620.853694882244 9644.0361044891179 10797.189463876188 10990.476308047771 17897.731036640704 29954.363809138536 134511.50745621324 15945.839465755969 99468.049165487289 27746.834816947579 101331.41191516817 22122.857629511505 8212.7676141597331 233964.36260508001 310331.08069361746 168495.01528808475 70033.095749795437 11904.564106315374 50954.388871815056 252792.44567363709 10046.112777277827 236157.4603267014 6756.0322697870433 117378.67164884508 215972.2637590766 245638.49018537998 214188.76641310751 352582.29191756994 118126.83977095783
leaf_count=52029 154204 325961 112113 123068 55266 275584 221556 619408 395902 421005 177050 579219 595736 190969 1037659 1309957 861481 523297 73593 545892 1120784 181834 1202892 102558 719872 1160012 1236538 1189122 1590875 785044
internal_value=0.000193328 -0.000588871 -0.00156855 -0.0035827 -0.00676327 0.0221072 0.0177173 0.00401599 0.0628651 -0.00362498 0.00339273 -0.0125291 0.0940299 0.0469052 -0.00192413 -0.00564745 -0.00788409 0.00763084 0.00556645 0.0143327 0.00433448 0.0558345 -0.0064042 0.0586387 0.0106589 -0.0163718 -0.00957137 -0.0117414 0.00430182 -0.0196669
internal_weight=3.16867e+06 3.14247e+06 3.09469e+06 2.85206e+06 2.01052e+06 242631 214687 841540 47779.5 1.3019e+06 830743 708616 26194.9 31833.6 368476 1.03812e+06 727790 462267 392234 198287 263783 27943.8 273185 16400.1 147333 435431 628322 382684 364487 219458
internal_count=17940480 17292715 16379883 14220474 10075524 2159409 1701991 4144950 912832 6194153 4021882 3881371 647765 516930 1657067 5018103 3708146 2364815 1841518 1487320 1176050 457418 1357096 214671 941428 2524275 3287141 2050603 1664468 1364263
is_linear=0
shrinkage=0.1


Tree=28
num_leaves=31
num_cat=0
split_feature=1 2 1 2 4 0 1 2 2 0 3 0 1 0 0 4 3 3 4 2 0 1 1 1 0 1 1 3 1 4
split_gain=20902.2 17044.6 12165.5 5747.17 3760.3 2970.58 2722.21 2404.85 2369.1 1952.6 1789.68 1365.99 1262.42 988.533 924.001 919.933 862.536 816.984 744.622 741.048 882.456 631.239 646.014 604.576 542.522 447.891 439.332 429.12 425.901 679.416
threshold=-25.146948869916866 15.103864502823269 38.83179779761263 3.9387936958787564 2028.6674921669969 18.797407883559064 -13.23947561484461 18.225373288096602 9.945258021411405 25.285257203137572 478.46586975450265 13.528424951733479 32.444475419328789 18.475358640268201 28.925011625723659 -745.12796997741077 91.277498609007651 279.36451603358063 2587.8060893398397 4.3331307693471492 24.691752340792188 20.157156904775313 -1.1936524127938646 -0.70650697337494373 20.430679197560071 -6.9050684921334673 16.583962523049276 83.716935640265618 1.0000000180025095e-35 241.48639058873988
decision_type=2 2 2 2 2 2 2 2 2 2 2 2 2 2 2 2 2 2 2 2 2 2 2 2 2 2 2 2 2 2
left_child=-1 2 3 9 5 -4 13 12 10 17 14 -10 25 -5 -8 -15 -11 23 -6 20 -7 22 -13 -2 -12 -3 -19 -24 -16 -30
right_child=1 7 4 6 18 19 8 -9 11 16 24 21 -14 15 28 -17 -18 26 -20 -21 -22 -23 27 -25 -26 -27 -28 -29 29 -31
leaf_value=0.10369532537814255 -0.00067706873505909418 0.066048794194841665 0.06418653981655939 0.063457943704968031 0.039930267041018076 0.017384998862515062 0.0022375355384895018 0.093530779376773274 0.061544741563183708 -0.017427835815201981 0.014821775717064292 0.014117351263432257 0.082197122591390115 0.054287798344931186 -0.0020382597292832767 0.012549084769597599 -0.0098037652683858161 0.017383633500116426 0.073640286740106808 0.017249264307662375 0.0014651515020146619 0.013916438712361376 -0.0043109683799340964 -0.010481913799631926 0.0023277327287883789 0.027766392091829711 -0.00066181631867944153 0.0056732193384049605 -0.012263017709760833 -0.0050402990125349529
leaf_weight=19387.846346570179 89484.580898612738 3598.2448801696301 11127.590299159288 4655.1499553509057 21680.332853075117 52802.528507292271 154684.0430328548 14734.642728053033 4574.1462294049561 232089.99363228679 39576.632640950382 46603.892228722572 6862.6544651016593 5741.4869333095849 182028.72777454555 65773.201815672219 411464.38556549326 14519.169182691723 9390.9937463514507 124390.14974290133 102233.49649950117 82909.845104951411 83322.037779450417 211590.24545325339 285242.30209682882 20285.511897198856 190595.36163125932 89061.055912993848 201493.75316257775 368273.07916024327
leaf_count=578419 404842 61400 165990 38283 335302 366177 669946 398866 62800 1451191 211421 256635 176547 63409 807794 339678 2094255 73318 181834 960720 613132 537313 388437 1153471 1232568 282340 847447 431921 1025831 1729193
internal_value=0.000183442 -0.000457569 -0.00135341 -0.00349555 0.0170537 0.0135178 0.000353377 0.0603141 -0.000560658 -0.00889844 -0.00251887 0.00730677 0.0443956 0.0188066 -0.00480103 0.0159 -0.0125533 -0.00425177 0.0501188 0.0115 0.00688717 0.00648499 0.0036714 -0.00756775 0.00385003 0.0335339 0.000615543 0.000847323 -0.00624924 -0.00759456
internal_weight=3.15018e+06 3.13079e+06 3.08531e+06 2.76368e+06 321625 290554 1.61394e+06 45481.1 1.53777e+06 1.14974e+06 1.2313e+06 306471 30746.4 76169.8 906480 71514.7 643554 506189 31071.3 279426 155036 301897 218987 301075 324819 23883.8 205115 172383 751796 569767
internal_count=17940480 17362061 16442908 13819753 2623155 2106019 7795229 919153 7353859 6024524 5676753 1677106 520287 441370 4232764 403087 3545446 2479078 517136 1940029 979309 1614306 1076993 1558313 1443989 343740 920765 820358 3562818 2755024
is_linear=0
shrinkage=0.1


Tree=29
num_leaves=31
num_cat=0
split_feature=1 2 1 2 3 2 1 2 0 3 3 2 0 0 1 4 0 1 3 0 0 3 4 1 0 0 2 3 3 0
split_gain=18836.5 14707.8 10400.1 5269.5 3382.36 2842.38 2324.13 2005.43 1957.42 1452.12 1274.56 1231.3 1190.33 1087.44 1021.54 886.773 827.98 810.225 663 642 579.255 526.313 673.616 514.876 403.84 359.604 353.233 352.116 338.394 332.304
threshold=-25.146948869916866 15.396901833852572 46.363680349544744 8.532103763166683 433.72622998609626 8.9096833045684658 -5.2274766356783031 18.225373288096602 14.710805724338075 7051.8917510686288 425.18224740824195 3.3656610929852016 21.847790789932738 21.977450073758007 35.199681218695225 -804.41421206020766 25.564885864095469 -1.989972462831431 3847.9044303782803 21.26193955448549 21.107925458486875 904.47866377898151 458.55214401861076 20.623893175153754 37.694326748688468 30.579897279164815 12.284303239033681 161.44460033077067 71.766232883518526 36.881426695548178
decision_type=2 2 2 2 2 2 2 2 2 2 2 2 2 2 2 2 2 2 2 2 2 2 2 2 2 2 2 2 2 2
left_child=-1 2 3 4 6 9 19 14 26 12 17 16 -4 23 -3 -12 -8 24 -7 -2 -13 22 -15 -6 -10 -14 -5 -21 -19 -17
right_child=1 7 5 8 13 18 11 -9 10 -11 15 20 25 21 -16 29 -18 28 -20 27 -22 -23 -24 -25 -26 -27 -28 -29 -30 -31
leaf_value=0.10333204341887503 0.016094959197917428 0.034186455915322531 0.041079996770641336 0.036274422632337898 0.054299978872094326 0.040588013559892423 -0.0088757320485812283 0.092225593286930654 0.0077534831441781167 0.060179492112430066 0.072004994969167693 -0.00024245539995847631 0.0083336368738693278 0.015716036569052887 0.085176639405097343 0.0093292303982570567 -0.016544215276467485 -0.00391330697704811 0.073176230041942306 -0.0034360107144519678 -0.0077017268208501594 0.0021735290711785817 -0.0043757629413834305 0.0097204914038154927 0.026541456972160662 0.020547037092182679 0.07556875288091941 0.0043984797561981617 0.0028040856904661274 0.020196863635198594
leaf_weight=17601.379760047421 25693.198182336986 19795.798800893128 15325.673078611493 7195.917019020766 2669.9475594051182 17352.017435908318 286878.82091896236 13511.686513915658 74059.885910645127 7420.5954396165907 2486.9396216981113 125757.3503845036 91708.122512966394 17570.597641125321 4901.9363722242415 122461.93873199821 276509.73909980059 138165.84844876826 9751.3760737888515 154078.91178226471 604689.71711754799 337120.98736681044 331772.40077155828 87385.776907287538 13530.818848401308 32704.494994215667 3354.0156459249556 91396.458709403872 164018.68261620402 36528.966562140733
leaf_count=578419 121634 314019 177585 79149 21471 259261 1577378 398866 367536 132511 31292 525998 712773 118702 139483 675378 1750947 618461 201372 668285 3095238 1496248 1501044 439304 115072 298012 53586 377388 751175 342893
internal_value=0.000173912 -0.000408836 -0.00117438 -0.00259857 -0.00468536 0.0225536 -0.00736255 0.061252 0.00609892 0.0170726 0.00528234 -0.00912677 0.0147835 0.000710266 0.0443068 0.0127529 -0.0126394 0.00218738 0.0523127 0.00105514 -0.0064175 -0.000645154 -0.00336522 0.0110422 0.0106558 0.0115442 0.0487668 -0.000519039 -0.000267264 0.0118261
internal_weight=3.1334e+06 3.1158e+06 3.07759e+06 2.90333e+06 2.34152e+06 174262 1.565e+06 38209.4 561803 147159 551253 1.29384e+06 139738 776520 24697.7 161478 563389 389775 27103.4 271169 730447 686464 349343 90055.7 87590.7 124413 10549.9 245475 302185 158991
internal_count=17940480 17362061 16509693 14728179 11693637 1781514 8116868 852368 3034542 1320881 2901807 6949561 1188370 3576769 453502 1049563 3328325 1852244 460633 1167307 3621236 3115994 1619746 460775 482608 1010785 132735 1045673 1369636 1018271
is_linear=0
shrinkage=0.1


Tree=30
num_leaves=31
num_cat=0
split_feature=1 2 3 2 2 3 0 3 2 4 4 0 4 1 3 0 3 2 0 2 1 0 0 0 0 0 4 3 1 2
split_gain=16981.9 12688.6 8703.22 4569.5 2496.69 2226.94 2082.05 1798.56 1652.37 1378.61 1266.08 1119.89 992.934 914.608 827.055 814.361 812.543 687.665 618.526 596.607 588.074 558.249 510.242 486.181 465.111 452.769 414.06 357.681 349.218 317.456
threshold=-25.146948869916866 15.690408620695079 2303.6693137654747 5.862369424514859 7.9808886790301008 469.37270600286041 15.635439033994343 433.72622998609626 18.874172279944812 -6.4067627785361552 -26.3754072523807 21.847790789932738 340.20943380204034 30.275524304486002 7051.8917510686288 24.534193677594974 60.87309184880035 11.999802293244477 36.728048246641556 11.86668216735802 8.5489043970469627 36.163456002875058 24.371900697761756 32.936138005648466 30.821785329762921 23.496601076935573 2450.9854956356353 1178.6518648472359 62.959574991684853 11.457849347032829
decision_type=2 2 2 2 2 2 2 2 2 2 2 2 2 2 2 2 2 2 2 2 2 2 2 2 2 2 2 2 2 2
left_child=-1 2 3 5 11 9 19 10 13 22 21 28 -9 -3 -13 -7 -11 23 27 -5 -12 24 -2 -6 -8 -18 -25 -14 -4 -22
right_child=1 8 4 6 17 15 7 12 -10 16 20 14 18 -15 -16 -17 25 -19 -20 -21 29 -23 -24 26 -26 -27 -28 -29 -30 -31
leaf_value=0.10300550852205462 0.0033377344760308313 0.03417677965182072 0.031208589781998315 0.026354888882335975 0.08049301294505018 0.0054815623922970244 0.020076939018893215 0.040440277962328977 0.095264373307286113 -0.014181329214124469 -0.0064594486921304419 0.010332726165576515 0.00341373987407129 0.080804273088538991 0.050425597791856548 -0.002785338067035634 -0.0025106752305060496 0.073537681783654066 0.018861539558984522 0.069378482765053706 -0.0014137920194423185 0.017516035681479032 -0.0051083648801699029 0.02736004704478855 0.0021680648661742113 -0.0093775978946799357 0.063278561203729711 0.01099103754783106 0.065013898584648358 0.0071514871372404644
leaf_weight=15974.30191231519 102027.5758702904 15752.998485360295 8716.2588002793491 13436.93893808499 2534.888629656285 169426.73562295362 15977.950256571174 9232.346245739609 10349.085629526526 310530.09971298277 258164.93860952556 100124.04538726434 211702.16285823286 5739.5071787722409 5423.8984986543655 401638.59027229622 126250.32552556694 7710.9020838551223 40138.589815620333 4240.2025631200522 284057.01746293902 35963.098662912846 239253.63396658003 17030.66526016593 156961.53114809096 400968.70744027197 3954.6729435026646 88272.934249240905 4705.50577269122 51047.511925175786
leaf_count=578419 449606 285435 93066 126762 51629 785383 84181 86914 333062 1895686 1184863 842818 942113 170699 101402 1833085 568128 183092 390931 70113 1230130 250532 1168556 213013 679647 2340467 83644 554676 74003 288425
internal_value=0.000164525 -0.000365187 -0.00101666 -0.00222449 0.0224585 -0.00545825 0.00261593 0.00209309 0.062436 -0.00794083 -0.000514993 0.0158528 0.00808179 0.0466285 0.012393 -0.00033267 -0.0101233 0.047622 0.00720342 0.0366749 -0.00287245 0.00618002 -0.00258336 0.0391258 0.00382267 -0.00773321 0.0341289 0.00564349 0.0430603 -0.000109016
internal_weight=3.11731e+06 3.10133e+06 3.06949e+06 2.91929e+06 150201 1.7501e+06 1.1692e+06 1.15152e+06 31841.6 1.17903e+06 802172 118970 349346 21492.5 105548 571065 837749 31231.1 340114 17677.1 593269 208903 341281 23520.2 172939 527219 20985.3 299975 13421.8 335105
internal_count=17940480 17362061 16572865 14930198 1642667 9040911 5889287 5692412 789196 6422443 3717778 1111289 1974634 456134 944220 2618468 4804281 531378 1887720 196875 2703418 1014360 1618162 348286 763828 2908595 296657 1496789 167069 1518555
is_linear=0
shrinkage=0.1


Tree=31
num_leaves=31
num_cat=0
split_feature=1 2 3 2 2 3 0 2 0 1 1 4 3 1 3 0 1 3 0 1 2 0 0 0 0 1 2 4 4 4
split_gain=15315.4 11036 7312.34 3882.1 2456.18 2362.99 1618.58 1331.1 1291.47 1197.75 1188.7 1077.02 873.63 1074.58 846.625 843.4 755.586 633.479 544.821 498.734 451.811 605.172 369.289 349.115 332.764 320.389 320.373 302.031 311.629 297.73
threshold=-25.146948869916866 16.011183051989132 2120.0341405304694 8.1151309247802157 9.1477840200010636 88.573505953292212 13.528424951733479 18.874172279944812 21.414089436213391 -19.621452163579466 79.577020241995001 35.009917837849862 819.47659559861052 -13.23947561484461 1130.0537904088235 22.340811096856957 30.275524304486002 3847.9044303782803 37.694326748688468 -18.49916639735395 3.3656610929852016 25.909341102802937 23.590208450571733 33.083198623034711 30.579897279164815 -5.2274766356783031 12.439680853318842 -96.601409406074211 519.61575487762832 772.06528362652409
decision_type=2 2 2 2 2 2 2 2 2 2 2 2 2 2 2 2 2 2 2 2 2 2 2 2 2 2 2 2 2 2
left_child=-1 2 3 5 10 11 -5 16 19 -8 15 22 13 -10 18 -4 -3 26 23 -7 21 -15 -2 25 -17 -11 -6 -20 -29 -16
right_child=1 7 4 6 17 8 9 -9 12 14 -12 -13 -14 20 29 24 -18 -19 27 -21 -22 -23 -24 -25 -26 -27 -28 28 -30 -31
leaf_value=0.10271180925518542 0.0015322971037537323 0.034394785990849171 0.032489996448154479 0.061057779774223886 0.028248829020692447 0.042110504850782646 0.043912413661139446 0.094208713607512817 0.0056333007183521876 0.040351147970594525 0.048588504085538609 -0.011920721873441493 0.0013688809720049577 -0.0044235465437589012 0.049300476015184377 0.0057959594021088738 0.082101116760116818 0.070746142227068695 0.024204919461458016 0.0062038543272958943 -0.0030963963070906476 -0.01196170974322181 -0.006194380666894264 0.0009176546610481567 0.017450070985780691 0.0083358088623859128 0.060594096197914331 0.0009676577074208435 0.014671289102653379 0.01445978502489643
leaf_weight=14493.371265394613 80420.023267284036 12253.147091073915 17491.114626418799 5067.3264128752053 11608.07780507952 3975.1449607647955 7549.6790870390832 9463.9231869988143 97490.74734014459 3617.477270513773 9452.1856903247535 422617.9561291188 379641.91570022702 244090.79930494726 2584.4274230524898 88670.339839674532 4553.7903350200504 8425.7612238489091 13289.220741793513 143909.70330027491 415465.56029194593 188932.98718802631 267958.96711032093 474826.9597453475 33855.332564666867 22997.900646932423 4159.478171043098 33831.133325316012 32571.199013393372 48132.30372469686
leaf_count=578419 356771 244900 202277 84699 163681 28402 78170 333062 448390 29194 181971 2461086 1662047 1228756 34017 674453 147501 201894 123336 671733 1990835 1059672 1406415 2082926 310694 153557 101072 218126 270895 411529
internal_value=0.000155386 -0.000325817 -0.000879412 -0.00207743 0.0190502 -0.0040417 0.0047636 0.0642118 -0.00169465 0.00431746 0.0142656 -0.0085273 -0.00268348 -0.00430977 0.00384436 0.0119485 0.0473207 0.0486103 0.00276299 0.00716903 -0.00545222 -0.00771253 -0.00441075 0.00154236 0.00901613 0.0126872 0.0367815 0.0104436 0.00768947 0.0162352
internal_weight=3.1034e+06 3.0889e+06 3.06263e+06 2.88897e+06 173662 2.2445e+06 644468 26270.9 1.47351e+06 639400 149469 770997 1.32562e+06 945980 631851 140017 16806.9 24193.3 581134 147885 848489 433024 348379 501442 122526 26615.4 15767.6 79691.6 66402.3 50716.7
internal_count=17940480 17362061 16636598 14800556 1836042 11314107 3486449 725463 7089835 3401750 1369395 4224272 6389700 4727653 3323580 1187424 392401 466647 2878034 700135 4279263 2288428 1763186 2265677 985147 182751 264753 612357 489021 445546
is_linear=0
shrinkage=0.1


Tree=32
num_leaves=31
num_cat=0
split_feature=1 2 1 2 3 2 0 1 2 0 0 4 0 3 3 1 3 2 2 0 1 0 4 0 2 0 4 2 1 4
split_gain=13817 9546.86 6157.69 3459.55 2088.64 1822.6 1381.38 1351.44 1326.58 1252.17 973.585 884.373 761.492 736.423 722.724 687.279 672.02 653.322 625.431 481.045 477.491 430.658 426.531 421.251 382.881 318.548 313.018 302.864 297.684 287.126
threshold=-25.146948869916866 16.011183051989132 52.568283195336228 4.1997473784905024 425.18224740824195 8.9096833045684658 25.285257203137572 -5.2274766356783031 18.874172279944812 15.635439033994343 20.952545371863817 -804.41421206020766 17.764048374588651 469.37270600286041 1230.0731658283751 90.119289934774528 715.47093822690636 11.725724334808499 9.5741031177096456 20.239150505828892 -5.6199647537671096 11.527806185973573 -251.93370869671662 37.694326748688468 12.134905662069615 29.160557926962959 1200.884488396209 3.2045172896751528 20.39206504594495 1378.3879567427505
decision_type=2 2 2 2 2 2 2 2 2 2 2 2 2 2 2 2 2 2 2 2 2 2 2 2 2 2 2 2 2 2
left_child=-1 2 3 6 7 10 13 12 14 -6 -4 -11 -5 20 -3 -12 22 19 25 28 -2 -20 -8 -14 -7 -9 -21 -24 -13 -19
right_child=1 8 5 4 9 24 16 18 -10 11 15 17 23 -15 -16 -17 -18 29 21 26 -22 -23 27 -25 -26 -27 -28 -29 -30 -31
leaf_value=0.1024474888241928 0.003664437484981414 0.033668752147458736 0.053393557328190705 0.039666943753845614 0.052185483700119696 0.043889980098236206 -0.00216156197641684 0.00065103705067565912 0.093117540570547469 0.066733361769492044 0.01238531931210656 0.058206180662705859 0.0044016972043815486 0.0033963868802070426 0.085716958209392069 0.057049023099572653 -0.0032023905560132578 0.012946619840664723 0.079626961939997798 0.0022114670151471075 -0.0058666652100477015 0.0016219535299848823 -0.012559597079040079 0.025930552865334966 0.07699235885419603 -0.0050694708040663131 0.008589007857083655 -0.0069751207259083157 0.012754651883063054 0.031977104127820823
leaf_weight=13146.256310390308 63128.93542124331 12726.583911124617 7018.6912878192961 6819.7033418677747 5948.8752035684884 10780.740346893668 60804.046039663255 117219.15385061502 8658.643912345171 2390.7179858386517 73249.572822265327 1486.1940897330642 163405.2798691988 187525.19484687969 3375.4336031079292 3615.3186371512711 192775.10698017478 32401.775211755186 709.89108505472541 335904.59819403291 314047.26278679073 236023.39189743996 357122.3316180706 9623.9367590397596 5169.7646797560155 574087.28486537933 99832.157970838249 133386.58895008266 47364.652342230082 10496.463895881549
leaf_count=578419 266262 268629 111205 56865 93012 205544 269893 499169 333062 35530 749099 14089 739418 873172 123772 75324 858562 271598 13421 1500714 1666349 1167081 2200698 99885 148024 2786227 648178 808227 293593 185459
internal_value=0.000146395 -0.000290665 -0.000792343 -0.00161826 0.00143621 0.0236334 -0.00545439 -0.00104282 0.0615529 0.00656194 0.0177415 0.00604972 0.00689096 -0.00172511 0.0445795 0.0144861 -0.0082846 0.00577469 -0.00258034 0.00472758 -0.00427142 0.00185587 -0.0100617 0.00559914 0.0546189 -0.00409949 0.00367263 -0.011041 0.0141374 0.0176031
internal_weight=3.09024e+06 3.0771e+06 3.05234e+06 2.9525e+06 1.64371e+06 99834.1 1.30879e+06 1.10789e+06 24760.7 535825 83883.6 529877 179849 564701 16102 76864.9 744088 527486 928040 484588 377176 236733 551313 173029 15950.5 691306 435737 490509 48850.8 42898.2
internal_count=17940480 17362061 16636598 15347402 8404239 1289196 6943163 5362066 725463 3042173 935628 2949161 896168 2805783 392401 824423 4137380 2913631 4465898 2456574 1932611 1180502 3278818 839303 353568 3285396 2148892 3008925 307682 457057
is_linear=0
shrinkage=0.1


Tree=33
num_leaves=31
num_cat=0
split_feature=1 2 1 2 2 3 0 2 3 1 1 0 1 0 4 2 0 3 1 0 0 1 4 4 4 3 1 1 1 3
split_gain=12468.9 8240.27 5100.94 2815.98 1785.37 1546.73 1424.25 1314.68 1126.8 843.129 818.809 780.616 695.414 671.516 623.079 579.372 554.822 507.923 500.802 483.139 431.432 391.328 319.098 317.187 315.313 312.357 305.057 292.114 289.704 282.857
threshold=-25.146948869916866 16.011183051989132 50.026201614534166 6.7688899900162278 7.8563717926287895 279.36451603358063 13.528424951733479 18.874172279944812 211.56404046551918 -18.49916639735395 1.0000000180025095e-35 22.792172721023068 30.275524304486002 23.860670172014917 11.816733809986571 12.134905662069615 37.877481817253276 49.53627115472959 90.119289934774528 31.728390038932854 32.793655337245497 -19.621452163579466 2773.1542498933918 808.30439320463699 -804.41421206020766 5007.8982893658294 7.816337935942717 -18.49916639735395 34.795307048756221 1204.1232746177186
decision_type=2 2 2 2 2 2 2 2 2 2 2 2 2 2 2 2 2 2 2 2 2 2 2 2 2 2 2 2 2 2
left_child=-1 2 3 5 11 10 -5 12 14 24 -2 25 -3 21 -8 20 19 -12 -13 28 -6 -7 -22 27 -10 -4 -16 -15 -11 -21
right_child=1 7 4 6 15 13 8 -9 9 16 17 18 -14 23 26 -17 -18 -19 -20 29 22 -23 -24 -25 -26 -27 -28 -29 -30 -31
leaf_value=0.10220948266473349 -0.0022607753327392372 0.029520109808159757 0.026616829359972023 0.057343205004126055 0.07777612210518127 0.02926848072119527 0.0043825752975951747 0.091983338965216835 0.064011002533316139 0.012126119604185095 -0.011271138270954349 0.007782742255831256 0.078237060892187363 0.0059095187256267591 -0.0060282066456229487 0.071417303433654808 0.01774226902629859 -0.0059262574320903417 0.050685029901774259 0.0021593677664873945 0.025120769063390676 0.0035866118369794094 0.068353827264261272 0.00024829565491213363 0.023736865138023887 0.061868281500918734 3.6405435531155758e-05 -0.0048709448674018573 0.037807414219794555 0.0093320076099357285
leaf_weight=11921.513334382325 351565.69448971748 11534.87747598812 11762.721859447658 4788.039212172851 2102.51681387797 6110.7665471583605 167725.25414839014 7926.445129590109 2325.5941501576453 23712.515842474997 302549.45362465084 77937.774242565036 3927.8654755316675 27100.286431744695 171470.14456728101 5604.6231709849089 34336.560379184783 431187.18658348918 2819.2770949825644 295719.30199182034 15636.404374949634 204156.17326102406 1916.4801161512733 307193.35657548904 11846.379640169442 3196.72753104195 160650.25122241676 346589.23732361197 5391.2977780811489 67537.182822324336
leaf_count=578419 1686850 244900 135386 88440 50055 41500 812907 333062 36612 153849 1840194 723600 147501 145810 782637 167984 378977 2455811 61591 1326924 233612 950877 49632 1365471 91347 59975 731542 1716532 67066 481417
internal_value=0.000137639 -0.000259205 -0.000713694 -0.00154679 0.019408 -0.00369395 0.00294159 0.0588698 0.0026647 0.00634988 -0.00622888 0.0131673 0.0418953 -0.000606756 -0.000585662 0.0430558 0.0055529 -0.00813017 0.00928049 0.00448617 0.0349687 0.00433298 0.0298411 -0.00213222 0.0303458 0.0341498 -0.00309469 -0.00408914 0.0168834 0.00349292
internal_weight=3.07824e+06 3.06632e+06 3.04293e+06 2.92195e+06 120977 1.97645e+06 945503 23389.2 940714 440869 1.0853e+06 95716.5 15462.7 891150 499846 25260 426697 733737 80757.1 392360 19655.4 210267 17552.9 680883 14172 14959.4 332120 373690 29103.8 363256
internal_count=17940480 17362061 16636598 15154763 1481835 10203045 4951718 725463 4863278 2536192 5982855 980552 392401 4220190 2327086 501283 2408233 4296005 785191 2029256 333299 992377 283244 3227813 127959 195361 1514179 1862342 220915 1808341
is_linear=0
shrinkage=0.1


Tree=34
num_leaves=31
num_cat=0
split_feature=1 2 1 2 3 2 0 1 0 2 0 0 0 4 1 3 2 1 3 0 4 0 4 0 3 4 0 1 2 2
split_gain=11255.3 7144.37 4367.56 2624.64 1609.46 1427.13 1135.87 1067.22 1055.01 1046.17 898.928 740.867 654.91 629.045 566.039 546.92 512.164 436.004 415.563 406.315 401.367 382.614 315.21 306.099 305.833 289.631 255.406 240.286 214.14 200.326
threshold=-25.146948869916866 16.355304853264457 55.578742879479307 3.7778547530701734 451.56558317776984 10.523478786037073 25.699980150063446 -6.004018792962694 15.635439033994343 18.874172279944812 20.952545371863817 36.881426695548178 18.475358640268201 685.83387317537438 90.119289934774528 804.23418374072173 9.5741031177096456 -9.9703768871649565 225.77465398504287 11.527806185973573 367.36103616886811 38.066516733766498 -804.41421206020766 28.755605146803543 1204.1232746177186 1586.498843148448 18.475358640268201 -6.4271140978511605 10.417583368819637 6.4370933105780184
decision_type=2 2 2 2 2 2 2 2 2 2 2 2 2 2 2 2 2 2 2 2 2 2 2 2 2 2 2 2 2 2
left_child=-1 2 3 6 7 10 13 12 -6 15 -4 20 28 17 29 27 23 -2 -8 -18 -10 -14 -13 -9 -22 -24 -26 -3 -5 -12
right_child=1 9 5 4 8 -7 18 16 11 -11 14 22 21 -15 -16 -17 19 -19 -20 -21 24 -23 25 -25 26 -27 -28 -29 -30 -31
leaf_value=0.10199506946975345 0.0060493481450016196 0.064684916930637201 0.056408733522972293 0.026626008401614321 0.049255508004537596 0.065532945174582177 -0.010736551905180552 0.00086081163963565581 0.023558974819499048 0.090798976830969352 0.0096426323219584668 0.071408152043990827 0.0039235036265020803 0.0044630452945913328 0.053644913779762049 0.076470460187542555 0.077362684994102787 -0.0044354965705451247 -0.0054196925443556242 0.0016779564116602857 0.0020204735033548262 0.027268329353379517 0.01317703344687777 -0.0042583366970240745 0.028157986472640867 0.037147757178728723 0.0064871079716465651 0.020667886491441918 0.071052255702025627 0.023559406510583896
leaf_weight=10808.55308139883 43698.8752531223 1516.8777612689883 5786.4610040932894 7329.7594422101974 5490.4153189733624 7199.1328334361315 282712.42949186265 142831.27524901927 10492.794706748798 7261.0253751799464 45134.585952393711 1091.2599812708795 163551.68770056218 126873.01289386302 3607.5697649642825 3366.4257285445929 711.3758816793561 429246.48266398907 306239.77812919393 246350.16294401512 332952.30801312625 7335.5715232901275 32413.00571526587 641065.68619284034 5618.6946095749736 5968.8313344810158 169570.33174370229 6799.0174137111753 1273.4767236784101 13418.384618353099
leaf_count=578419 194984 40847 109477 49546 96155 213442 1790416 610406 92596 333062 489482 18885 749842 605274 84610 132866 15233 2262481 1523812 1239742 1481245 87512 323259 3175429 66897 138686 1061429 155586 18554 200306
internal_value=0.00012929 -0.000230885 -0.000612634 -0.00121648 0.00121992 0.0231956 -0.00485242 -0.000835354 0.00563407 0.0609906 0.0187099 0.00520494 0.00628095 -0.00178943 0.0152005 0.0424635 -0.00207431 -0.00346673 -0.00797192 0.00189588 0.00419979 0.00492561 0.0184115 -0.00332559 0.00380003 0.0169048 0.00718214 0.0286969 0.0332021 0.0128319
internal_weight=3.06772e+06 3.05691e+06 3.03796e+06 2.96282e+06 1.77405e+06 75146.1 1.18877e+06 1.21045e+06 563598 18943.3 67947 558107 179490 599818 62160.5 11682.3 1.03096e+06 472945 588952 247062 518634 170887 39473.1 783897 508141 38381.8 175189 8315.9 8603.24 58553
internal_count=17940480 17362061 16699700 15602383 9225416 1097317 6376967 5946264 3279152 662361 883875 3182997 905454 3062739 774398 329299 5040810 2457465 3314228 1254975 2702167 837354 480830 3785835 2609571 461945 1128326 196433 68100 689788
is_linear=0
shrinkage=0.1


Tree=35
num_leaves=31
num_cat=0
split_feature=1 2 3 2 3 2 0 0 3 0 4 3 4 4 2 4 1 0 4 1 2 0 2 0 0 2 0 3 3 2
split_gain=10162.2 6211.04 3732.8 2333.92 1555.08 1428.05 1267.14 861.221 819.435 799.948 739.784 640.679 674.189 558.487 549.694 505.07 440.872 426.297 388.149 366.982 310.262 290.881 266.835 307.937 249.356 240.955 225.596 225.445 218.341 202.873
threshold=-25.146948869916866 17.171740496611907 3166.0037381836769 9.0658190756396575 88.573505953292212 10.74531160023159 13.528424951733479 22.102931496679634 393.43364736694724 20.952545371863817 35.009917837849862 904.47866377898151 -379.06344917976702 -804.41421206020766 19.701432676361332 2450.9854956356353 -18.49916639735395 39.925852596553632 -87.998012539860213 30.275524304486002 13.892841840992345 34.008971803467794 3.6127991280970808 25.909341102802937 21.26193955448549 3.0828708737203159 24.691752340792188 612.20773124525806 1086.2482510692814 5.5656176318201203
decision_type=2 2 2 2 2 2 2 2 2 2 2 2 2 2 2 2 2 2 2 2 2 2 2 2 2 2 2 2 2 2
left_child=-1 2 3 4 10 9 -5 16 18 -4 24 12 27 -10 19 26 -6 21 20 -3 -8 -15 23 -14 -2 -12 -11 -9 -18 -28
right_child=1 14 5 6 7 -7 8 11 13 15 25 -13 22 17 -16 -17 28 -19 -20 -21 -22 -23 -24 -25 -26 -27 29 -29 -30 -31
leaf_value=0.10180182832698402 0.0048727055938128615 0.037499915043790938 0.054960202895611411 0.056261559319550861 0.034359092724049897 0.067513251383744505 0.0063104384070213036 0.0049083519227434754 0.061370997078651901 0.023782655170481792 -0.011533995217032099 0.0019332629484253032 -0.0027866448420949966 0.032474705546191772 0.094772779551441089 0.041696262343153115 0.0031935346011380387 0.033911428213077729 0.00017899755099450647 0.086507675428657949 0.02803139899215858 0.0080620934255019785 -0.0018595577016637364 -0.0079477417508147276 -0.0034327798831651395 -0.0067592608760109517 0.0027347043994995599 0.086605153104425014 0.011588511382353927 0.017591009203841681
leaf_weight=9797.6026032511145 40562.768738463521 5063.2743381392211 5314.5142521075904 4832.6806594319642 5163.2975834663957 6361.7620113603771 61321.184308588505 97391.426820870489 2154.3796348273754 11264.937834110111 169119.74407604337 417213.76800728589 243152.52617780864 5057.698761254549 5251.0577508658171 6084.8586800321937 165051.00624546409 7161.3187240865082 257467.1876373291 2188.3650338444859 7366.0648939162493 139513.51964927651 470276.4792586267 220387.06326505542 332164.03597159684 281801.84630428255 26954.732277534902 338.95315103046596 38140.154063470662 13948.441064979881
leaf_count=578419 174389 165275 107119 101759 38580 210092 339932 447371 37583 136450 1121526 2029982 1226534 67965 262867 144134 729353 160811 1262016 103919 96725 1007436 2190635 1234409 1704498 1493280 289278 9934 283978 184231
internal_value=0.000121281 -0.000205557 -0.000495259 -0.00103374 -0.00227398 0.0223411 0.00531171 -0.000508839 0.00479879 0.0178203 -0.00582529 -0.00137338 -0.00271076 0.0108137 0.0701321 0.014432 0.00550259 0.0100958 0.00196082 0.0522892 0.00863981 0.00891615 -0.00353781 -0.00524046 -0.00252892 -0.00855004 0.0112519 0.0051917 0.00476932 0.00780087
internal_weight=3.05787e+06 3.04807e+06 3.03557e+06 2.96564e+06 2.48076e+06 69929.2 484874 1.65711e+06 480041 63567.5 823648 1.44876e+06 1.03155e+06 153887 12502.7 58253 208354 151733 326154 7251.64 68687.2 144571 933816 463540 372727 450922 52168.1 97730.4 203191 40903.2
internal_count=17940480 17362061 16830000 15758696 12684469 1071304 3074227 8190776 2972468 861212 4493693 7138865 5108883 1273795 532061 754093 1051911 1236212 1698673 269194 436657 1075401 4651578 2460943 1878887 2614806 609959 457305 1013331 473509
is_linear=0
shrinkage=0.1


Tree=36
num_leaves=31
num_cat=0
split_feature=1 2 3 2 2 2 3 0 0 3 1 0 2 0 4 1 0 3 4 1 3 3 4 1 3 1 2 0 4 4
split_gain=9177.33 5418.4 3167.82 1863.6 1742.21 1075.88 1005.16 797.355 792.691 704.665 592.043 563.817 555.088 532.324 490.045 468.51 381.551 356.241 324.69 290.724 287.435 277.681 343.918 247.583 246.349 304.682 226.036 281.126 214.421 174.357
threshold=-25.146948869916866 17.171740496611907 1860.3448827884929 11.725724334808499 3.6524670651483189 11.457849347032829 5007.8982893658294 25.564885864095469 11.527806185973573 76.318042277212854 -16.480711832406175 19.810583307491363 19.701432676361332 18.797407883559064 35.009917837849862 -16.480711832406175 21.414089436213391 852.41257877272437 2773.1542498933918 57.754105228697796 49.53627115472959 129.42059852608972 11.816733809986571 -13.23947561484461 742.89943354247407 -9.3883087281718716 4.9097976084539399 25.216409527757786 817.80270684847278 11.816733809986571
decision_type=2 2 2 2 2 2 2 2 2 2 2 2 2 2 2 2 2 2 2 2 2 2 2 2 2 2 2 2 2 2
left_child=-1 2 4 6 7 9 13 24 -7 14 -10 15 17 -4 -6 -11 -8 -3 -18 -5 29 22 -12 -13 25 -2 27 -15 -25 -9
right_child=1 12 3 19 5 8 16 20 10 11 21 23 -14 26 -16 -17 18 -19 -20 -21 -22 -23 -24 28 -26 -27 -28 -29 -30 -31
leaf_value=0.10162760044058446 0.0050874620095309603 0.034466033014269308 0.040765361404922956 0.039764478560805852 0.00016877307628210107 0.082008493770742069 0.069727698231228083 -0.0070416016629655312 0.043603423916501446 0.043729120369145245 0.010962308255372526 0.006632826510197737 0.09388693204785227 0.0099191156404933017 -0.0059543349762746622 0.0074433325872027244 0.019389690502899029 0.083707341520164402 0.055596567370657525 0.07464299015541169 -0.0058093157415675086 0.010287865588682426 -0.002762438572884213 -0.00087629874303119361 0.0025883587687285234 -0.0036965933777333617 0.010705046845460364 -0.00054982941857869411 0.0024994855415393282 -0.014146609697806602
leaf_weight=8879.6621258920059 44011.740011200309 4782.6766441352665 4552.9504404868931 6071.4270153231919 239443.01826126128 1437.5632890723646 2267.8694217931479 61185.354846909642 4413.6992036979645 3715.1322043351829 28537.99973032251 63572.556688355282 4793.9493560791016 40820.520823590457 287814.30736511201 84306.429146338254 13570.003112707287 2120.6729972325265 3029.769948232919 3941.0992597993463 408825.14988437667 90569.115042833611 50683.312083493918 606706.46562862396 106133.58231140673 384114.30489498377 67162.77036042884 69021.813364513218 272739.05880344659 79308.711673945189
leaf_count=578419 195819 161485 89327 158898 1107338 37784 55852 366584 65994 32470 207619 331817 262867 311568 1435743 469503 241104 107709 83694 151166 2172197 787450 301215 2789124 454684 2051349 631851 460005 1266990 572855
internal_value=0.000113472 -0.000183078 -0.000445495 0.0113897 -0.00132946 0.000636301 0.0092864 -0.00447506 0.00805584 -0.000199984 0.00744556 0.0013207 0.067746 0.00700347 -0.00317365 0.00897485 0.0312544 0.0495927 0.0259981 0.0534932 -0.00715028 0.00650564 0.00218165 0.000606263 -0.00172443 -0.00279358 0.00613504 0.00334073 0.00017062 -0.0110524
internal_weight=3.04853e+06 3.03965e+06 3.02796e+06 210438 2.81752e+06 1.73394e+06 200426 1.08358e+06 175642 1.5583e+06 174204 1.03104e+06 11697.3 181558 527257 88021.6 18867.6 6903.35 16599.8 10012.5 549319 169790 79221.3 943018 534260 428126 177005 109842 879446 140494
internal_count=17940480 17362061 16830000 2183465 14646535 8833047 1873401 5813488 1400062 7432985 1362278 4889904 532061 1492751 2543081 501973 380650 269194 324798 310064 3111636 1296284 508834 4387931 2701852 2247168 1403424 771573 4056114 939439
is_linear=0
shrinkage=0.1


Tree=37
num_leaves=31
num_cat=0
split_feature=1 2 3 2 2 3 0 1 0 2 4 4 0 3 0 0 2 1 3 0 4 3 4 2 0 3 4 4 0 2
split_gain=8289.47 4743.63 2689.92 1728.71 1200.21 1176.19 963.932 790.965 663.473 613.217 529.696 538.281 489.191 427.139 397.649 390.139 347.484 261.013 334.486 239.12 221.643 216.447 208.561 205.025 198.378 186.32 183.495 150.668 145.45 292.142
threshold=-25.146948869916866 17.680989355593152 3284.9437942885638 10.630267955779233 11.206978148558767 506.18100600908696 13.528424951733479 -6.9050684921334673 20.430679197560071 3.3656610929852016 -690.49382549078268 1311.9252709843734 20.239150505828892 8140.5964554340344 25.769637840158257 19.078016361281769 19.701432676361332 -2.5842875020572205 126.13141880528504 39.646606648615197 458.55214401861076 1086.2482510692814 1586.498843148448 13.480528331311694 20.788547687530251 612.20773124525806 334.3497980863558 -873.49489018560882 24.534193677594974 4.0248478946039041
decision_type=2 2 2 2 2 2 2 2 2 2 2 2 2 2 2 2 2 2 2 2 2 2 2 2 2 2 2 2 2 2
left_child=-1 2 3 5 8 7 23 15 -4 14 27 17 26 -10 -9 -2 21 -12 -19 -13 25 -3 28 -5 -11 -14 -7 -8 -22 -30
right_child=1 16 4 6 -6 12 10 9 13 24 11 19 20 -15 -16 -17 -18 18 -20 -21 22 -23 -24 -25 -26 -27 -28 -29 29 -31
leaf_value=0.10147046061084891 0.022349442205982582 0.03987704972592241 0.056157271625888364 0.037286680078951827 0.06889406335027963 0.065403517626608509 0.081283822208391629 -0.0040099848246315638 0.011046084630761122 0.0013044070850068657 0.012048201366842225 0.016231058400451928 0.013892576913184766 0.04794932733074414 -0.0092020246052740892 0.0013753087839448177 0.092957797398327435 -0.0018573038821979651 0.0063784725073366202 0.045307366945515293 0.003272299030528684 0.089295511558962135 0.010310259770583381 0.082097786306171608 -0.0028561055013318678 0.086046569173325885 0.010953583769536769 0.032650020147264758 -0.0025531235848579754 0.0017943899643635044
leaf_weight=8046.4599503334612 9192.0556086078286 3255.5617883317173 3885.6856338698417 3003.1133720241487 4687.1434024646878 627.78246846608818 800.63763938844204 325659.97271199524 50052.46518355608 132320.16616203636 35757.633293498307 17509.709955848753 8015.6969391033053 3346.140758972615 269652.36965967715 251960.63956524432 4378.9416415318847 87705.583542417735 112656.87696054392 3373.2620639558882 152302.63782093674 1217.8163657337427 22301.30940810591 1546.9745823461562 855975.25015750527 374.60684442706406 43810.247473537922 3116.8252088278532 282528.72527769208 341262.06039384753
leaf_count=578419 61979 129422 90661 58873 185410 9001 18319 1830071 652186 580102 274927 263711 73047 89320 1765093 1099188 262867 479202 764488 122906 731589 71245 202288 46380 4194046 11928 320474 45167 1325612 1602559
internal_value=0.000106024 -0.000162957 -0.000376975 -0.000808458 0.0202425 -0.00156661 0.00689099 -0.00298545 0.0162617 -0.00382632 0.00609525 0.00553897 0.00150826 0.0133586 -0.00636177 0.00211356 0.0729328 0.00417795 0.00277339 0.0209278 0.000945643 0.0533306 0.00077573 0.0525219 -0.00229907 0.0171141 0.0117228 0.0425896 0.000501752 -0.000174696
internal_weight=3.04032e+06 3.03228e+06 3.02343e+06 2.96145e+06 61971.4 2.69598e+06 265471 1.84476e+06 57284.3 1.58361e+06 260921 257003 851223 53398.6 595312 261153 8852.32 236120 200362 20883 806785 4473.38 798395 4550.09 988295 8390.3 44438 3917.46 776093 623791
internal_count=17940480 17362061 16898527 15880950 1017577 13806977 2073973 9530479 832167 8369312 1968720 1905234 4276498 741506 3595164 1161167 463534 1518617 1243690 386617 3947023 200667 3862048 105253 4774148 84975 329475 63486 3659760 2928171
is_linear=0
shrinkage=0.1


Tree=38
num_leaves=31
num_cat=0
split_feature=1 2 3 2 2 0 0 0 4 3 1 0 2 1 1 2 0 1 3 4 0 0 3 3 1 0 3 4 4 2
split_gain=7488.81 4153.55 2274.46 1610.8 1274.02 875.795 732.543 731.01 725.786 577.856 569.624 366.438 351.986 347.355 345.854 305.121 295.291 316.673 240.652 235.901 234.507 278.303 274.347 211.469 211.305 187.997 170.791 224.694 168.061 161.041
threshold=-25.146948869916866 17.680989355593152 1684.9526064583138 12.593783445256088 7.9808886790301008 18.797407883559064 11.527806185973573 23.860670172014917 2450.9854956356353 69.426942769120984 -22.114843219535548 39.141906145769262 19.701432676361332 -16.480711832406175 1.4629805102082252 3.2045172896751528 32.936138005648466 -10.548272924009504 2954.5435423784297 -403.04713271493711 24.371900697761756 30.579897279164815 5007.8982893658294 1086.2482510692814 64.468426591397261 25.909341102802937 91.277498609007651 40.452066538461338 661.61063861525292 9.3168782837900768
decision_type=2 2 2 2 2 2 2 2 2 2 2 2 2 2 2 2 2 2 2 2 2 2 2 2 2 2 2 2 2 2
left_child=-1 2 4 5 7 24 -6 13 20 14 -8 16 23 -2 -9 25 17 -12 -5 -13 22 -22 -7 -3 29 -11 27 -18 -21 -4
right_child=1 12 3 18 6 8 10 9 -10 15 11 19 -14 -15 -16 -17 26 -19 -20 28 21 -23 -24 -25 -26 -27 -28 -29 -30 -31
leaf_value=0.10132868872335932 0.016936457912939906 0.037347618645096059 0.02470180524732676 0.038830576898986807 0.078419656366968127 0.0096467307411561547 0.047851902426141138 -0.0034919144144451419 0.038907636566790131 -0.0017201974197195936 0.046568006108607785 0.040281231019968278 0.091979220802488937 0.0005645086307003341 -0.0087346481170346869 -0.0006589605211662781 0.0027409748842222286 0.0082942218357467037 0.074828343820257978 0.0042230484880759565 0.00085832981717524524 0.0089352358100382064 0.038522437818835097 0.08801860700853946 0.078304705712656741 -0.005697787431863343 0.0026204867878579109 -0.0036154837745034003 0.018426950495937795 0.068320812593608213
leaf_weight=7290.4063438214362 13316.199855636805 3134.92360519059 3823.9215855840594 4349.2934452388436 1274.9966559913009 40959.471122123301 2763.4851683732122 244191.21332034469 6678.8382966499776 207680.87615601905 2328.1804915219545 2718.6788501143456 4002.2852545036003 483179.62475892901 259591.35775712132 629115.16571213119 97237.59671779722 30242.582949463278 3240.9805141687393 21578.440984815359 114321.27920163795 68057.297258984298 3577.6942691355944 1117.1141460966319 1407.6225556712598 277730.97096548229 353241.74170085788 129905.23383322358 13567.86699311994 1087.0311776418239
leaf_count=578419 79944 129422 64626 130328 38998 328600 44702 1330109 184680 1058841 25235 51723 262867 2223551 1658709 2988709 436089 245417 149683 234226 785472 662899 70441 71245 42526 1469737 1782342 558352 222817 29771
internal_value=9.89853e-05 -0.00014495 -0.000338751 0.00884589 -0.00115951 0.00741096 0.00269471 -0.00235299 0.00641726 -0.00338279 0.00254699 0.00235461 0.0706946 0.00100361 -0.00619341 -0.00211235 0.00176486 0.0110301 0.0542013 0.0119016 0.00546097 0.00387235 0.0119663 0.0506601 0.0441473 -0.003996 0.0012449 -0.000894347 0.00970632 0.0343568
internal_weight=3.03271e+06 3.02542e+06 3.01717e+06 247503 2.76966e+06 239913 654859 2.11481e+06 233595 1.61831e+06 653584 650820 8254.32 496496 503783 1.11453e+06 612955 32570.8 7590.27 37865 226916 182379 44537.2 4252.04 6318.58 485412 580385 227143 35146.3 4910.95
internal_count=17940480 17362061 16898527 2449026 14449501 2169015 3639901 10809600 2032092 8506105 3600903 3556201 463534 2303495 2988818 5517287 3047435 270652 280011 508766 1847412 1448371 399041 200667 136923 2528578 2776783 994441 457043 94397
is_linear=0
shrinkage=0.1


Tree=39
num_leaves=31
num_cat=0
split_feature=1 2 1 2 2 3 0 4 0 1 4 4 0 2 0 1 2 3 2 4 3 0 4 1 4 3 1 3 3 0
split_gain=6766.54 3629.42 1912.16 1247.98 934.259 890.11 790.44 671.828 506.086 450.481 425.076 437.483 401.728 354.639 337.949 318.709 273.7 205.366 199.102 181.729 177.147 169.886 162.905 212.245 162.021 161.339 158.189 151.404 148.53 126.661
threshold=-25.146948869916866 17.680989355593152 58.968141470975574 11.206978148558767 10.630267955779233 506.18100600908696 36.163456002875058 -6.4067627785361552 21.708022154128756 6.7591058480308615 1333.8737278021511 -690.49382549078268 20.239150505828892 19.701432676361332 19.810583307491363 99.639369155523724 3.3656610929852016 1086.2482510692814 13.892841840992345 458.55214401861076 612.20773124525806 39.925852596553632 -55.212106062730221 11.64709125750656 323.61223980832159 3.2102005638875162 37.861195034078456 169.21637777743129 290.92935034893918 24.851889051181441
decision_type=2 2 2 2 2 2 2 2 2 2 2 2 2 2 2 2 2 2 2 2 2 2 2 2 2 2 2 2 2 2
left_child=-1 2 3 5 8 7 18 14 -4 25 11 -8 24 17 28 -10 29 -3 -5 20 -14 -12 -13 -24 -7 -9 -21 -16 -2 -11
right_child=1 13 4 6 -6 12 10 9 15 16 21 22 19 -15 27 -17 -18 -19 -20 26 -22 -23 23 -25 -26 -27 -28 -29 -30 -31
leaf_value=0.1012007460669532 0.0090795324202797983 0.034893122542500037 0.044893372113225562 0.035565426990546815 0.061719409073181665 0.061961777141281739 0.041565708601125184 -0.0030315034221222192 0.0094136039085021272 -0.0023298184815179648 0.017001636809194771 0.010493555343179927 0.012527945596101785 0.090945202149669335 -0.00092683124292721397 0.057774840659368158 -0.0010932148848402639 0.086669797760412046 0.083796035420840187 -0.00011508776727494219 0.084764949141476198 0.044857285889011007 -0.0017263273057733742 0.0058748698977599198 0.0099497234248082725 -0.0075220385276075705 0.0029205631976506807 0.0032213928976131735 0.03436108629405437 -0.0062394157575205132
leaf_weight=6604.5478532472625 24502.931197673082 3025.7740462385118 4917.0180233959109 3936.0631898697466 4598.2166145667434 607.11597569845617 3138.7796815913171 108289.02388586849 41229.550485257059 140177.71332363784 13302.258680455387 31086.489700429142 8047.0801563747227 3660.5415439186618 390481.0504052043 1409.2774665802717 594502.77743189782 1025.7524776821956 1093.7543168272823 573948.74848929048 354.43279236927629 2620.7945791631937 65514.434401392937 83622.05867821537 44318.364517403767 306379.68529953808 244912.10350490361 113578.38565568626 2567.3319427780807 202682.51649586856
leaf_count=578419 130131 129422 111529 78758 194969 9420 56964 608679 578346 737685 234647 254012 75369 262867 1849077 41391 2831321 71245 38906 2524844 12303 109966 378766 618495 339051 1747147 1507736 508253 21133 1299629
internal_value=9.23196e-05 -0.000128832 -0.000304269 -0.000638749 0.018677 -0.00119792 0.00690212 -0.00242111 0.0145152 -0.00360495 0.00591397 0.00455298 0.0014431 0.0683849 0.000592439 0.011012 -0.00239089 0.0480018 0.0460534 0.00094297 0.0155754 0.0215864 0.00390836 0.00253573 0.0106526 -0.00634935 0.000792841 7.87718e-06 0.0114772 -0.00464098
internal_weight=3.02613e+06 3.01953e+06 3.01182e+06 2.95966e+06 52154.1 2.75535e+06 204315 1.88316e+06 47555.8 1.35203e+06 199285 183362 872188 7712.07 531130 42638.8 937363 4051.53 5029.82 827262 8401.51 15923.1 180223 149136 44925.5 414669 818861 504059 27070.3 342860
internal_count=17940480 17362061 16898527 15972292 926235 14201778 1770514 9733055 731266 7224461 1652850 1308237 4468723 463534 2508594 619737 4868635 200667 117664 4120252 87672 344613 1251273 997261 348471 2355826 4032580 2357330 151264 2037314
is_linear=0
shrinkage=0.1


Tree=40
num_leaves=31
num_cat=0
split_feature=1 2 4 0 2 0 0 1 4 3 1 4 1 3 3 2 0 0 2 0 1 1 1 2 0 3 1 0 4 3
split_gain=6114.8 3189.81 1695.98 1179.74 905.721 802.979 651.486 549.975 498.177 409.715 379.297 377.142 367.896 363.448 325.528 312.161 242.627 217.984 217.814 213.071 201.378 189.61 181.042 174.728 166.829 157.309 137.078 133.07 125.694 115.219
threshold=-25.146948869916866 18.225373288096602 1815.5226061821297 14.710805724338075 5.6603551494812665 37.877481817253276 24.534193677594974 58.968141470975574 -804.41421206020766 1204.1232746177186 -11.838920454088887 2773.1542498933918 37.861195034078456 60.87309184880035 1956.2039963706536 13.892841840992345 38.066516733766498 17.764048374588651 20.741191799887673 18.475358640268201 -5.2274766356783031 1.0624575090790354 -20.77091823712145 13.892841840992345 23.683856090664765 715.47093822690636 33.210257458104259 37.877481817253276 -251.93370869671662 46.04022493062552
decision_type=2 2 2 2 2 2 2 2 2 2 2 2 2 2 2 2 2 2 2 2 2 2 2 2 2 2 2 2 2 2
left_child=-1 2 3 12 6 11 14 8 -6 10 19 24 15 21 22 20 29 -11 26 -10 -2 -8 -5 -21 -4 28 -3 -19 -15 -12
right_child=1 18 5 4 7 -7 13 -9 9 17 16 -13 -14 25 -16 -17 -18 27 -20 23 -22 -23 -24 -25 -26 -27 -28 -29 -30 -31
leaf_value=0.10108525402123281 0.057037301097369111 0.044492385775318458 0.049619729769305787 0.020456658055587832 0.051038569833580918 0.060768091969782771 -0.0037640506431941383 0.056281013183773598 0.032042209057278837 0.029786724688176464 -0.0017772065542386046 0.049559762428956919 0.081629772054862451 -0.00015684231428934349 0.010417493652807003 0.08177206859022057 0.0060537090774274282 0.0053764797653496586 0.096900541528651823 0.0058364774551738653 0.011567943015077471 -0.0087222882549629292 -6.3533357865457228e-05 0.035416204663125748 0.010837243397522726 -0.00066347127170396803 0.090045061959438871 0.02222467473884146 -0.0041442494667294988 0.00056795057706240828
leaf_weight=5982.5223878677934 1174.3397046942264 2315.7194056259468 1148.3287946451455 4335.5752167198807 2014.7008242141455 4313.961343774572 145738.43242618442 1825.6031669396907 3599.9992402121425 4033.3976403232664 303617.26711753756 2930.8601028509438 1438.3093575164676 96006.087568467483 32536.558802772313 905.75158617924899 67170.621974730864 106127.2848909311 2471.9344047438353 53565.352154826745 5710.6023952681571 163827.2494301796 516485.2588153407 2074.3206276316196 32531.397880574688 326523.16350860149 924.27073582541198 4904.4702309612185 447775.86627610028 675810.97954144329
leaf_count=578419 19242 131559 28333 33476 45363 209454 849736 52093 32033 63964 1369176 98646 55483 426997 299031 32473 679029 752169 194028 301503 82397 1151752 2446203 40173 528968 1562633 73279 121884 2614387 3066597
internal_value=8.59418e-05 -0.000114544 -0.000256308 -0.000535164 -0.000646543 0.019962 -0.00211748 0.0014351 0.00135322 0.00127123 0.000680314 0.0151536 0.0351625 -0.00344521 0.000713511 0.0265838 0.000239698 0.00695026 0.074544 0.00846476 0.0193235 -0.00638803 0.000107287 0.00693925 0.0121596 -0.00239846 0.0574872 0.00612069 -0.00344026 -0.000159035
internal_weight=3.01982e+06 3.01384e+06 3.00813e+06 2.9672e+06 2.95797e+06 40924.5 1.73323e+06 1.22474e+06 1.22292e+06 1.2209e+06 1.10584e+06 36610.6 9229 1.17987e+06 553357 7790.69 1.0466e+06 115065 5711.92 59239.7 6884.94 309566 520821 55639.7 33679.7 870305 3239.99 111032 543782 979428
internal_count=17940480 17362061 16963195 16097794 15908199 865401 9384215 6523984 6471891 6426528 5488511 655947 189595 6605505 2778710 134112 5114802 938017 398866 373709 101639 2001488 2479679 341676 557301 4604017 204838 874053 3041384 4435773
is_linear=0
shrinkage=0.1


Tree=41
num_leaves=31
num_cat=0
split_feature=1 2 4 0 3 4 0 2 0 3 0 0 1 2 2 3 2 0 1 0 1 3 4 2 0 2 3 1 4 2
split_gain=5526.53 2800.29 1462.17 984.82 899.455 626.955 567.16 410.955 393.851 426.607 357.508 352.834 345.4 292.04 287.955 244.482 223.043 216.615 177.445 176.317 165.223 162.894 150.81 140.266 137.236 208.157 142.917 135.39 133.352 127.605
threshold=-25.146948869916866 18.225373288096602 2339.7908954173759 14.710805724338075 506.18100600908696 -6.4067627785361552 39.646606648615197 2.9594781812027073 21.107925458486875 3847.9044303782803 38.900503421250427 37.185811061475533 37.861195034078456 8.9867021558257729 13.892841840992345 49.53627115472959 20.741191799887673 21.107925458486875 -9.3883087281718716 26.104313809698635 22.350919412091226 904.47866377898151 3006.448104742406 7.6705745819049342 24.851889051181441 4.0248478946039041 3284.9437942885638 33.210257458104259 340.20943380204034 9.0658190756396575
decision_type=2 2 2 2 2 2 2 2 2 2 2 2 2 2 2 2 2 2 2 2 2 2 2 2 2 2 2 2 2 2
left_child=-1 2 3 12 5 10 8 19 9 28 17 22 14 21 18 -9 27 -5 -2 -7 -15 -10 -4 -19 26 -26 -23 -3 -6 -17
right_child=1 16 11 4 6 7 -8 15 13 -11 -12 -13 -14 20 -16 29 -18 23 -20 -21 -22 24 -24 -25 25 -27 -28 -29 -30 -31
leaf_value=0.1009809776116431 0.062848917475286301 0.041894293841137853 0.021109120622183106 0.0075146845144374794 0.049900418970168253 -0.003804648965631359 0.029258443113732741 -0.0039113903830129415 -0.0012840857671691517 0.046915477344288553 0.020276660299049839 0.072963865255805102 0.079712536096974887 0.04221724409297687 0.07982329968125812 -0.00138681182406714 0.096342481669191793 -0.00069126611248711441 0.01190102441430254 -0.0079947731171417947 0.0055453261614832388 0.0037729745689750066 0.055993678643880308 0.0031406355855252686 -0.0015576609419031742 0.0031450190228077381 0.016506910634991507 0.088900292184436014 0.0070593445488155802 0.0017276010012213943
leaf_weight=5418.5156355435029 771.46711343899369 2218.5898139560595 6469.4731159470975 44670.098762467504 735.00516153499484 275384.9431977123 7608.426393433474 327600.41802030429 291644.86366776936 2876.6753036640584 9621.7326618973166 2205.7164846537635 1333.7100176773965 1241.719386363402 838.56076546851546 519609.88645130396 2249.0104404045269 386972.41184999049 6003.199597639963 158067.04881903529 116098.06932351366 89194.883367449045 1532.8988043367863 126836.46454484016 184081.42430332303 192606.67298947647 9780.1272192075849 846.54768197704107 63331.807406162843 176157.92790848762
leaf_count=578419 13848 131559 166264 222074 11175 1632643 221322 1722542 1339855 77950 145265 128240 55571 22909 32473 2565764 194028 1839107 87791 1074038 940226 449092 54357 628142 964424 1095976 128270 73279 438858 905019
internal_value=8.00033e-05 -0.000101721 -0.000230054 -0.000358913 -0.000458236 -0.00165314 0.00206426 -0.00275195 0.00184683 0.0092424 0.00116463 0.0375521 0.0327688 0.00128719 0.024545 -0.00165888 0.0724255 0.000835354 0.0177027 -0.00533266 0.0059334 0.000576676 0.0277915 0.000254659 0.00171757 0.000846895 0.00503127 0.0548767 0.00755084 -0.000598289
internal_weight=3.01401e+06 3.00859e+06 3.00328e+06 2.99307e+06 2.98412e+06 2.02492e+06 959200 1.45682e+06 951591 66943.5 568101 10208.1 8946.94 884648 7613.23 1.02337e+06 5314.15 558479 6774.67 433452 117340 767308 8002.37 513809 475663 376688 98975 3065.14 64066.8 695768
internal_count=17940480 17362061 16963195 16614334 16424651 10734594 5690057 7900006 5468735 527983 2834588 348861 189683 4940752 134112 5193325 398866 2689323 101639 2706681 963135 3977617 220621 2467249 2637762 2060400 577362 204838 450033 3470783
is_linear=0
shrinkage=0.1


Tree=42
num_leaves=31
num_cat=0
split_feature=1 2 4 0 1 4 4 2 2 2 0 0 0 1 2 3 1 2 0 2 3 1 3 3 2 1 0 4 4 0
split_gain=4995.43 2453.43 1240.72 849.622 662.657 651.702 552.802 549.586 428.73 362.953 354.608 327.221 326.845 307.484 268.349 257.849 244.3 227.303 184.524 166.508 137.964 135.173 267.021 133.134 111.76 110.396 104.534 97.1044 92.8305 82.0435
threshold=-25.146948869916866 18.225373288096602 2028.6674921669969 18.475358640268201 36.028220976704525 763.17907792969129 -357.41329230374384 12.593783445256088 12.762165721520427 2.9594781812027073 38.900503421250427 25.769637840158257 39.925852596553632 -11.838920454088887 9.2306517027016834 589.46563126334479 99.639369155523724 20.741191799887673 23.208685659508266 7.9185280809848821 3847.9044303782803 0.65011873555692334 49.53627115472959 941.69637925329585 10.036535320853487 64.468426591397261 22.685211475095212 1653.9026091066819 -873.49489018560882 31.134785361900189
decision_type=2 2 2 2 2 2 2 2 2 2 2 2 2 2 2 2 2 2 2 2 2 2 2 2 2 2 2 2 2 2
left_child=-1 2 3 4 8 6 10 16 13 11 15 -8 18 -2 25 26 29 23 20 -20 -7 24 -23 -3 -11 -6 -5 -21 -12 -4
right_child=1 17 7 5 14 12 9 -9 -10 21 28 -13 -14 -15 -16 -17 -18 -19 19 27 -22 22 -24 -25 -26 -27 -28 -29 -30 -31
leaf_value=0.10088680606262275 0.03271176914712344 0.038302836861210665 0.0053818449549722673 0.01526337012626592 0.020517684279752729 0.0060596444407283664 -0.0019907671470455637 0.06313506568054951 0.059611899617615233 3.1770742308484553e-05 0.081156692298666011 -0.0064010066149526 0.022600429840235796 0.0040414625665109441 0.066687243245850167 0.048319405007315901 0.056005491255096664 0.095754623305073949 0.00035612685356398312 0.0032741744309263856 0.024458116525849422 -0.0041491430186894945 -0.00054308905426280721 0.08508574432569227 0.0052263832312800995 0.064019100207846694 0.0026473731796610085 0.012114116866306902 0.029600280578482081 0.019366647464422976
leaf_weight=4907.2193502588198 3968.9427457600832 2040.0774080920964 6929.324259461835 6917.6555455885828 4862.1463537309319 41586.477678071707 413354.48947291076 3009.2590087680146 1506.7069714525715 261481.41400319338 390.24930093623698 283702.06441164017 7597.2767189722508 65061.480283729732 2252.7196600604802 1283.3502862565219 1491.3452407363802 2046.8612565239891 481526.05311387777 162669.83228252828 4518.5257894191891 281980.96409459971 755543.47287385911 866.72888509463519 49211.919350758195 662.9085700828582 129826.7957624644 13453.99787957035 3323.4900543708354 10630.955438688397
leaf_count=578419 40780 125041 129640 40587 73721 290556 2215990 174230 50556 1208134 12498 1779400 196439 390707 82972 31190 51237 194028 2416745 1007434 85658 1495351 3708073 79797 290277 23225 651281 204060 67057 245397
internal_value=7.43319e-05 -9.03681e-05 -0.000206527 -0.000381637 0.00989619 -0.000659348 -0.00151454 0.0234212 0.00684168 -0.00193308 0.00452475 -0.00378573 0.0019699 0.00568988 0.0375977 0.00370431 0.0171483 0.0702275 0.00174719 0.00131845 0.00786279 -0.000975213 -0.00152315 0.0522522 0.000854566 0.0257371 0.00328559 0.00394945 0.035018 0.0138482
internal_weight=3.0086e+06 3.0037e+06 2.99874e+06 2.97668e+06 78314.9 2.89837e+06 2.18702e+06 22060.9 70537.1 2.04527e+06 141742 697057 711352 69030.4 7777.77 138028 19051.6 4953.67 703755 657650 46105 1.34822e+06 1.03752e+06 2906.81 310693 5525.05 136744 176124 3713.74 17560.3
internal_count=17940480 17362061 16963195 16362691 661961 15700730 11499838 600504 482043 10697225 802613 3995390 4200892 431487 179918 723058 426274 398866 4004453 3628239 376214 6701835 5203424 204838 1498411 96946 691868 1211494 79555 375037
is_linear=0
shrinkage=0.1


Tree=43
num_leaves=31
num_cat=0
split_feature=1 2 4 0 3 0 0 2 1 0 1 4 2 1 0 1 3 3 2 4 4 3 0 1 4 0 0 1 1 2
split_gain=4515.83 2145.01 1065.27 718.865 644.098 553.043 475.875 375.976 375.657 310.864 269.779 237.574 230.487 223.294 206.886 180.59 180.494 177.858 173.967 171.655 189.44 153.236 130.81 130.423 126.721 118.462 135.787 109.782 106.44 108.576
threshold=-25.146948869916866 18.225373288096602 2339.7908954173759 13.528424951733479 285.3893131894468 38.672799466850755 19.597021590686516 3.2045172896751528 54.581736046543867 37.185811061475533 1.0624575090790354 1333.8737278021511 20.741191799887673 -20.77091823712145 25.352277054650227 -17.456359810171381 612.20773124525806 46.04022493062552 13.892841840992345 653.61845845865048 1728.2989739118073 1064.1811628159433 39.646606648615197 33.210257458104259 3006.448104742406 24.196338279945042 30.579897279164815 -4.8501577298573837 33.569715253567331 9.2306517027016834
decision_type=2 2 2 2 2 2 2 2 2 2 2 2 2 2 2 2 2 2 2 2 2 2 2 2 2 2 2 2 2 2
left_child=-1 2 3 18 7 6 8 14 15 24 22 13 23 16 -5 -6 -8 -12 21 -7 -21 27 -9 -3 -4 -13 -27 -2 -17 -30
right_child=1 12 9 4 5 19 11 10 -10 -11 17 25 -14 -15 -16 28 -18 -19 -20 20 -22 -23 -24 -25 -26 26 -28 -29 29 -31
leaf_value=0.10080174732622355 0.062175405099188952 0.036802831644947624 0.017924498732025188 -0.0018520292566270302 0.034899312405232988 0.052077636249201781 0.0091094538543273224 0.0012687132431237133 0.046075348348209776 0.068823814526762159 -0.0038963125843929866 0.016568555195727454 0.095132323541742461 -4.5654076335787077e-05 -0.0058002451002714559 0.0042177902996628587 0.082073653508287367 -0.00060849577007290141 0.07985622372724209 0.011756885125277882 0.044529196133105048 0.074308594583265802 0.016106510683912459 0.086430980297635907 0.051220211443493119 0.00026063029129974266 0.006655864319793133 0.0079634090678566399 0.011961018691261066 0.043654909306471472
leaf_weight=4443.7918844386004 466.90034371800721 2049.4428318860009 6243.0981989447027 259950.7668863982 2437.5091778989881 1336.0274188648909 20961.301982909441 380381.03274393082 2790.136077163741 1942.2240914972499 255158.69554785267 7679.3100003786385 1863.5902319066226 1108789.0849081613 271158.23955833912 35115.569874666631 344.60756284184754 463264.53721922264 946.88145404029638 17648.457829316147 1959.6933485958725 632.00490557216108 6035.8614338133484 714.03057280089706 1399.2583214845508 60019.22719116509 74301.960475211963 1868.1638819817454 10640.6058976762 1203.1041106116027
leaf_count=578419 10651 131559 166264 1429471 26276 34564 158958 1817842 84028 128240 1338550 117241 194028 5278329 1761366 197757 13793 2336266 47614 293128 95220 27296 100642 73279 54357 504328 761504 38525 112715 28270
internal_value=6.90829e-05 -8.01636e-05 -0.000185283 -0.000292155 -0.000348384 0.00127257 0.00101758 -0.00168128 0.0103767 0.0330996 -0.000630192 0.000633624 0.067954 0.000149198 -0.00386779 0.00836029 0.0102896 -0.00177621 0.0425362 0.0173954 0.0150322 0.0306262 0.00150048 0.0496258 0.0240207 0.00448887 0.00379826 0.0188032 0.00698273 0.0151805
internal_weight=3.00375e+06 2.9993e+06 2.99467e+06 2.98509e+06 2.98118e+06 1.34523e+06 1.32428e+06 1.63595e+06 52186.9 9584.58 1.10484e+06 1.2721e+06 4627.06 1.13009e+06 531109 49396.8 21305.9 718423 3913.95 20944.2 19608.2 2967.07 386417 2763.47 7642.36 142000 134321 2335.06 46959.3 11843.7
internal_count=17940480 17362061 16963195 16614334 16490248 7706111 7283199 8784137 449046 348861 5593300 6834153 398866 5451080 3190837 365018 172751 3674816 124086 422912 388348 76472 1918484 204838 220621 1383073 1265832 49176 338742 140985
is_linear=0
shrinkage=0.1


Tree=44
num_leaves=31
num_cat=0
split_feature=1 2 4 2 0 0 1 4 4 4 4 1 0 0 3 2 3 2 1 2 4 2 0 2 2 3 4 1 1 1
split_gain=4082.65 1886.71 935.701 661.187 551.95 510.259 467.961 431.362 289.909 283.99 286.867 275.453 265.089 192.662 164.631 159.263 143.868 203.396 126.611 124.163 121.502 100.227 92.3412 86.3428 85.2149 84.2523 170.156 81.5147 77.7501 76.2703
threshold=-25.146948869916866 18.874172279944812 2450.9854956356353 12.284303239033681 37.185811061475533 22.453777115885448 57.754105228697796 727.43765400679285 -237.18176531415287 1620.2034334173804 -690.49382549078268 -19.621452163579466 35.895089096592862 30.821785329762921 612.20773124525806 7.0537144475245919 1064.1811628159433 9.2306517027016834 -4.8501577298573837 20.741191799887673 1586.498843148448 7.9185280809848821 40.529641611438457 13.892841840992345 7.3524246273472729 58.903196281369446 35.009917837849862 99.639369155523724 79.577020241995001 30.275524304486002
decision_type=2 2 2 2 2 2 2 2 2 2 2 2 2 2 2 2 2 2 2 2 2 2 2 2 2 2 2 2 2 2
left_child=-1 2 3 5 23 6 11 8 14 10 -6 24 27 25 -7 28 18 -18 21 29 -9 -13 -11 -5 -2 26 -10 -4 -8 -3
right_child=1 19 12 4 9 7 15 20 13 22 -12 16 -14 -15 -16 -17 17 -19 -20 -21 -22 -23 -24 -25 -26 -27 -28 -29 -30 -31
leaf_value=0.10072490461861344 0.022069379380759584 0.040778988798495397 0.015737241329075436 0.039640141824179832 0.041826139601517806 0.0014540705172481989 0.017094392276607286 0.00061326890328100364 -0.0022570931710618751 0.022152625055767927 0.0043356057352519515 0.0049901359063043004 0.064168540024522547 -0.00095717217262264735 0.078852522696772384 0.064460324888459444 0.0061132441133328955 0.042901442720814253 0.00062600289617445318 0.09447087522062915 0.0052734453274059833 0.022108782195837871 0.054974884141841818 0.078864028167021594 0.062302365787536784 -0.0024833138601521535 -0.0064535394341272562 0.046715710300806602 0.049935061836072492 0.088045637345480793
leaf_weight=4023.8206923929974 3502.1384660769254 1091.0511666787788 3723.4272218439728 1443.2493953844532 2079.2992982938886 213301.48158078641 4307.0334979463369 648634.3217587322 190184.72856147587 3958.3593686521053 110736.86340275034 37674.263955563307 2282.3579040206969 593998.69732435048 275.17378722690046 1102.0598234981298 44424.010444277897 1555.50719800964 283290.0797146 1697.4665017081425 61228.574257094413 3761.6587698273361 1094.0648011500016 918.28576815035194 619.57780086062849 579975.32354024053 196409.91058950126 1100.4477465860546 865.82319061458111 496.84812898561358
leaf_count=578419 29339 83810 106948 43660 51211 993663 77353 3126065 1094110 127960 1061025 169918 147086 2621111 11889 45831 335393 40275 1302870 194028 750275 36745 75031 50307 9834 3298406 1355219 40986 26489 55224
internal_value=6.41422e-05 -7.10638e-05 -0.000154217 -0.000240491 0.0070244 -0.000545351 0.00286171 -0.00106807 -0.00190163 0.00606535 0.00502659 0.00240832 0.0360895 -0.00237453 0.00155379 0.0299447 0.00212248 0.0073578 0.00138118 0.0756684 0.00101523 0.00654421 0.02926 0.0548924 0.0281172 -0.00324556 -0.0043891 0.0228042 0.0225912 0.0555686
internal_weight=2.99976e+06 2.99573e+06 2.99245e+06 2.98534e+06 120230 2.86511e+06 381102 2.48401e+06 1.77415e+06 117869 112816 374827 7106.23 1.56057e+06 213577 6274.92 370706 45979.5 324726 3285.37 709863 41435.9 5052.42 2361.54 4121.72 966570 386595 4823.87 5172.86 1587.9
internal_count=17940480 17362061 17028999 16733979 1409194 15324785 2074047 13250738 9374398 1315227 1112236 1924374 295020 8368846 1005552 149673 1885201 375668 1509533 333062 3876340 206663 202991 93967 39173 5747735 2449329 147934 103842 139034
is_linear=0
shrinkage=0.1


Tree=45
num_leaves=31
num_cat=0
split_feature=1 2 4 2 0 0 3 0 4 2 1 3 2 2 1 2 2 1 4 0 4 3 1 1 4 4 0 3 4 0
split_gain=3691.34 1659.77 791.14 557.424 495.664 417.204 343.139 357.538 305.606 297.292 290.38 272.525 176.905 147.328 144.893 138.364 126.908 125.515 112.369 110.7 142.703 106.274 105.06 99.3639 94.4458 111.257 92.7253 84.3973 105.751 77.3363
threshold=-25.146948869916866 18.874172279944812 2339.7908954173759 8.532103763166683 11.527806185973573 23.860670172014917 1282.5591826871484 16.316766387981982 -873.49489018560882 12.762165721520427 52.568283195336228 69.426942769120984 13.107146071202942 3.6127991280970808 -19.621452163579466 1.113987170096957 20.741191799887673 1.6610529660919913 3006.448104742406 39.141906145769262 -283.41329808611744 207.03994547079637 79.577020241995001 -22.114843219535548 1007.8167616428956 -379.06344917976702 31.927371742355749 567.52372996977067 -39.99240535771694 33.490333557249237
decision_type=2 2 2 2 2 2 2 2 2 2 2 2 2 2 2 2 2 2 2 2 2 2 2 2 2 2 2 2 2 2
left_child=-1 2 3 5 -5 10 8 -8 -6 18 14 17 -9 15 -2 -13 -3 -7 -4 23 -21 -22 -12 -10 25 26 -15 28 -16 -25
right_child=1 16 9 4 6 11 7 12 19 -11 22 13 -14 24 27 -17 -18 -19 -20 20 21 -23 -24 29 -26 -27 -28 -29 -30 -31
leaf_value=0.100655474460513 0.01668849290409128 0.052972611762898261 0.015452806353704239 0.070382528222269355 0.07145360958328198 -0.0019956088771609691 0.048870292121625886 0.0063258528950457076 0.027291893454430567 0.069456247629165468 0.012789245296662392 -0.00024032092462711839 0.025720640586129891 0.0010510123723695688 0.0033712867757239363 -0.0032713379150512327 0.093765491352373109 -0.0050816898549683499 0.047111708922824291 0.025795917604082098 -6.655947063669613e-05 0.011335897790104979 0.042003116164575381 0.0070249634395091708 0.0022363473584269961 -0.00095394370522426913 0.010176593655253597 0.0030993573807597367 -0.00065449504329359587 0.00087528372079267221
leaf_weight=3643.2872149734758 5940.293200513348 1504.258576889988 6221.5179270226508 1075.645222235471 627.39707859791815 264198.6726976037 2317.2457368914038 40098.790128210559 1457.6539302086458 1531.6402265708894 13057.089384883642 261980.13075391203 5327.8002930060029 35413.064052477479 83334.245158404112 354269.16777529567 1546.9124082345515 262962.36742600799 1367.5659201517701 3606.1778383329511 18939.908477965742 14379.944218041375 1359.1380904391408 21384.406718516722 163632.14086274058 501279.00004810095 16241.307283602655 138398.79719875008 300690.44501362741 467642.37165325508
leaf_count=578419 47264 139034 175895 59594 21688 1436899 79393 452280 23221 123038 187501 1415192 201602 162441 371470 1958061 194028 1685202 59347 79918 229320 242187 41266 200381 971623 2358700 78649 724948 1406977 2234942
internal_value=5.94572e-05 -6.3045e-05 -0.000138302 -0.000228318 0.00256315 -0.000898499 0.00243646 0.010555 0.0017024 0.0292685 0.00154078 -0.00161033 0.00860055 -0.000849065 0.00115872 -0.00198279 0.0736542 -0.00353503 0.0211578 0.00161942 0.00689957 0.00485443 0.0155435 0.00122191 0.000125944 -0.000498597 0.0039203 0.000982135 0.000219109 0.0011442
internal_weight=2.99543e+06 2.99179e+06 2.98873e+06 2.97961e+06 576857 2.40276e+06 575782 47743.8 528038 9120.72 542780 1.85998e+06 45426.6 1.33281e+06 528364 616249 3051.17 527161 7589.08 527410 36926 33319.9 14416.2 490484 716566 552933 51654.4 522423 384025 489027
internal_count=17940480 17362061 17028999 16670719 3824526 12846193 3764932 733275 3031657 358280 2779426 10066767 653882 6944666 2550659 3373253 333062 3122101 235242 3009969 551425 471507 228767 2458544 3571413 2599790 241090 2503395 1778447 2435323
is_linear=0
shrinkage=0.1


Tree=46
num_leaves=31
num_cat=0
split_feature=1 2 4 2 1 0 0 0 1 3 0 4 4 0 3 2 0 2 2 3 4 0 2 1 1 4 3 0 1 0
split_gain=3337.78 1456.85 677.292 484.406 462.668 333.425 329.913 304.671 281.988 234.26 193.95 177.323 176.67 161.97 153.534 153.444 130.347 129.155 120.767 110.236 111.009 102.299 94.194 83.8621 97.9539 81.4034 79.5736 73.5093 67.113 64.9628
threshold=-25.146948869916866 18.874172279944812 2587.8060893398397 7.1742180022075468 48.500406665533156 11.527806185973573 24.371900697761756 16.316766387981982 -17.456359810171381 5007.8982893658294 36.027755647397903 -873.49489018560882 653.61845845865048 16.845957618995673 1204.1232746177186 14.338495085845404 17.334047872401989 20.741191799887673 2.8811672085893787 469.37270600286041 -39.99240535771694 41.212187363504505 12.439680853318842 -1.708250534891963 11.837979059545583 400.72486349492289 303.03171849028428 26.166502926813333 -9.3883087281718716 40.84732287118927
decision_type=2 2 2 2 2 2 2 2 2 2 2 2 2 2 2 2 2 2 2 2 2 2 2 2 2 2 2 2 2 2
left_child=-1 2 3 6 5 -5 9 -6 11 19 -4 -7 18 -13 22 -9 -16 26 27 20 -2 -18 -10 -24 -25 -21 -3 -8 -20 -26
right_child=1 17 10 4 7 8 12 15 14 -11 -12 13 -14 -15 16 -17 21 -19 28 25 -22 -23 23 24 29 -27 -28 -29 -30 -31
leaf_value=0.1005927331259132 0.0028805396099848514 0.02399020753909703 0.023290211743130257 0.063462647511283304 0.066854900394800451 0.069015526651303616 -0.0024867208568188212 0.011350318865953054 0.00029104639287862313 0.02773037129704628 0.066077845296223167 0.05982026663294461 -0.00027382145478222099 0.010420030096616514 0.027454855149754667 0.053817563224333675 0.004466952306783371 0.093011318760803041 0.0013210093792278014 0.019008170378943336 -0.0010502141218531637 0.044072920435797525 0.010195610118305304 -0.0014805953957285304 0.0040955828716446926 0.0025581131178847374 0.071484717067839085 -0.0051268457537939106 -0.0020070970828430664 0.01606012952272759
leaf_weight=3298.5341704995371 94739.939051955938 635.57597441226244 3187.7417584396899 865.17631878983229 1098.6832982962951 586.7317920755595 206365.54715646617 22370.787286575884 665035.48943755962 3263.3249730616808 1586.694438518025 698.72847774066031 517964.92473457567 13242.328518859111 2676.9409233294427 884.46881166100502 59378.868995527737 1410.4903462841175 68615.163641799241 3056.582473969087 297324.35112440586 659.39397985767573 16160.034219156951 37154.84978014417 39483.416172347963 190073.19738552161 792.77366399951279 215685.79284311831 518157.79480835795 5127.4049284243956
leaf_count=578419 420265 53401 112487 47113 58693 21688 1253573 386127 3010177 79722 119051 12210 2638696 125343 53126 64243 529311 194028 305597 29438 1447383 47020 189519 284171 337509 1026870 85633 1372285 2926042 131340
internal_value=5.50363e-05 -5.59395e-05 -0.000124026 -0.000184308 0.00180872 0.00141527 -0.000999729 0.0153966 0.00135138 0.00101192 0.0375099 0.0151625 -0.00177506 0.012896 0.00110838 0.0129655 0.00586459 0.071547 -0.00254585 0.000862922 -0.000100372 0.00490194 0.000717416 0.00361299 0.00231201 0.00281846 0.050351 -0.00383593 -0.00161792 0.00547074
internal_weight=2.99158e+06 2.98828e+06 2.98544e+06 2.98067e+06 865423 841069 2.11525e+06 24353.9 840204 588457 4774.44 14527.8 1.52679e+06 13941.1 825676 23255.3 62715.2 2838.84 1.00882e+06 585194 392064 60038.3 762961 97925.7 81765.7 193130 1428.35 422051 586773 44610.8
internal_count=17940480 17362061 17028999 16797461 5297590 4788527 11499871 509063 4741414 3003678 231538 159241 8496193 137553 4582173 450370 629457 333062 5857497 2923956 1867648 576331 3952716 942539 753020 1056308 139034 2625858 3231639 468849
is_linear=0
shrinkage=0.1


Tree=47
num_leaves=31
num_cat=0
split_feature=1 2 4 0 2 1 0 4 1 0 0 0 1 2 2 3 3 0 2 0 4 1 1 1 3 4 2 2 3 1
split_gain=3018.29 1276.43 571.286 417.87 373.025 391.538 262.391 238.144 181.474 179.255 176.582 160.955 159.915 142.608 130.66 122.993 121.663 176.119 116.193 115.319 100.471 106.691 99.5299 91.9341 89.1143 96.4881 82.4157 80.6247 80.2994 79.2635
threshold=-25.146948869916866 18.874172279944812 2587.8060893398397 13.528424951733479 5.2819050557067344 48.500406665533156 25.071786438740947 -873.49489018560882 -14.774026464435314 36.027755647397903 19.597021590686516 38.26597787437229 57.754105228697796 13.892841840992345 20.741191799887673 1064.1811628159433 506.18100600908696 41.212187363504505 3.2045172896751528 17.764048374588651 11.816733809986571 7.6446795727321817 72.958267273217288 -4.8501577298573837 35.023385003211501 51.04420014070984 13.480528331311694 10.630267955779233 478.46586975450265 32.832235655391521
decision_type=2 2 2 2 2 2 2 2 2 2 2 2 2 2 2 2 2 2 2 2 2 2 2 2 2 2 2 2 2 2
left_child=-1 2 3 13 6 7 12 -6 19 -4 22 -12 28 15 29 23 20 -18 24 -9 27 -22 -7 -2 25 -8 -21 -10 -5 -3
right_child=1 14 9 4 5 10 18 8 16 -11 11 -13 -14 -15 -16 -17 17 -19 -20 26 21 -23 -24 -25 -26 -27 -28 -29 -30 -31
leaf_value=0.10053602752787952 0.056095183788440806 0.033254449097334347 0.021451064591489544 -0.00062512671744762013 0.066520013148878107 0.023479523840059767 -0.0032488581141377985 0.033899860032687461 0.00075677040033433082 0.063634111572559701 0.0071204795646976436 0.040937167534487819 0.012192989861939677 0.073179673033653803 0.092203459369973415 0.067691372957708329 0.0019039876356470619 0.02975160228086144 -0.00098409874724261184 0.0052634562170187082 -0.0024902279595073111 0.00015514039008982818 0.06588549415501091 0.0037953635882484352 -0.002533153673380281 -0.0092132125845426818 0.028497041112042196 0.0054383386823203634 0.0018264686558542263 0.087957237014434642
leaf_weight=2986.2349469070323 413.55108450725675 999.57943213451654 3118.7044513281435 404442.22019148618 549.80395662784576 3352.5821965578943 66791.083123520017 1565.1310327816755 189818.22029577196 1488.0405793087557 36430.424712734297 1464.0411295932718 11297.393341755494 747.74084206996486 1286.8917670031078 518.94362373929471 340304.96084434353 2286.327230735682 437552.12341408804 37288.133960605599 229223.98534318805 455255.49899923056 662.91782435309142 1794.7854208741337 463702.08484014124 45669.959351822734 1591.9670255556703 45628.994251100346 199507.30634891987 360.38237732555717
leaf_count=578419 10651 88275 112487 2037524 21688 84117 437942 20179 840640 119051 485459 93275 171271 50307 194028 27296 2006980 102667 2451531 238833 1126845 2193784 30222 38525 2625205 348233 37306 335990 980991 50759
internal_value=5.09183e-05 -4.96046e-05 -0.000111207 -0.000165642 -0.000206132 0.00102611 -0.00122389 0.000720225 0.00069246 0.0350768 0.01054 0.00842698 0.000405228 0.0344912 0.0693633 0.0238839 0.00048123 0.00208983 -0.00221264 0.00728611 -0.000117832 -0.000730762 0.0304803 0.0135895 -0.00314562 -0.00567096 0.00621477 0.00166404 0.000184728 0.0477504
internal_weight=2.9881e+06 2.98511e+06 2.98247e+06 2.97786e+06 2.97439e+06 1.34542e+06 1.62896e+06 1.30351e+06 1.30296e+06 4606.75 41910 37894.5 615247 3475.02 2646.85 2727.28 1.26252e+06 342591 1.01372e+06 40445.2 919927 684479 4015.5 2208.34 576163 112461 38880.1 235447 603950 1359.96
internal_count=17940480 17362061 17028999 16797461 16670682 7617985 9052697 6924912 6903224 231538 693073 578734 3189786 126779 333062 76472 6606906 2109647 5862911 296318 4497259 3320629 114339 49176 3411380 786175 276139 1176630 3018515 139034
is_linear=0
shrinkage=0.1


Tree=48
num_leaves=31
num_cat=0
split_feature=1 2 4 0 3 4 2 2 4 0 3 1 2 0 2 4 4 1 0 0 3 0 1 2 0 2 4 2 1 2
split_gain=2729.55 1115.94 491.629 371.108 335.58 312.556 272.292 255.923 233.05 216.638 192.826 142.167 134.575 144.97 131.453 128.476 118.515 100.422 99.8099 82.4087 79.4806 76.6542 76.6051 65.9503 99.1321 65.6097 60.6621 59.9534 59.7563 85.6895
threshold=-25.146948869916866 18.874172279944812 2773.1542498933918 18.475358640268201 3056.5787108045474 817.80270684847278 15.103864502823269 12.593783445256088 -237.18176531415287 40.222166264287807 600.92020367210091 -17.456359810171381 2.9594781812027073 26.104313809698635 20.741191799887673 1728.2989739118073 1690.4106154756539 33.569715253567331 36.163456002875058 24.534193677594974 460.26571387068043 31.261557185046694 32.832235655391521 9.0658190756396575 27.949935928017613 9.5741031177096456 670.05375857254523 14.834442903234569 27.984192696599926 8.6785540849239151
decision_type=2 2 2 2 2 2 2 2 2 2 2 2 2 2 2 2 2 2 2 2 2 2 2 2 2 2 2 2 2 2
left_child=-1 2 3 4 7 8 16 11 9 10 20 -2 13 26 22 -8 28 -13 -4 -18 -5 -21 -3 24 -14 -19 -10 -9 29 -7
right_child=1 14 18 5 -6 6 15 27 12 -11 -12 17 23 -15 -16 -17 19 25 -20 21 -22 -23 -24 -25 -26 -27 -28 -29 -30 -31
leaf_value=0.10048477322254015 0.03687484208324715 0.030972554640694747 0.027509203886977442 0.001142287213616946 0.05264330000441212 -0.00059874810816260254 0.015581782810813519 0.03494486033198916 -0.0017315166575926342 0.032548271259787702 0.05422044500340633 0.0031571211622224873 0.00083640559025067226 -0.0043550353418191183 0.091336978128752577 0.052877216747072103 0.024645981129053359 0.01187767823174983 0.066522624232279268 0.0008017638732781406 0.0086212457423695196 0.0088928470892417743 0.086739737354729465 0.00066151840037229374 -0.0015353261863977475 0.039615206096232425 0.0018422666206333643 0.08072946811740607 0.00064085350915950854 0.0064380283791995166
leaf_weight=2703.3652613684535 1368.9799982598051 967.62533518671989 1866.8082567956299 222610.00381917506 1560.6556869018823 28306.712546616793 5439.8653164934367 1111.450110539794 395246.14523896575 2309.622734637931 698.96465808898211 65202.149245860055 225485.20077797771 237904.65014538169 1174.9260180438869 1112.5672417492606 2289.9651211313903 5547.9587144106627 1010.8438835963607 21435.838723219931 15178.364101147279 25804.469299626537 330.43665645644069 302607.59474653006 806789.69098214805 1007.6570054031909 53983.621728241444 385.10328608192503 509251.41870932467 44526.895572081208
leaf_count=578419 19781 88275 76777 1048248 75694 114972 157111 42956 2234854 69142 23259 391922 982775 1515580 194028 93184 54624 74960 89096 279821 128305 486362 50759 1522178 4170632 32114 223911 27910 2854259 238572
internal_value=4.70618e-05 -4.39754e-05 -9.96977e-05 -0.00013963 0.0067499 -0.000320559 0.001634 0.0057901 -0.000871791 0.00206902 0.00177384 0.00495233 -0.001222 -0.00235908 0.0671034 0.0219143 0.00142361 0.00434331 0.0412136 0.00611949 0.00161968 0.00522142 0.0451687 -0.000636691 -0.00101726 0.0161412 -0.00130206 0.0467265 0.00102403 0.00370319
internal_weight=2.98522e+06 2.98252e+06 2.98004e+06 2.97717e+06 76184 2.90098e+06 638168 74623.3 2.26281e+06 240797 238487 73126.7 2.02202e+06 687134 2472.99 6552.43 631615 71757.8 2877.65 49530.3 237788 47240.3 1298.06 1.33488e+06 1.03227e+06 6555.62 449230 1496.55 582085 72833.6
internal_count=17940480 17362061 17028999 16863126 665337 16197789 4278905 589643 11918884 1268954 1199812 518777 10649930 3974345 333062 250295 4028610 498996 165873 820807 1176553 766183 139034 6675585 5153407 107074 2458765 70866 3207803 353544
is_linear=0
shrinkage=0.1


Tree=49
num_leaves=31
num_cat=0
split_feature=1 2 4 0 1 0 0 2 4 1 0 0 2 2 2 2 0 0 1 0 0 1 1 3 3 1 0 4 1 1
split_gain=2468.57 973.416 416.373 315.938 286.031 320.161 252.676 227.257 198.448 139.491 168.609 136.93 131.515 96.1504 90.0539 89.0371 87.5877 83.0228 110.425 104.047 76.3903 76.249 73.6713 72.9932 66.538 127.895 61.3314 61.9095 60.5785 58.1082
threshold=-25.146948869916866 18.874172279944812 2773.1542498933918 11.527806185973573 37.861195034078456 17.334047872401989 37.877481817253276 3.5290522751910349 -873.49489018560882 -13.23947561484461 16.316766387981982 25.769637840158257 20.741191799887673 13.892841840992345 9.945258021411405 13.480528331311694 21.26193955448549 25.216409527757786 79.577020241995001 29.160557926962959 42.033038940569789 64.468426591397261 30.275524304486002 612.20773124525806 126.13141880528504 0.43262714253062123 39.925852596553632 1033.9460074203416 -1.1936524127938646 7.816337935942717
decision_type=2 2 2 2 2 2 2 2 2 2 2 2 2 2 2 2 2 2 2 2 2 2 2 2 2 2 2 2 2 2
left_child=-1 2 3 -2 7 21 17 11 -9 10 -10 28 22 -4 16 23 -11 18 -7 -19 -8 -6 -3 -12 25 -16 27 -26 -5 -30
right_child=1 12 13 4 5 6 20 8 9 14 15 -13 -14 -15 24 -17 -18 19 -20 -21 -22 -23 -24 -25 26 -27 -28 -29 29 -31
leaf_value=0.10043844106648513 0.06113214880276218 0.027559679504558 0.030202226964505731 0.0015537507574078001 0.028131391030918985 0.0042900712696049481 0.020666274899629522 0.0629705163882395 0.045600796173240768 0.0014829748350247774 0.0031493871024546867 -0.0029569276349042852 0.090406947524323239 0.079639922966301527 0.0039155986605607191 0.024425515991024317 -0.00072050163865788972 -0.0013847496383231953 0.029058176770757171 0.0029639915932008305 0.065721906506174585 0.071479951017406118 0.082009434944297077 0.076330022168830475 0.0034155803218650876 -0.0021439441891445521 0.010231053603151569 -0.0018308008676573306 -0.00314234860650173 -0.00043752187954323356
leaf_weight=2447.1770524852909 841.70241308398545 898.60978026408702 2290.99080327712 105639.01646173187 2567.7355880644172 74333.603592736647 4842.0520692560822 503.94792313058861 980.93812320404686 216431.46717153536 72242.136138508096 455117.62902930938 1073.5105023216456 474.95851023495197 54449.690716167912 2049.1097338665277 1083458.6816767007 97561.26412139833 1844.7143176291138 126166.29865746014 408.01408064924181 481.93343934882432 343.46596751874313 136.55588423181325 120753.95725878142 96674.780249612406 10837.233188173734 27641.142919737846 106553.40842854977 311964.9472797066
leaf_count=578419 59594 83810 111733 497256 75141 588814 199346 21688 17315 989416 408479 2682406 194028 54140 352187 47624 5176016 621683 55946 1120315 42922 29241 55224 7395 661526 516316 232253 241217 664613 1554417
internal_value=4.34878e-05 -3.89687e-05 -8.93763e-05 -0.000125438 -0.000142778 0.00274143 0.00241923 -0.00047628 0.000227404 0.000208646 0.00441227 -0.00168791 0.0647722 0.0386915 1.17884e-05 0.00386942 -0.000353623 0.0020385 0.00488985 0.00106763 0.0241678 0.0349817 0.0426164 0.00328746 0.00154227 3.92908e-05 0.00296872 0.00243835 -0.000586051 -0.00112616
internal_weight=2.98201e+06 2.97956e+06 2.97725e+06 2.97448e+06 2.97364e+06 308206 305156 2.66543e+06 1.68616e+06 1.68566e+06 75408.7 979275 2315.59 2765.95 1.61025e+06 74427.8 1.29989e+06 299906 76178.3 223728 5250.07 3049.67 1242.08 72378.7 310357 151124 159232 148395 524157 418518
internal_count=17940480 17362061 17028999 16863126 16803532 2733408 2629026 14070124 8671432 8649744 480813 5398692 333062 165873 8168931 463498 6165432 2386758 644760 1741998 242268 104382 139034 415874 2003499 868503 1134996 902743 2716286 2219030
is_linear=0
shrinkage=0.1


Tree=50
num_leaves=31
num_cat=0
split_feature=1 2 4 0 3 2 0 1 4 0 3 0 0 1 1 3 4 4 2 4 4 2 0 2 2 3 2 1 0 0
split_gain=2232.65 851.891 378.431 294.287 244.135 256.339 234.273 213.998 162.694 162.065 169.847 149.459 140.216 115.882 113.574 101.294 94.7032 75.9803 68.5371 65.713 72.4452 64.6082 58.6809 57.3799 55.4857 54.6798 64.6343 53.7745 51.4285 46.1627
threshold=-25.146948869916866 19.701432676361332 2339.7908954173759 11.527806185973573 91.277498609007651 10.417583368819637 38.900503421250427 1.6610529660919913 -873.49489018560882 23.407550287941529 4703.8323839169634 35.414091067702493 41.212187363504505 -19.621452163579466 5.889302810501202 1403.030168722358 3412.8004490986809 118.62835323503201 5.1887317795038177 1135.1177847521394 400.72486349492289 9.2306517027016834 20.239150505828892 20.741191799887673 2.9594781812027073 1064.1811628159433 7.1100203169760627 48.500406665533156 23.590208450571733 25.909341102802937
decision_type=2 2 2 2 2 2 2 2 2 2 2 2 2 2 2 2 2 2 2 2 2 2 2 2 2 2 2 2 2 2
left_child=-1 2 3 -2 7 9 16 21 -7 10 13 15 -13 -6 24 17 -4 -10 29 20 -14 28 -12 -3 -9 -15 -27 -20 -5 -11
right_child=1 23 6 4 5 8 -8 14 11 18 22 12 19 25 -16 -17 -18 -19 27 -21 -22 -23 -24 -25 -26 26 -28 -29 -30 -31
leaf_value=0.10039655555019343 0.059842533529155612 0.048457361701178481 0.012376063353751741 0.0018126676928861168 0.016739380584647211 0.061582184905879779 0.069975924213470209 -0.0064299439442675292 0.051231181563370642 0.00020131965016325612 0.046377585943544145 0.002995660360255524 0.041303277659850944 0.0010166404288165704 -0.0012722698597577165 0.060023227808193885 0.056901995553988817 0.0098056617236079047 0.00028615398687634148 0.034980823137960304 0.0059784845158040211 0.0027577119845446228 0.016281961580937417 0.089408476327079753 -0.0033035765412087388 0.0033534273995346367 0.015160872072335928 0.0046130323162790138 -0.00098995248423342018 -0.0013821989438659115
leaf_weight=2215.1742041627876 817.93183910986409 525.22865904401988 6859.1201420873404 83065.81633386761 5211.5309453811496 491.86255861073732 883.25564051000401 80108.892035976052 524.13230828568339 268441.82134417444 957.08208832517266 164525.46402137727 696.54733669012785 247083.88640780002 250945.58805511519 626.37021540198475 513.43876686040312 2851.7607972808182 588613.07568794955 1740.9149141809903 3486.6320222038776 77826.537401873618 2005.3346516080201 981.66129968222231 194830.91437048092 62219.368314363062 5009.3411460369825 30196.346277292818 309180.32348456979 585913.16108421795
leaf_count=578419 62251 68839 233450 375847 46220 23235 105905 562781 11992 1429648 42414 1334176 30034 1130096 1447699 35871 29756 48014 2724134 118149 101624 452103 46603 194028 1046351 440876 91898 328407 1637981 3161679
internal_value=4.01621e-05 -3.45094e-05 -7.2576e-05 -0.00013206 -0.000148596 0.000496331 0.0213076 -0.00142464 0.00415035 0.000140334 0.00217084 0.00398842 0.00353991 0.00194986 -0.00281051 0.02309 0.0154769 0.0162373 -0.000304158 0.0186549 0.0118605 0.000125768 0.0260051 0.0751349 -0.0042145 0.00170464 0.00423322 0.000497295 -0.000396443 -0.000884651
internal_weight=2.97935e+06 2.97713e+06 2.97563e+06 2.96737e+06 2.96655e+06 1.97059e+06 8255.81 995958 174944 1.79565e+06 322487 174452 170450 319524 525885 4002.26 7372.56 3375.89 1.47316e+06 5924.09 4183.18 470073 2962.42 1506.89 274940 314313 67228.7 618809 392246 854355
internal_count=17940480 17362061 17099194 16730083 16667832 11145070 369111 5522762 1703095 9441975 1798107 1679860 1583983 1709090 3056831 95877 263206 60006 7643868 249807 131658 2465931 89017 262867 1609132 1662870 532774 3052541 2013828 4591327
is_linear=0
shrinkage=0.1


Tree=51
num_leaves=31
num_cat=0
split_feature=1 2 4 0 3 2 0 1 2 3 0 2 0 0 2 0 1 1 2 1 3 0 0 4 0 0 1 3 1 0
split_gain=2019.37 749.411 333.298 253.898 218.875 266.019 204.824 181.278 162.511 161.751 114.404 109.683 96.9864 87.0228 75.0665 73.4766 64.5897 61.128 58.0134 57.4368 71.8245 68.0003 56.3433 55.0972 48.4245 71.3692 55.8475 47.5843 83.2046 44.2354
threshold=-25.146948869916866 19.701432676361332 3006.448104742406 11.527806185973573 1609.2730141104992 12.762165721520427 17.334047872401989 -18.49916639735395 3.3656610929852016 612.20773124525806 26.104313809698635 13.107146071202942 17.764048374588651 42.033038940569789 11.86668216735802 19.810583307491363 99.639369155523724 64.468426591397261 20.741191799887673 -2.2756758024766834 143.0473493605416 40.222166264287807 38.672799466850755 -71.816752713531486 25.216409527757786 29.160557926962959 57.754105228697796 46.04022493062552 1.6610529660919913 41.212187363504505
decision_type=2 2 2 2 2 2 2 2 2 2 2 2 2 2 2 2 2 2 2 2 2 2 2 2 2 2 2 2 2 2
left_child=-1 2 3 -2 7 6 17 9 10 11 -9 12 -5 -7 15 23 24 -6 -3 21 -21 -16 -4 -10 26 -26 -8 28 -17 -22
right_child=1 18 22 4 5 13 16 8 14 -11 -12 -13 -14 -15 19 27 -18 -19 -20 20 29 -23 -24 -25 25 -27 -28 -29 -30 -31
leaf_value=0.10035868420233816 0.057260236989998006 0.045861228175291625 0.036169938820977424 0.041000536967468228 0.024243822240593717 0.021994239666754567 0.0028120919806188718 -0.00063016165198958283 0.0076702528713791657 0.078392625419899178 -0.0028834170712091975 0.038170915766997722 0.0040426376068689587 0.069851955104110922 0.0048712996070973142 0.00011880715652710737 0.037458021524432443 0.066678084177753102 0.088336761947656994 -0.0012520226489472104 0.0030514989406406319 0.02129001018912521 0.082237034580758067 0.0014141438282369335 -0.0011383804665145766 0.0028300315992172251 0.010281087906938671 5.6474713592493115e-05 -0.0027623418659046108 0.013738786801043359
leaf_weight=2005.0904166181572 771.7714553438127 500.76732214912772 1212.659822339192 721.69718983769417 1923.1366587849334 4305.1574973310344 49622.817295115441 561803.99993880093 16068.263334289193 305.35865938942879 376233.49148215353 997.18355455808342 44043.205660391599 416.73090187879279 17414.63525762409 215794.83553946018 512.0721151959151 412.24401984922588 898.48462614789605 52374.792413610034 59626.803116749972 2949.7836669413373 339.91875674948096 113615.10436709784 80675.276461020112 103406.30035276618 12541.110247638077 1064170.1237595901 187174.68436698616 4141.9186779814772
leaf_count=578419 62251 68839 67309 12824 62244 203989 354889 2946813 97566 16679 2216293 34457 278160 56028 151253 1027374 20374 27510 194028 372554 525146 80810 46002 591280 546628 1012781 208059 4950468 974537 154916
internal_value=3.70339e-05 -3.05815e-05 -6.50107e-05 -8.92086e-05 -0.000104105 0.00270424 0.0022585 -0.00036641 -0.000473667 0.0058532 -0.00153391 0.00536916 0.00463847 0.0262179 0.000100112 -9.23008e-05 0.00197954 0.0317344 0.0731355 0.00235089 0.00149196 0.00724955 0.0462558 0.0021893 0.00190576 0.00109084 0.00431891 -0.000293976 -0.00121945 0.00374566
internal_weight=2.97698e+06 2.97497e+06 2.97358e+06 2.97202e+06 2.97125e+06 253815 249093 2.71744e+06 2.67137e+06 46067.4 938037 45762.1 44764.9 4721.89 1.73333e+06 1.59682e+06 246758 2335.38 1399.25 136508 116144 20364.4 1552.58 129683 246246 184082 62163.9 1.46714e+06 402970 63768.7
internal_count=17940480 17362061 17099194 16985883 16923632 2492502 2232485 14431130 14089010 342120 5163106 325441 290984 260017 8925904 7641225 2142731 89754 262867 1284679 1052616 232063 113311 688846 2122357 1559409 562948 6952379 2001911 680062
is_linear=0
shrinkage=0.1


Tree=52
num_leaves=31
num_cat=0
split_feature=1 2 4 0 3 2 0 1 1 0 0 1 4 4 4 3 0 0 2 2 0 2 1 4 3 0 1 3 2 0
split_gain=1826.53 657.901 283.899 218.711 185.353 242.341 182.928 171.822 143.939 96.709 95.8453 95.1052 94.8695 92.5565 70.9002 69.4293 63.937 64.234 58.3244 57.1456 56.0166 54.8451 52.3746 48.3971 47.5309 45.137 74.1507 87.6514 42.9814 42.3765
threshold=-25.146948869916866 19.701432676361332 3006.448104742406 11.527806185973573 515.99197042067726 16.011183051989132 15.635439033994343 0.43262714253062123 6.240184871614102 16.316766387981982 38.900503421250427 45.6575861244227 1815.5226061821297 -804.41421206020766 1815.5226061821297 5007.8982893658294 37.185811061475533 22.453777115885448 20.741191799887673 2.9594781812027073 22.90449163144104 14.338495085845404 22.60931439939349 -645.25020184141545 107.64547283376392 34.008971803467794 27.984192696599926 1130.0537904088235 9.0658190756396575 24.534193677594974
decision_type=2 2 2 2 2 2 2 2 2 2 2 2 2 2 2 2 2 2 2 2 2 2 2 2 2 2 2 2 2 2
left_child=-1 2 3 -2 7 6 11 9 19 24 29 -6 13 -8 -7 20 17 -14 -3 -9 22 -4 -15 -12 -5 -22 -27 -28 -10 -11
right_child=1 18 21 4 5 14 12 8 28 10 23 -13 16 15 -16 -17 -18 -19 -20 -21 25 -23 -24 -25 -26 26 27 -29 -30 -31
leaf_value=0.10032444230786393 0.054650289246040852 0.043288994345794918 0.034742824694608099 0.008888244634521111 0.0160862240273381 0.021673529363750832 0.033211531327905823 -0.0048722110307119464 -0.00093697853740620167 0.0020929730983668122 0.031249819581894735 0.058976946123881373 0.042987787470964267 0.025981281695757554 0.059811713467880834 0.018478483519773863 0.020822330647602208 0.0042585765156264105 0.08718719571615291 -0.0021342677971201078 4.0406066102831656e-06 0.085087583704330672 0.0024365011594153253 0.0081407439314169217 0.031681013668108569 0.0054880047011781619 -0.0040205795698738571 0.003354767140080784 0.00072380452702485159 5.5689542901248678e-05
leaf_weight=1814.8685879642144 729.97555406065658 478.65085389418527 1221.6922322968021 3181.6219603568316 2815.1493910280988 2370.2762209731154 874.43193438928574 107521.53249792755 862227.81902098656 131430.57529958338 1012.9694731635973 633.28260673116893 434.22842709906399 952.28857739735395 613.64283919567242 2181.8618123000488 2701.8145109629259 31053.500561980531 823.16867554280907 261951.69648349471 672565.51979812607 262.96169591322541 119862.21349589061 8603.2073140311986 1284.2069730646908 42039.966715022922 28809.030127486214 36566.000471957028 190207.8926660521 457494.06032530591
leaf_count=578419 62251 68839 73224 30485 57619 113938 25481 755093 4645204 610751 35315 40701 16813 15553 77557 59754 143612 547892 194028 1406446 3304397 40087 747779 141278 20586 230357 207488 400406 1027462 2261665
internal_value=3.41651e-05 -2.7059e-05 -5.81955e-05 -8.00486e-05 -9.35032e-05 0.00106334 0.000973162 -0.000633085 -0.00123296 0.000781441 0.000672051 0.0239628 0.000888647 0.000693056 0.0295166 0.000661565 0.00605941 0.00479267 0.0710468 -0.00293105 0.00061841 0.0436599 0.00262209 0.0105751 0.0154426 0.000308052 0.00221158 0.000104649 -0.000636823 0.000510351
internal_weight=2.97472e+06 2.97291e+06 2.9716e+06 2.97012e+06 2.96939e+06 944473 941489 2.02492e+06 1.42191e+06 603007 598541 3448.43 938041 903851 2983.92 902977 34189.5 31487.7 1301.82 369473 900795 1484.65 120815 9616.18 4465.83 779981 107415 65375 1.05244e+06 588925
internal_count=17940480 17362061 17099194 16985883 16923632 5989347 5797852 10934285 7834205 3100080 3049009 98320 5699532 4991215 191495 4965734 708317 564705 262867 2161539 4905980 113311 763332 176593 51071 4142648 838251 607894 5672666 2872416
is_linear=0
shrinkage=0.1


Tree=53
num_leaves=31
num_cat=0
split_feature=1 2 4 0 2 1 1 2 0 0 4 1 0 0 2 2 0 0 4 3 1 1 2 1 2 2 2 0 1 3
split_gain=1652.17 576.315 241.178 187.893 161.004 206.21 136.712 134.615 118.171 118.126 106.221 83.1036 78.4253 67.3854 58.2978 52.7638 49.1689 52.459 50.8872 49.3419 48.5386 55.6732 48.4734 43.943 43.1507 43.0539 35.9408 35.0732 50.1909 34.0179
threshold=-25.146948869916866 19.701432676361332 3006.448104742406 11.527806185973573 6.218047515971679 48.500406665533156 -15.598012396202492 15.103864502823269 25.071786438740947 15.635439033994343 -873.49489018560882 57.754105228697796 16.845957618995673 28.010168183739399 20.741191799887673 14.338495085845404 18.475358640268201 38.26597787437229 1135.1177847521394 1107.9493539546027 -5.2274766356783031 23.351110743797385 17.171740496611907 99.639369155523724 14.834442903234569 1.150530051091023 10.964909268771839 31.196696649940741 72.958267273217288 589.46563126334479
decision_type=2 2 2 2 2 2 2 2 2 2 2 2 2 2 2 2 2 2 2 2 2 2 2 2 2 2 2 2 2 2
left_child=-1 2 3 24 8 6 10 9 11 -7 -6 20 -12 25 -3 -4 19 -18 -19 -8 29 -22 -20 -13 -2 -10 -21 28 -11 -5
right_child=1 14 15 4 5 7 16 -9 13 27 12 23 -14 -15 -16 -17 17 18 22 26 21 -23 -24 -25 -26 -27 -28 -29 -30 -31
leaf_value=0.10029347725304374 0.027528170132604324 0.040753298998506361 0.032393098430222492 0.0024996656908672613 0.056399133136224903 0.056279364020517912 0.0022259658990835094 0.054879100465334021 -0.0008309129685022149 0.013242453458279234 0.037592197948136702 0.0078568390282119163 0.0058729993804525309 -0.00057160731918538463 0.085955380397813114 0.083666141819285236 7.0987381697862136e-05 0.0019730569747836452 0.0080311610871855107 0.010020332836453077 -0.00074143946468610642 0.0013482903341584553 0.034990383777066446 0.048047798737437739 0.077474755844760962 -0.0027221839119684847 0.044449408195154555 0.0061832786881256463 0.057778847174073937 0.040342154446446052
leaf_weight=1642.6422295523807 352.68068191548809 458.65878788032569 1181.4497475214303 77948.310832235962 439.17026976402849 494.98073453269899 64612.855290720239 619.20162193058059 183167.89630088955 1696.9207616290078 803.46893912926316 11301.673548979685 26121.230176091194 677215.0237818677 754.97673475299962 241.77838223613799 899809.56931940839 56190.984495176002 7195.9425901249051 5308.7591136395931 380551.46043998003 191711.56418364123 735.07215735642239 278.74972116947174 339.46099067432806 351062.04209155217 321.57197836227715 29635.951959187165 297.38999346084893 238.27263718377799
leaf_count=578419 26361 68839 73224 348678 23500 35735 398371 76570 1081191 48271 15801 181257 212108 3734689 194028 40087 4230886 641975 185226 73233 1935888 955654 64746 11501 35890 2106401 14415 523100 17377 7059
internal_value=3.14706e-05 -2.39618e-05 -5.21163e-05 -7.18484e-05 -8.39983e-05 0.000879748 0.000638652 0.00869583 -0.000646916 0.00780566 0.00761526 0.000427432 0.00681954 -0.00123402 0.0688725 0.0411034 0.000454053 0.000267919 0.00303141 0.00300834 0.000277937 -4.13674e-05 0.0105298 0.00882427 0.0520245 -0.00207374 0.0119867 0.0070471 0.0198837 0.00261499
internal_weight=2.97273e+06 2.97109e+06 2.96987e+06 2.96845e+06 2.96776e+06 1.09428e+06 1.06154e+06 32744.4 1.87347e+06 32125.2 27363.9 662030 26924.7 1.21144e+06 1213.64 1423.23 1.03417e+06 963932 64122 70243.2 650450 572263 7931.01 11580.4 692.142 534230 5630.33 31630.3 1994.31 78186.6
internal_count=17940480 17362061 17099194 16985883 16923632 6561314 5860261 701053 10362318 624483 251409 3440037 227909 6922281 262867 113311 5608852 5122833 891947 486019 3247279 2891542 249972 192758 62251 3187592 87648 588748 65648 355737
is_linear=0
shrinkage=0.1


Tree=54
num_leaves=31
num_cat=0
split_feature=1 2 4 0 0 3 0 1 4 3 0 1 1 1 1 3 2 1 0 4 3 1 4 2 2 2 1 2 4 2
split_gain=1494.51 503.704 206.263 211.481 161.463 133.559 133.634 129.621 118.887 107.085 95.7633 80.3846 77.3216 71.3489 66.1551 96.469 57.925 53.8071 48.0145 53.8728 47.2158 45.5297 45.246 42.9939 42.3499 39.1617 38.2442 59.2602 36.4353 36.1872
threshold=-25.146948869916866 19.701432676361332 2028.6674921669969 38.066516733766498 11.527806185973573 91.277498609007651 16.316766387981982 1.6610529660919913 -873.49489018560882 2851.6992237664408 38.26597787437229 -11.838920454088887 99.639369155523724 5.889302810501202 -20.77091823712145 612.20773124525806 20.741191799887673 79.577020241995001 21.107925458486875 817.80270684847278 868.86417099987796 49.272454754133683 -645.25020184141545 8.1796421323708426 15.396901833852572 16.011183051989132 27.984192696599926 8.6785540849239151 1728.2989739118073 2.9199084270971789
decision_type=2 2 2 2 2 2 2 2 2 2 2 2 2 2 2 2 2 2 2 2 2 2 2 2 2 2 2 2 2 2
left_child=-1 2 4 12 24 7 9 23 -8 11 14 -7 -4 29 15 -10 -3 18 21 -20 -13 -16 -12 -6 -2 -5 27 -21 -24 -9
right_child=1 16 3 25 5 6 8 13 10 -11 22 20 -14 -15 17 -17 -18 -19 19 26 -22 -23 28 -25 -26 -27 -28 -29 -30 -31
leaf_value=0.10026547650630756 0.030096909844963066 0.038266182953454832 0.0054052789764882361 0.034124968535729348 -0.00038991235729017804 0.034889315060671659 0.053737673801755183 -0.0050816304435213023 0.0050618248735080015 0.05651271349206597 0.02431659764456913 0.0027510693478025473 0.033689605673565493 -0.00093012993708561215 0.0015246104503143499 0.071757623067562101 0.084637283882400965 0.023796997614045332 -0.00043933587341808179 -0.00048477323592443198 0.018235614787120252 0.010683437190272663 0.0039833678650067275 0.0018726199395989792 0.082729920468564824 0.067334182221147468 0.00044788188628269265 0.0055429500322008432 0.021506307321120934 -0.0025376643875232429
leaf_weight=1486.7181306178682 416.48134114546701 440.59091434720904 16402.317184914835 1139.3346409127116 359838.42436113954 1070.7738529248163 416.05249385279603 78336.381820306182 20765.961350380909 486.85040789283812 1192.6451871041209 8781.1959036644548 1027.0355361411348 250485.30003802292 131297.04465648648 219.15431518200785 693.24006951786578 958.70888927020133 1152385.5901815854 28303.974660277367 2538.4562331391498 5661.7416387880221 37342.492051291279 109559.71999299154 241.53270357567817 515.87749252654612 523925.25382220745 38489.623333834112 1225.5536307073198 195364.38364723325
leaf_count=578419 34121 68839 392315 100432 1878195 20168 23500 555740 161808 36632 34407 85513 52328 1447699 663360 12583 194028 34214 5688889 114972 63817 111268 562653 587736 28129 83291 3017484 185040 69508 1053392
internal_value=2.8987e-05 -2.11973e-05 -4.66514e-05 0.010316 -0.000113706 -0.00012476 0.000355027 -0.00106883 0.000287707 0.0105084 0.000276255 0.00870079 0.00707195 -0.00214967 0.000174718 0.00575835 0.0666181 0.000112426 0.000100348 -4.13071e-05 0.00622351 0.00190323 0.00513339 0.000138173 0.0494165 0.0444752 0.000735175 0.00298869 0.00454018 -0.00326578
internal_weight=2.97101e+06 2.96952e+06 2.96839e+06 19084.6 2.9493e+06 2.94865e+06 1.95506e+06 993584 1.94218e+06 12877.3 1.94177e+06 12390.4 17429.4 524186 1.90201e+06 20985.1 1133.83 1.88102e+06 1.88006e+06 1.7431e+06 11319.7 136959 39760.7 469398 658.014 1655.21 590719 66793.6 38568 273701
internal_count=17940480 17362061 17099194 628366 16470828 16408578 10885816 5522762 10679686 206130 10656186 169498 444643 3056831 9989618 174391 262867 9815227 9781013 9006385 149330 774628 666568 2465931 62250 183723 3317496 300012 632161 1609132
is_linear=0
shrinkage=0.1


Tree=55
num_leaves=31
num_cat=0
split_feature=1 2 4 0 1 0 0 4 1 0 3 2 2 0 2 0 3 2 1 0 2 3 4 3 2 1 1 0 0 3
split_gain=1351.92 441.795 195.731 148.26 120.767 165.21 147.989 114.736 105.427 104.192 91.4973 86.5683 82.1629 71.6879 69.4252 66.5808 61.3378 56.9623 48.5175 45.7232 44.6617 42.4917 55.9562 42.3748 39.2836 38.4023 37.6131 37.3504 36.6069 34.9984
threshold=-25.146948869916866 20.741191799887673 3006.448104742406 11.527806185973573 31.707641124243128 42.033038940569789 15.635439033994343 -873.49489018560882 -9.3883087281718716 17.764048374588651 612.20773124525806 9.0658190756396575 15.396901833852572 23.683856090664765 7.1100203169760627 25.909341102802937 2954.5435423784297 14.338495085845404 76.115069911753977 38.900503421250427 15.690408620695079 904.47866377898151 727.43765400679285 515.99197042067726 3.2045172896751528 64.468426591397261 -2.5842875020572205 32.066128994123567 29.038707762478257 460.26571387068043
decision_type=2 2 2 2 2 2 2 2 2 2 2 2 2 2 2 2 2 2 2 2 2 2 2 2 2 2 2 2 2 2
left_child=-1 2 3 20 7 6 25 -5 9 23 12 13 29 -10 15 18 -16 -4 -8 27 -2 22 26 -9 -15 -6 -13 -18 -17 -11
right_child=1 -3 17 4 5 -7 14 8 11 10 -12 21 -14 24 16 28 19 -19 -20 -21 -22 -23 -24 -25 -26 -27 -28 -29 -30 -31
leaf_value=0.10024015317439122 0.029836470120349637 0.08322928591652079 0.028555696030953932 0.052572388125175389 0.026482085503166844 0.049738538975155296 0.0019782570593085574 0.016898917419072384 0.00032475772872208697 0.00090516440855362796 0.06891321609628677 0.0031763896200277617 0.028127626656605564 -0.0018422052888408269 0.0025031845687913286 -0.001620886401346922 0.03182976764264326 0.082680595987302014 0.01531416787259781 0.039480158379740941 0.086314220754228357 -0.0062574636328410196 0.0033061962558443183 0.073159656818659755 -0.00077029421257986076 0.077724064590146011 -0.00011142317876813829 0.0073175567853926166 0.00081425669869994964 0.0059009570378383992
leaf_weight=1345.5607614312321 434.95279415743425 637.35211415030062 1120.986394981388 409.5120955221355 1426.4834226500243 704.23444578610361 145742.92629430816 3210.8458602782339 403558.12111208495 195851.81502980366 200.97530420869589 40064.85749487672 1144.6158008929342 555793.15322978795 97510.439044748433 128471.01127240993 654.11606609262526 235.24931771913543 2780.0926004303619 495.43870703829452 206.48804655484855 8390.4806996947154 79093.53803633526 139.69882236421108 888388.49655750394 162.96109302621335 264570.29793078918 12515.676578589715 118834.76901072077 15104.431540662423
leaf_count=578419 37591 194028 73224 25512 54856 102935 909413 38321 1850906 923939 12285 253202 47346 3398363 912123 707057 31554 45708 79163 53298 27042 74704 534410 4495 4440209 16190 1396497 284844 703512 129334
internal_value=2.66802e-05 -1.87544e-05 -3.66359e-05 -5.40038e-05 -6.44027e-05 0.00133701 0.00126999 -0.000355022 -0.000363849 0.00174788 0.00147174 -0.000567165 0.00140784 -0.000853555 0.00117448 0.000554323 0.0033825 0.0379441 0.00222788 0.00965696 0.0480174 0.000782359 0.000936289 0.0192447 -0.00118282 0.0317358 0.000320982 0.00853503 -0.000450757 0.00126286
internal_weight=2.9692e+06 2.96785e+06 2.96722e+06 2.96586e+06 2.96522e+06 509298 508594 2.45592e+06 2.45551e+06 215652 212302 2.23986e+06 212101 1.84774e+06 507004 395829 111176 1356.24 148523 13665.2 641.441 392119 383729 3350.54 1.44418e+06 1589.44 304635 13169.8 247306 210956
internal_count=17940480 17362061 17168033 17049101 16984468 3854945 3752010 13129523 13104011 1155720 1112904 11948291 1100619 9689478 3680964 2399145 1281819 118932 988576 369696 64633 2258813 2184109 42816 7838572 71046 1649699 316398 1410569 1053273
is_linear=0
shrinkage=0.1


Tree=56
num_leaves=31
num_cat=0
split_feature=1 2 4 0 3 0 4 1 0 1 4 1 1 0 1 3 2 3 3 0 2 4 2 0 0 4 1 2 2 2
split_gain=1222.98 392.166 171.518 126.626 108.909 165.363 129.76 102.547 98.7192 68.2271 65.0329 61.7091 61.0997 87.2287 57.6305 96.3786 52.6494 46.5647 45.8101 44.3994 43.3542 43.0196 40.6742 40.054 37.3572 32.9587 32.0801 31.8768 29.6307 29.3207
threshold=-25.146948869916866 20.741191799887673 3412.8004490986809 11.527806185973573 91.277498609007651 40.529641611438457 1815.5226061821297 1.856988163348398 14.710805724338075 45.6575861244227 -426.31105862719272 5.889302810501202 66.219987859262389 20.239150505828892 -20.77091823712145 612.20773124525806 5.0913616819543295 216.18402102877809 1204.1232746177186 25.909341102802937 16.011183051989132 118.62835323503201 8.6785540849239151 22.453777115885448 36.881426695548178 685.83387317537438 17.214252073824117 9.7563231016413337 2.9594781812027073 2.9594781812027073
decision_type=2 2 2 2 2 2 2 2 2 2 2 2 2 2 2 2 2 2 2 2 2 2 2 2 2 2 2 2 2 2
left_child=-1 2 3 20 7 8 10 27 9 21 -7 29 14 -14 15 23 19 -12 -18 -16 -2 -6 -15 -10 25 -20 -23 -5 -21 -9
right_child=1 -3 -4 4 5 6 -8 11 12 -11 17 -13 13 22 16 -17 18 -19 24 28 -22 26 -24 -25 -26 -27 -28 -29 -30 -31
leaf_value=0.10021724962715813 0.029430250663019655 0.081728328132205194 0.055741074445737608 -0.00018224338355405311 0.039508536790303278 0.033136816391115834 0.0523382780794081 -0.0046265227561333062 0.016977731617551162 0.060562398321080513 -0.0061278738415894542 -0.00076965875360339431 0.034186298677181502 0.0025334631060154114 0.00038017609791424391 0.070025575956747688 0.00041247451495829868 0.011288839360805332 0.012655862167542104 -0.001708430885040968 0.089688740400722361 -0.0053627116011473637 0.016151448001954172 0.0031454651510076266 0.0083600062149542746 0.0017034379719683625 0.015265965462192197 0.0021873948855927576 -0.00024625057812999916 -0.0022908919341193172
leaf_weight=1217.7778208921663 449.59919925616123 586.762680625543 551.27403779048473 415106.14438651479 497.18911786004901 1064.861750097014 782.42987901740707 75614.084408342838 2356.9599484112114 314.46404634648934 2060.7735055577941 250316.18069932144 1010.8590057715774 18807.33650989458 488837.62369212508 228.23622429929674 722834.00221430697 6017.3045681491494 2805.6377292368561 258877.96865099669 162.57009939127602 1168.0237127020955 2482.815645551309 18723.657868293114 9681.0076832463965 132763.69782415312 2126.0617570234463 65762.47187356744 298278.51527507603 185869.38047311967
leaf_count=578419 41053 194028 57539 2131451 12824 54660 120519 538507 25606 27412 48207 1450861 48888 360067 2451755 15563 3498983 220037 32742 1400760 23580 15056 119843 152253 244798 1059818 47147 411294 1551744 1005066
internal_value=2.45751e-05 -1.656e-05 -3.2734e-05 -4.31039e-05 -5.2495e-05 0.00037758 0.0132526 -0.000906745 0.000312441 0.0158024 0.00990779 -0.00189194 0.000279954 0.00548434 0.000219986 0.00539179 0.000162409 0.00684572 0.000738115 -0.000315377 0.0454327 0.0120898 0.00412157 0.00469201 0.00235866 0.0019301 0.00795141 0.000141823 -0.00092564 -0.00296629
internal_weight=2.96736e+06 2.96614e+06 2.96555e+06 2.965e+06 2.96439e+06 1.97172e+06 9925.37 992668 1.96179e+06 4105.74 9142.94 511800 1.95769e+06 22301 1.93539e+06 21308.9 1.91408e+06 8078.08 868084 1.04599e+06 612.169 3791.27 21290.2 21080.6 145250 135569 3294.09 480869 557156 261483
internal_count=17940480 17362061 17168033 17110494 17045861 11508682 443423 5537179 11065259 102439 322904 2994434 10962820 528798 10434022 193422 10240600 268244 4836341 5404259 64633 75027 479910 177859 1337358 1092560 62203 2542745 2952504 1543573
is_linear=0
shrinkage=0.1


Tree=57
num_leaves=31
num_cat=0
split_feature=1 2 4 0 1 2 0 4 2 1 0 0 2 0 1 2 4 3 0 3 0 4 0 1 1 2 0 1 1 3
split_gain=1106.36 347.557 147.553 107.89 91.5396 151.833 106.069 92.1065 73.2267 62.4117 66.0922 58.13 46.491 46.0406 42.2906 41.7103 41.376 40.9096 35.8816 52.1034 30.6237 35.0718 44.2902 28.842 28.5463 29.0771 26.5975 26.5554 45.8119 26.4813
threshold=-25.146948869916866 20.741191799887673 3412.8004490986809 11.527806185973573 38.331423331506329 15.396901833852572 16.845957618995673 -873.49489018560882 2.9594781812027073 -13.23947561484461 16.316766387981982 26.166502926813333 12.134905662069615 41.599437407156607 64.468426591397261 16.011183051989132 2247.1736171082443 612.20773124525806 25.285257203137572 7051.8917510686288 21.107925458486875 817.80270684847278 41.212187363504505 40.356308236426401 -4.4938907030895745 10.523478786037073 29.160557926962959 1.6610529660919913 5.3683768548552147 35.023385003211501
decision_type=2 2 2 2 2 2 2 2 2 2 2 2 2 2 2 2 2 2 2 2 2 2 2 2 2 2 2 2 2 2
left_child=-1 2 3 15 7 6 14 -5 11 10 -10 -9 18 17 -6 23 -7 -12 19 -8 24 27 -23 -2 25 -11 -20 -22 -29 -13
right_child=1 -3 -4 4 5 16 12 8 9 20 13 29 -14 -15 -16 -17 -18 -19 26 -21 21 22 -24 -25 -26 -27 -28 28 -30 -31
leaf_value=0.10019653589517341 0.01484492525257675 0.080132031057867731 0.053127790538412573 0.048880412682226593 0.019211042919254226 0.024731904121534681 0.002701517403022019 -0.00039751764577179537 0.031230970226660555 0.0041353460941210077 0.0022972218328349081 -0.0039288906203936609 0.0099502220790818781 0.043253671525731729 0.062580663329862327 0.088600263451560107 0.065240345690358068 0.064094829272914544 -0.00078424548746573698 0.023802757615188855 0.00036927413775763153 0.00072927970658812362 0.01424271109619866 0.080300227830079549 0.00074103092672582677 0.02942283460904609 0.0014759278879774031 -0.0022817529969659509 -0.00036218465336151191 -0.0016432888457464049
leaf_weight=1102.107154479716 353.73693184182048 540.9728852105327 522.09560989681631 381.8117971168831 1588.5764954565093 775.2739170177374 72952.468019614927 532315.17488894006 809.52061604801565 19316.764512114227 81444.334692295641 65104.708298027515 6128.0078228130005 276.49796125944704 261.90884872945026 148.81679852493107 373.68579601566307 107.26379168219864 92845.421012751758 1189.2487627603114 337021.78184088273 275908.56745547242 2446.8703742846847 83.141036397777498 192015.61987216305 465.67812890000641 118544.74236930441 147755.39651608141 784156.41783771804 228980.42198125459
leaf_count=578419 29421 194028 57539 25512 61751 81586 611664 2844971 17315 95601 481181 467661 218899 17646 24992 23580 71973 8219 605532 45117 1723531 1402417 121333 11632 941066 8866 1092902 818446 3974422 1283258
internal_value=2.26049e-05 -1.46327e-05 -2.92592e-05 -3.86234e-05 -4.7106e-05 0.00162553 0.0014835 -0.0002318 -0.000238828 0.000112097 0.00279791 -0.0010209 0.00133208 0.00251662 0.0253494 0.0428767 0.0379068 0.0023785 0.00114712 0.00303999 -1.40756e-05 -0.000168445 0.000848069 0.0273015 0.00111367 0.00473061 0.000483229 -0.000391429 -0.000666534 -0.00214928
internal_weight=2.96592e+06 2.96481e+06 2.96427e+06 2.96375e+06 2.96317e+06 294659 293510 2.66851e+06 2.66813e+06 1.84172e+06 82637.6 826400 291660 81828.1 1850.49 585.695 1148.96 81551.6 285532 74141.7 1.75909e+06 1.54729e+06 278355 436.878 211798 19782.4 211390 1.26893e+06 931912 294085
internal_count=17940480 17362061 17168033 17110494 17045861 2814416 2660857 14231445 14205933 9610043 524361 4595890 2574114 507046 86743 64633 153559 489400 2355215 656781 9085682 8040149 1523750 41053 1045533 104467 1698434 6516399 4792868 1750919
is_linear=0
shrinkage=0.1


Tree=58
num_leaves=31
num_cat=0
split_feature=1 2 4 2 1 0 1 0 4 1 2 4 2 4 0 4 0 1 3 4 3 3 1 2 1 3 1 2 4 0
split_gain=1000.88 307.497 126.59 93.196 150.666 74.147 88.6332 70.2775 64.158 59.7274 57.1367 56.3942 52.9655 41.5853 46.385 39.7858 39.7491 39.0451 56.1874 47.8497 37.2477 36.9817 35.7008 32.4175 30.8442 30.6911 31.4449 29.91 28.1815 35.5017
threshold=-25.146948869916866 20.741191799887673 3412.8004490986809 11.86668216735802 51.650937563072532 23.208685659508266 79.577020241995001 36.728048246641556 -645.25020184141545 -19.621452163579466 15.396901833852572 763.17907792969129 16.011183051989132 1311.9252709843734 42.033038940569789 -950.03401578111277 36.728048246641556 1.0000000180025095e-35 624.828371783742 177.76000209182419 2752.6619112251387 8.1092477407388657 -3.8159846196788232 7.3524246273472729 15.93461894293104 589.46563126334479 -23.58428359485033 6.0137266707058066 -55.212106062730221 42.547888019587681
decision_type=2 2 2 2 2 2 2 2 2 2 2 2 2 2 2 2 2 2 2 2 2 2 2 2 2 2 2 2 2 2
left_child=-1 2 3 5 7 6 9 12 15 23 16 17 22 28 -15 -9 -6 18 25 21 -11 -19 -5 -2 -24 26 -7 -22 29 -10
right_child=1 -3 -4 4 10 11 -8 8 13 20 -12 -13 -14 14 -16 -17 -18 19 -20 -21 27 -23 24 -25 -26 -27 -28 -29 -30 -31
leaf_value=0.10017780015971312 0.0095136473019340265 0.07843878769790219 0.050504799587941386 0.047093126967999693 0.078744005757866678 -0.014644517178342642 0.030632535904986581 0.077068828294104469 0.0036579194386470639 0.00067314012426540235 0.060030569742877973 0.00041284894215467085 0.085494012124170543 0.0060262332500520205 0.035552649965356127 0.014928931236100446 0.016633723743693717 -0.00084904267885246723 0.10138456164032859 -0.00064009826498901161 0.004492665600627159 -0.0031181950745653294 -0.0037489333349660751 0.038589581982128376 0.024466239396066593 0.020334909810257436 9.5456086641784136e-05 0.01957816671651795 0.00031835393701689382 0.030045246752051166
leaf_weight=997.40481567941606 4309.3058652384207 499.53047202341259 495.69036850612611 318.04328834079206 108.78767178719863 1451.8500655628741 1006.1684886743315 107.65469791600481 20687.751105371863 454261.45989920059 429.07863104622811 635636.49718986172 118.5888208837714 9305.2400883743539 564.32093597226776 2401.3188490299508 1949.7478619795293 129758.04856602848 54.758073910139501 957805.78010168672 8584.2865085862577 160859.90256017447 777.47218319866806 420.90684877801687 772.3176304702647 747.01939292624593 460999.13198463246 1551.9127086116932 107039.99066520855 522.75308546144515
leaf_count=578419 36707 194028 57539 13663 14321 20735 47764 9747 196897 2263158 82970 3626367 19005 228097 76938 64532 121224 773236 4246 5051941 123755 1018561 23327 9391 38638 20302 2225792 62808 902736 33636
internal_value=2.07714e-05 -1.29372e-05 -2.61632e-05 -3.46179e-05 0.00243685 -0.000161903 0.000984385 0.00201127 0.00174745 0.000920797 0.0268353 -0.000391488 0.0206891 0.00145957 0.00771449 0.0175952 0.0199161 -0.000690181 9.38704e-05 -0.000981119 0.00080692 -0.00210504 0.0165746 0.0121009 0.0103117 8.18961e-05 4.91804e-05 0.00680235 0.000978218 0.00430826
internal_weight=2.96454e+06 2.96355e+06 2.96305e+06 2.96255e+06 145103 2.81745e+06 470134 142615 140629 469128 2487.61 2.34731e+06 1986.42 138120 9869.56 2508.97 2058.54 1.71168e+06 463253 1.24842e+06 464398 290618 1867.83 4730.21 1549.79 463198 462451 10136.2 128250 21210.5
internal_count=17940480 17362061 17168033 17110494 1825731 15284763 2543583 1607216 1512583 2495819 218515 12741180 94633 1438304 305035 74279 135545 9114813 2271075 6843738 2449721 1791797 75628 46098 61965 2266829 2246527 186563 1133269 230533
is_linear=0
shrinkage=0.1


Tree=59
num_leaves=31
num_cat=0
split_feature=1 2 4 0 2 1 0 4 0 0 1 3 2 0 2 0 4 4 1 4 1 0 0 1 2 0 3 4 4 2
split_gain=905.471 271.559 108.305 78.0909 72.169 106.049 82.6493 67.9096 62.1574 57.5621 53.7598 39.766 38.2703 36.2662 32.0844 29.9609 40.3758 35.0052 28.7508 28.1775 25.7938 23.9699 23.7663 23.6776 25.4421 23.0941 22.5484 21.5688 20.92 20.4678
threshold=-25.146948869916866 20.741191799887673 3412.8004490986809 11.527806185973573 6.218047515971679 53.576518603142787 39.382051258700919 -873.49489018560882 16.316766387981982 25.145245557493823 -15.598012396202492 3405.3200346043036 14.834442903234569 16.845957618995673 2.8811672085893787 43.112438206973231 1033.9460074203416 -125.24723982448967 99.639369155523724 -301.10304474792002 40.356308236426401 26.166502926813333 18.475358640268201 33.966979581423125 9.5741031177096456 36.434884468597488 525.75542463128011 693.91283864029185 29.404221351212765 8.8353764983713905
decision_type=2 2 2 2 2 2 2 2 2 2 2 2 2 2 2 2 2 2 2 2 2 2 2 2 2 2 2 2 2 2
left_child=-1 2 3 12 9 7 8 -6 -7 11 13 19 20 26 21 22 17 -17 -13 -5 -2 -11 23 28 -25 -4 -9 -21 -12 -15
right_child=1 -3 25 4 5 6 -8 10 -10 14 15 18 -14 29 -16 16 -18 -19 -20 27 -22 -23 -24 24 -26 -27 -28 -29 -30 -31
leaf_value=0.10016085347780711 0.00079637226311185603 0.076647950474543189 0.028391292777191487 0.0032630992199435579 0.044358737109089025 0.046021276951784901 0.04631307846284434 0.021178588137945972 0.0059279610803030635 -0.00050062949468175362 0.0047261906393494015 0.0055042965755041058 0.067587563689647426 0.0066585193643773979 -0.00039639935265267044 0.035576564474698286 0.038102917340609478 -0.0046364969421889704 0.039156270968350802 -0.00019183258464758229 0.079034179035525925 -0.0019591273038750872 0.00019530657425633583 0.0055576879014025016 0.02469161380339965 0.072995081769879497 0.0797227726770149 0.0013139390727403934 0.00053661584506658935 0.00094433584856183346
leaf_weight=902.63413268933073 248.40255518723279 462.02546811616048 265.60624819598161 29201.135399821214 352.48721136385575 394.6417705854401 542.31946761184372 632.11329066567123 19160.759884365369 173509.43110318389 15746.85521635972 10682.273385746405 241.45549872890115 15137.373348385096 701717.70720558055 276.43687379220501 480.51884350716136 997.89199905889109 260.06059496384114 515859.99828122556 50.747444216627628 321423.18075639848 972476.99247504631 4856.6825281362981 810.97636703401804 206.19439395819791 73.430516473017633 116636.41686938331 49023.089114941657 10699.024960638024
leaf_count=578419 18961 194028 19312 147399 25512 36447 93109 12763 442825 1029071 104624 177660 38272 90776 3893979 23230 69478 73343 12427 2538363 7400 1938081 5174737 69044 34095 38227 3038 634550 298482 122828
internal_value=1.91002e-05 -1.14124e-05 -2.33702e-05 -3.10025e-05 -3.79411e-05 0.000608091 0.007805 0.000473109 0.00673707 -0.000415222 0.000458669 0.000324932 0.0379722 0.00490308 -0.000831265 0.000345749 0.0134012 0.00408682 0.00630409 0.000226056 0.0140685 -0.00144782 0.000323782 0.00209754 0.00829553 0.0478848 0.0272717 8.58414e-05 0.00155518 0.00429224
internal_weight=2.96333e+06 2.96243e+06 2.96196e+06 2.96149e+06 2.96095e+06 1.09166e+06 20097.7 1.07156e+06 19555.4 1.86929e+06 1.07121e+06 672640 540.605 26541.9 1.19665e+06 1.04467e+06 1754.85 1274.33 10942.3 661698 299.15 494933 1.04291e+06 70437.6 5667.66 471.801 705.544 632496 64769.9 25836.4
internal_count=17940480 17362061 17168033 17110494 17045861 6674331 572381 6101950 479272 10371530 6076438 3510399 64633 229405 6861131 5847033 166051 96573 190087 3320312 26361 2967152 5680982 506245 103139 57539 15801 3172913 403106 213604
is_linear=0
shrinkage=0.1


Tree=60
num_leaves=31
num_cat=0
split_feature=1 2 4 2 0 3 1 0 0 1 4 1 3 1 2 2 4 2 2 1 0 3 2 1 3 1 1 2 3 1
split_gain=819.174 239.358 93.5872 66.5276 66.142 62.6046 78.7768 78.0916 60.723 90.141 55.881 56.7663 47.9889 46.3702 37.4448 35.0911 35.0258 28.6969 26.9058 26.7029 26.582 28.5078 26.3049 25.5021 52.3866 24.1267 23.9437 23.7114 22.0227 32.5237
threshold=-25.146948869916866 20.741191799887673 2773.1542498933918 14.113900886689622 11.527806185973573 46.04022493062552 2.0595228810462229 39.925852596553632 19.810583307491363 64.468426591397261 1728.2989739118073 -6.9050684921334673 207.03994547079637 -22.114843219535548 16.011183051989132 10.74531160023159 417.71154226664004 17.680989355593152 17.171740496611907 -7.8092650382570046 35.301729442701308 904.47866377898151 8.6785540849239151 -18.49916639735395 624.828371783742 -23.58428359485033 40.356308236426401 15.396901833852572 600.92020367210091 -23.58428359485033
decision_type=2 2 2 2 2 2 2 2 2 2 2 2 2 2 2 2 2 2 2 2 2 2 2 2 2 2 2 2 2 2
left_child=-1 2 4 -4 14 6 -6 8 9 13 11 17 -13 -7 26 -15 19 -9 -12 -17 21 23 -11 24 28 -22 -2 -8 29 -10
right_child=1 -3 3 -5 5 7 27 10 20 22 18 12 -14 15 -16 16 -18 -19 -20 -21 25 -23 -24 -25 -26 -27 -28 -29 -30 -31
leaf_value=0.10014552399180557 0.010190747297325879 0.074759884764613566 0.014090870185353028 0.066836703007356987 5.2701997852256054e-05 0.034962792492133091 -0.0019891576026175497 0.015621915038185564 -0.010746534959803093 0.025119299647516691 0.019976924748000283 -0.0050456155128613227 0.0075167379462633931 0.0017862341794819875 0.085241439953165923 0.032675183149002279 0.036091700101909395 0.046876271361146866 0.057540397547326629 0.0036566377708114025 0.035336536940877246 0.00057612747713845045 0.06786462421733945 -0.00036456262313475649 0.10127153941488638 0.0011402878334753922 0.075440321634158758 -0.013021805140667531 0.02509034067609486 0.002464409663703827
leaf_weight=816.8557993946597 335.88436763104983 428.08639792725444 1893.6471118540503 273.68593714106828 412063.57444283133 431.79548513423651 307208.94076727703 1812.1184852393344 1959.6227342635393 799.12620624806732 648.92515484103933 4609.2097737651784 8936.8956029466353 97049.844414436724 117.60500836349092 369.78164246492088 525.87169998278841 350.61531662940979 270.03136922768317 2226.1881773583591 206.54234015382826 517815.53916538134 175.6014284202829 1369323.1901618401 53.285592451691628 191194.42438867409 67.548644913360476 1960.4748629052192 410.74735854752362 37995.302547088824
leaf_count=578419 29421 194028 114564 65373 2225747 10546 1788680 55374 29312 37605 65158 82871 260639 617240 23580 10136 28481 31187 59743 38637 9372 3080895 20888 6800431 4461 1411929 11632 40238 14250 199643
internal_value=1.75385e-05 -1.00791e-05 -2.08887e-05 0.0207515 -3.61039e-05 -4.23784e-05 -0.000852567 0.000218816 0.00016769 0.0025561 0.00704637 0.00564423 0.00324226 0.00226288 0.0355898 0.00212192 0.0125575 0.0206888 0.0310148 0.00779017 5.31949e-05 -5.84145e-05 0.0328201 -0.00029149 0.0021841 0.00117719 0.0211158 -0.00205912 0.00205329 0.00181647
internal_weight=2.96233e+06 2.96151e+06 2.96109e+06 2167.33 2.95892e+06 2.9584e+06 721233 2.23716e+06 2.22054e+06 101578 16627.8 15708.8 13546.1 100603 521.038 100172 3121.84 2162.73 918.957 2595.97 2.11896e+06 1.92756e+06 974.728 1.40974e+06 40419 191401 403.433 309169 40365.7 39954.9
internal_count=17940480 17362061 17168033 179937 16988096 16923463 4054665 12868798 12313826 763533 554972 430071 343510 705040 64633 694494 77254 86561 124901 48773 11550293 10128992 58493 7048097 247666 1421301 41053 1828918 243205 228955
is_linear=0
shrinkage=0.1


Tree=61
num_leaves=31
num_cat=0
split_feature=1 2 4 2 1 1 0 1 0 4 1 1 4 3 2 2 1 0 2 0 3 4 1 2 0 3 3 1 3 0
split_gain=741.113 210.545 84.49 61.0472 104.182 54.0298 49.5501 73.9671 43.5847 41.7307 39.6477 38.121 54.9123 54.29 37.409 35.8534 27.7197 27.4938 26.075 23.5354 28.469 25.3149 21.9722 21.1291 21.0297 20.9012 20.263 21.5242 41.0601 20.5364
threshold=-25.146948869916866 20.741191799887673 3412.8004490986809 12.439680853318842 51.650937563072532 -22.114843219535548 21.107925458486875 76.115069911753977 37.344157948616733 727.43765400679285 -19.621452163579466 1.6610529660919913 148.76392355480971 612.20773124525806 16.754797254571479 16.011183051989132 49.272454754133683 37.344157948616733 9.8515653487278154 43.112438206973231 181.42136871746951 -125.24723982448967 -4.4938907030895745 22.177771661493956 36.434884468597488 788.33198912715693 460.26571387068043 -23.58428359485033 589.46563126334479 31.995255191371381
decision_type=2 2 2 2 2 2 2 2 2 2 2 2 2 2 2 2 2 2 2 2 2 2 2 2 2 2 2 2 2 2
left_child=-1 2 3 6 5 -5 7 10 15 11 18 13 -13 26 17 -7 22 -6 -2 -10 21 -21 -12 25 -4 -3 -8 28 29 -28
right_child=1 23 24 4 14 8 9 -9 19 -11 16 12 -14 -15 -16 -17 -18 -19 -20 20 -22 -23 -24 -25 -26 -27 27 -29 -30 -31
leaf_value=0.10013165774295199 0.012409608985923706 0.0082862934924261451 0.025251437824835535 0.044521085054175624 0.080579609867910434 0.015823797677264918 6.5508994673847489e-05 0.03574782507121415 0.0013815478209164888 0.00040208690199317211 0.0035991543330436632 -0.0023471350988857657 -0.00051942849956702365 0.059107824326166528 0.068622411291766633 0.080907624083338958 0.0079274111524234962 0.01847651892699935 0.066115274783665953 0.02792317528489105 0.025086131897375508 -0.010872132307829293 0.00053122809496738944 0.089735848442180507 0.069610822337663955 0.086638260962207919 -0.019680766082514487 0.0056510275830106262 0.015397433990391058 0.0070819527001077026
leaf_weight=739.21884620003402 2019.8372092982754 80.499317363952287 254.85815518558957 296.84291581017897 74.907437827903777 1094.6120817961637 585060.4517743662 620.68699702108279 102111.12650163658 732194.67094326857 26396.293583467603 193551.01607726514 1090795.137884751 156.25492700142786 188.82140334206633 91.735255577135831 5730.9654673985206 1474.8466878652107 94.639262544922531 231.47514127055183 928.68654112215154 615.27491214266047 201912.32102389401 257.87730966461822 184.05054413410835 58.999922062153928 1257.2320193946362 11728.160667020828 698.98376416228712 371.43235223181546
leaf_count=578419 24484 38042 19312 19488 13440 56948 2875350 38799 1105665 4205707 148658 1188426 5753962 12648 51182 18645 135112 125788 3541 20253 106971 43668 1043993 125975 38227 30011 16025 79279 15092 7370
internal_value=1.61259e-05 -8.87203e-06 -1.86429e-05 -2.51488e-05 0.00231863 0.00191802 -0.000113153 0.00127213 0.00179766 -0.000238544 0.00118152 -0.000487568 -0.000794864 0.000171022 0.0265985 0.0208565 0.00105836 0.0214783 0.0148134 0.00158002 0.0129947 -0.000266701 0.000885932 0.0727761 0.043853 0.0414245 0.00015565 0.0039077 -0.00487628 -0.0135773
internal_weight=2.96127e+06 2.96053e+06 2.96014e+06 2.9597e+06 107108 105370 2.85259e+06 236775 105073 2.61581e+06 236154 1.88362e+06 1.28435e+06 599273 1738.58 1186.35 234040 1549.75 2114.48 103887 1775.44 846.75 228309 397.377 438.909 139.499 599116 14055.8 2327.65 1628.66
internal_count=17940480 17362061 17168033 17110494 1562048 1371638 15548446 1394587 1352150 14153859 1355788 9948152 6942388 3005764 190410 75593 1327763 139228 28025 1276557 170892 63921 1192651 194028 57539 68053 2993116 117766 38487 23395
is_linear=0
shrinkage=0.1


Tree=62
num_leaves=31
num_cat=0
split_feature=1 2 4 2 1 2 1 0 0 2 0 0 2 3 2 1 4 2 3 3 4 1 0 2 3 4 3 2 1 4
split_gain=670.5 185.753 76.4187 54.5031 82.8899 72.0698 54.9669 77.4435 75.6139 55.4462 52.3318 44.4634 43.8722 37.7112 56.5825 37.6041 35.165 29.8707 25.4314 24.7601 24.7068 28.3787 21.4167 20.2995 19.2477 22.8778 18.496 18.4695 17.8799 18.8867
threshold=-25.146948869916866 22.177771661493956 3412.8004490986809 6.9944643895543388 53.576518603142787 15.396901833852572 -10.548272924009504 33.746352212887537 35.895089096592862 17.171740496611907 16.316766387981982 25.071786438740947 10.964909268771839 1204.1232746177186 17.171740496611907 99.639369155523724 772.06528362652409 3.2045172896751528 535.44531550929253 506.18100600908696 922.05357938054101 -5.2274766356783031 36.584458978021679 7.6705745819049342 53.24399051438035 -6.4067627785361552 612.20773124525806 11.593731035003005 64.468426591397261 1033.9460074203416
decision_type=2 2 2 2 2 2 2 2 2 2 2 2 2 2 2 2 2 2 2 2 2 2 2 2 2 2 2 2 2 2
left_child=-1 2 3 11 6 10 7 12 19 18 28 15 23 -8 16 20 27 24 -10 -9 21 26 -4 -5 25 -13 -2 -15 29 -6
right_child=1 -3 22 4 5 -7 13 8 9 -11 -12 17 -14 14 -16 -17 -18 -19 -20 -21 -22 -23 -24 -25 -26 -27 -28 -29 -30 -31
leaf_value=0.10011911453842731 0.0018716039511277418 0.088739223073279749 0.02377486442094992 0.0038983085208927747 0.025983234175074733 0.055130341338699297 9.7495567297963828e-05 -0.0053101021437796624 0.0042776098928366691 0.046337903036225592 0.0059241047095029567 -0.00062002781532868043 0.046772965896235731 0.010462587774473195 0.043105941794226457 0.038698673634707983 0.0018051624090835727 -0.00023972760523059927 0.035604688785279552 0.015192749916195012 0.0023537334729466144 -9.8262177594657027e-05 0.069365938062153173 0.010000835953457719 -0.00086429772296632535 -0.0032863956010045826 0.069304027358129253 0.04081970138781809 0.06697892180872729 -0.35390492152403291
leaf_weight=668.95241083949804 81030.189687427133 235.82757399976254 254.01614842913114 9202.5846461392939 206.83980666287243 315.54568359407131 760551.58021541452 14777.542086079717 10911.26795254834 334.5319774816744 15042.948396354448 53220.374579772353 288.26995121850632 3009.3266777666286 340.88952033093665 255.61501512024552 70704.691044015344 799063.84942496102 265.44215550459921 613.46325606573373 55787.005605560727 551689.36406325409 173.35581271466799 13370.514175968245 436121.3772222707 81391.496659144759 40.696513516828418 214.71613045968115 174.5165081419982 1.3170460909605015
leaf_count=578419 371411 125975 19911 47024 17757 81510 4032193 84931 134728 34557 399668 320817 14243 55027 73982 13142 711457 4314287 13521 11159 489934 2721965 41547 81812 2468173 633178 3403 20581 24086 82
internal_value=1.48101e-05 -7.81637e-06 -1.48885e-05 -2.09957e-05 0.000627982 0.00782085 0.000499985 0.00372864 9.20585e-05 0.00622232 0.00685309 -0.000304825 0.00800801 0.000307525 0.00245831 0.000350559 0.00227088 -0.000634385 0.00502161 -0.00449289 0.000336323 0.000158459 0.0422681 0.00751296 -0.00118693 -0.00223222 0.00190545 0.0124843 0.0433717 0.0235796
internal_weight=2.96026e+06 2.95959e+06 2.95935e+06 2.95893e+06 900326 15741.2 884585 49763.6 26902.2 11511.2 15425.6 2.0586e+06 22861.4 834821 74269.6 688803 73928.7 1.3698e+06 11176.7 15391 688547 632760 427.372 22573.1 570733 134612 81070.9 3224.04 382.673 208.157
internal_count=17940480 17362061 17236086 17174628 5838318 523103 5315215 421975 278896 182806 441593 11336310 143079 4893240 861047 3599855 787065 7736455 148249 96090 3586713 3096779 61458 128836 3422168 953995 374814 75608 41925 17839
is_linear=0
shrinkage=0.1


Tree=63
num_leaves=31
num_cat=0
split_feature=1 2 4 2 3 1 3 0 1 2 2 1 3 1 4 2 3 1 3 2 0 4 0 4 4 0 3 4 4 3
split_gain=606.623 165.938 64.887 49.2796 90.4228 55.7361 40.6215 39.7429 70.9223 38.5825 38.0224 36.2644 31.0496 31.9883 37.0647 25.7385 35.1126 31.5506 24.7479 22.5517 21.2519 23.2914 20.0064 19.2882 20.7534 18.8442 17.8187 22.333 24.4375 45.5377
threshold=-25.146948869916866 22.177771661493956 3412.8004490986809 14.113900886689622 1905.4991133432779 -2.8610527664111722 169.21637777743129 19.810583307491363 76.115069911753977 17.171740496611907 17.680989355593152 -22.114843219535548 91.277498609007651 2.8458500127517121 148.76392355480971 10.848873438160426 297.07905955496454 0.22277992000009797 525.75542463128011 15.103864502823269 35.301729442701308 2450.9854956356353 36.584458978021679 968.32052287993338 -79.68697870328937 38.900503421250427 715.47093822690636 879.4907527278732 378.35527681831894 624.828371783742
decision_type=2 2 2 2 2 2 2 2 2 2 2 2 2 2 2 2 2 2 2 2 2 2 2 2 2 2 2 2 2 2
left_child=-1 2 3 7 5 10 19 8 11 -6 18 -2 13 -9 -15 23 17 -17 25 -7 26 -22 -4 24 -13 -5 27 28 29 -14
right_child=1 -3 22 4 9 6 -8 12 -10 -11 -12 15 20 14 -16 16 -18 -19 -20 -21 21 -23 -24 -25 -26 -27 -28 -29 -30 -31
leaf_value=0.10010776668189186 0.031106586989877186 0.087664810702419507 0.021926649009801808 0.065686058671288489 0.020477189134809982 0.0010841850028953761 0.0043527389102102102 -8.793732478326057e-05 0.045516736201153117 0.063391053065578351 0.037788243223819074 0.0043856111189944959 0.00028510095985158845 -0.0025782498722657313 -0.00059207372729891958 0.018314275192056261 0.020852161014667414 -0.0060480847680007823 0.066331730335497482 -0.006468515928487243 0.0011111856357072219 0.016414902553382189 0.067116933608508039 0.010587802409469764 0.00052915126483780604 0.0076398110914429641 0.00039449622892391854 0.0060886994189567924 -0.00069459293112170844 0.10106707463270644
leaf_weight=605.35829532612115 411.47975827986374 215.87096299836412 248.20108810160309 56.545101319439709 1190.7007395674009 7904.8787385642063 16956.210155644105 504948.86196834594 366.40965252555907 254.23874254804105 506.36108717008028 15844.765417547897 410728.0981864864 142742.26043836027 274903.54563516378 781.26573304180056 1583.6482832906768 1663.3105599517003 74.474155947566032 7908.8932208179031 153195.47680879757 1000.9903316847049 161.84959962591529 2127.0680763814598 116962.64654973755 5124.5356945758685 653164.43793540262 5492.9471105486155 632176.27065868676 44.838648206088692
leaf_count=578419 10735 125975 19911 6137 120867 61802 426787 2631774 30497 80432 54446 101576 2128458 868847 1561666 17327 61591 26725 6476 168181 1102405 65819 41547 58831 654731 101739 3697692 22898 3101728 4461
internal_value=1.3599e-05 -6.88031e-06 -1.32773e-05 -1.87912e-05 0.00346839 0.00254741 0.000952625 -6.65636e-05 0.00157899 0.0280279 0.0116175 0.00146348 -0.000149327 -0.000623451 -0.00127091 0.00137571 0.00925245 0.00173792 0.00909603 -0.00269312 8.63783e-05 0.00121053 0.0397635 0.00114056 0.000989251 0.00827331 -1.54905e-05 -0.000270906 -0.000304401 0.000296102
internal_weight=2.95935e+06 2.95874e+06 2.95853e+06 2.95812e+06 39976.8 38531.9 32770 2.91814e+06 139741 1444.94 5761.92 139374 2.7784e+06 922595 417646 138963 4028.22 2444.58 5255.55 15813.8 1.8558e+06 154196 410.051 134934 132807 5181.08 1.70161e+06 1.04844e+06 1.04295e+06 410773
internal_count=17940480 17362061 17236086 17174628 1026867 825568 656770 16147761 962013 201299 168798 931516 15185748 5062287 2430513 920781 105643 44052 114352 229983 10123461 1168224 61458 815138 756307 107876 8955237 5257545 5234647 2132919
is_linear=0
shrinkage=0.1


Tree=64
num_leaves=31
num_cat=0
split_feature=1 2 4 2 4 0 2 0 1 0 0 2 4 1 3 0 1 4 0 3 0 3 1 0 3 4 2 1 2 0
split_gain=548.838 148.065 55.7434 41.5317 41.5107 40.805 37.113 51.5619 37.3855 54.9399 36.8215 35.9259 30.3373 27.0209 32.2524 23.8907 33.1719 22.4647 20.5154 19.891 19.6264 18.6545 16.854 16.6188 26.6967 23.1812 16.4932 15.5811 15.0281 14.9544
threshold=-25.146948869916866 22.177771661493956 3006.448104742406 14.338495085845404 -950.03401578111277 11.527806185973573 2.9594781812027073 26.166502926813333 48.500406665533156 42.033038940569789 14.710805724338075 16.011183051989132 670.05375857254523 -18.49916639735395 589.46563126334479 20.239150505828892 76.115069911753977 40.452066538461338 20.029568353794431 2374.0093638466578 38.066516733766498 624.828371783742 -1.708250534891963 43.112438206973231 612.20773124525806 -125.24723982448967 7.3524246273472729 -23.58428359485033 9.8515653487278154 18.475358640268201
decision_type=2 2 2 2 2 2 2 2 2 2 2 2 2 2 2 2 2 2 2 2 2 2 2 2 2 2 2 2 2 2
left_child=-1 2 4 -4 -2 11 7 12 13 10 -10 19 17 14 18 16 -12 -7 28 22 27 -16 -6 29 25 -25 -17 -20 -8 -15
right_child=1 -3 3 -5 5 6 8 -9 9 -11 15 -13 -14 23 21 26 -18 -19 20 -21 -22 -23 -24 24 -26 -27 -28 -29 -30 -31
leaf_value=0.10009750196422942 0.070098700108967377 0.086508331756338125 0.014804223534137094 0.071536305593486602 0.045963241592212156 0.00064782867207285042 0.010659159470839622 -0.0015386574059122332 0.045682089824031546 0.063263550780468497 0.0067064281078613635 0.082474620593409625 0.0012024530877830014 0.0015097146105571575 0.022258425694325214 0.00069120197009022799 0.037647651239544611 -0.00089121379915475286 -0.01053442777416972 0.084375942182941255 0.018006834661272657 0.10086306439336168 -0.005513356338808735 0.028388198986894791 0.032597370332810294 -0.0034737200226047831 0.0040996234005266988 0.0020451965837390948 0.047279860079524269 2.38075030796262e-05
leaf_weight=547.80415398813784 84.426242398563772 197.8095590248704 945.73173693509307 149.42785305588041 84.95312158158049 137360.40045117866 1640.3231394118629 336213.64920131676 195.4968682291219 148.34407159301918 3943.6530343513004 100.17424424842466 157032.43055135943 70307.884599601384 544.26350368512794 45592.427121443674 379.86923768091947 306394.14229857922 1026.488080041483 37.295366717968136 744.49311715713702 31.964802679140121 253.09542390832212 288.62368816439994 397.1737417607801 1093.3472277972614 20616.948985600844 24132.950030459091 120.27690152265131 1847817.4676172822
leaf_count=578419 11244 125975 73224 52103 7155 704682 19367 2029532 24118 49268 99067 25574 855068 495683 19225 477767 27169 1774850 16604 8378 29331 3865 25520 35261 75262 100744 468303 149872 4762 9573088
internal_value=1.24864e-05 -6.04955e-06 -1.18356e-05 0.022545 -2.0191e-05 -2.21933e-05 -2.69052e-05 -0.000547033 0.000214479 0.00247048 0.00234298 0.0292691 7.90205e-06 0.000132402 0.00320313 0.00222285 0.00942496 -0.000414816 0.0027154 0.0150692 0.00200545 0.0266188 0.00742294 8.7233e-05 0.00974757 0.00318062 0.00175255 0.00153196 0.0131609 7.82727e-05
internal_weight=2.95842e+06 2.95788e+06 2.95768e+06 1095.16 2.95658e+06 2.9565e+06 2.95602e+06 937001 2.01902e+06 70876.7 70728.4 475.518 600787 1.94815e+06 28240.8 70532.9 4323.52 443755 27664.5 375.344 25903.9 576.228 338.049 1.9199e+06 1779.14 1381.97 66209.4 25159.4 1760.6 1.91813e+06
internal_count=17940480 17362061 17236086 125327 17110759 17099515 17032888 5364132 11668756 1145692 1096424 66627 3334600 10523064 243026 1072306 126236 2479532 219936 41053 195807 23090 32675 10280038 211267 136005 946070 166476 24129 10068771
is_linear=0
shrinkage=0.1


Tree=65
num_leaves=31
num_cat=0
split_feature=1 2 4 2 1 2 4 0 3 1 4 0 2 3 4 2 1 0 1 4 1 4 2 2 2 0 2 4 3 2
split_gain=496.562 131.953 48.8867 36.7502 59.9334 37.1066 34.8771 31.6338 45.0341 31.8186 30.1102 28.2656 34.4221 25.5065 22.2571 29.2406 24.3125 26.6964 20.6518 19.4292 19.2863 18.6007 18.2328 17.6236 16.0359 15.9654 15.9428 15.7585 14.9514 27.6086
threshold=-25.146948869916866 22.177771661493956 3412.8004490986809 11.999802293244477 51.650937563072532 17.680989355593152 -950.03401578111277 23.208685659508266 7051.8917510686288 -22.114843219535548 1914.2295506052933 36.881426695548178 16.011183051989132 71.766232883518526 1311.9252709843734 18.874172279944812 -0.94349144580529909 42.547888019587681 2.0595228810462229 158.41917678013132 -3.8159846196788232 172.96247248746332 14.113900886689622 9.0658190756396575 6.7688899900162278 33.490333557249237 6.3816114346572617 2247.1736171082443 1022.3488582668368 9.1477840200010636
decision_type=2 2 2 2 2 2 2 2 2 2 2 2 2 2 2 2 2 2 2 2 2 2 2 2 2 2 2 2 2 2
left_child=-1 2 3 7 6 10 -5 8 9 23 -6 12 20 18 16 -16 17 -13 25 -20 -8 -22 -4 -2 -15 -9 -10 -26 -11 -30
right_child=1 -3 22 4 5 -7 11 13 26 28 -12 14 -14 24 15 -17 -18 -19 19 -21 21 -23 -24 -25 27 -27 -28 -29 29 -31
leaf_value=0.10008821552897239 0.013028332437412941 0.085265765172692493 0.024613060962095569 0.067841608986524568 0.075546091955653302 0.078097523042929329 0.036673225515451734 -0.00056094041768245991 0.019946614358499811 0.00034240572372351216 0.012927059166403885 0.003140156778562467 0.078074148777967631 -0.00023654152177942538 0.0051578361706292241 0.049687820984480956 8.9480978189862475e-05 0.024508929943198171 -0.0020968092978428834 -0.00055888846182933411 -0.0061802647680766062 0.017562117095288397 0.078628552181280856 0.071198936562055573 0.00038650077708892849 0.0011055317543130938 0.061578635578246735 0.0066112300444081985 0.0016646351931168806 0.016161585869199736
leaf_weight=495.71734797209501 1457.5102956662886 181.46405536541715 305.86404022597708 78.805269522243179 80.030195347033441 99.339395337272435 247.12958537321538 291231.320100151 524.61900786776096 399641.95782631636 1896.2081472959835 22462.182244472206 80.508074175566435 1149734.4302195585 9001.9741035010666 149.91804843570571 98533.880539921578 600.26968810695689 163972.69400492311 164612.35481762141 630.80894164962228 691.91345340618864 78.536686639999971 54.012052375823259 507690.28978100652 71628.128787457943 111.54022713610902 4099.8298636060208 65988.040665092878 1340.3665217156522
leaf_count=578419 21030 125975 30750 11244 17209 43200 12873 1607215 23768 1882737 159884 248643 20567 6191562 265675 48509 883338 56157 1038113 944741 21131 37097 30708 2395 2582727 301519 12071 134249 551048 55926
internal_value=1.14572e-05 -5.3187e-06 -1.05515e-05 -1.51877e-05 0.00159943 0.0184607 0.00133526 -9.21702e-05 0.00065765 0.000621545 0.0154629 0.00129567 0.0143008 -0.000241664 0.00113151 0.00588729 0.000773573 0.00369634 -0.000752043 -0.00132635 0.0110303 0.00623933 0.0356489 0.015107 -2.92697e-05 -0.00023198 0.0272461 0.000436366 0.000574658 0.00195324
internal_weight=2.9577e+06 2.95721e+06 2.95702e+06 2.95664e+06 134553 2075.58 132477 2.82209e+06 469118 468482 1976.24 132399 1650.36 2.35297e+06 130748 9151.89 121596 23062.5 691444 328585 1569.85 1322.72 384.401 1511.52 1.66152e+06 362859 636.159 511790 466970 67328.4
internal_count=17940480 17362061 17236086 17174628 1825527 220293 1605234 15349101 2548975 2513136 177093 1593990 91668 12800126 1502322 314184 1188138 304800 3891588 1982854 71101 58228 61458 23425 8908538 1908734 35839 2716976 2489711 606974
is_linear=0
shrinkage=0.1


Tree=66
num_leaves=31
num_cat=0
split_feature=1 2 1 0 4 4 2 3 0 1 0 0 2 0 2 2 3 3 3 4 0 0 0 1 0 3 2 3 2 4
split_gain=449.269 117.437 42.5593 33.7508 51.4714 35.4677 27.3965 44.234 32.0659 28.6405 26.1328 23.8913 23.3838 23.5025 22.9692 21.7901 19.014 18.7652 44.3865 38.829 27.2543 28.1426 23.5399 22.7376 23.3922 59.1681 23.8318 45.0669 25.0244 22.0875
threshold=-25.146948869916866 22.177771661493956 99.639369155523724 43.112438206973231 1476.5571066434641 -572.39861283589642 7.8563717926287895 3166.0037381836769 13.528424951733479 -22.114843219535548 24.371900697761756 15.635439033994343 9.3168782837900768 22.453777115885448 13.676709075330523 18.225373288096602 577.86027880037307 1130.0537904088235 788.33198912715693 858.50036550659922 39.925852596553632 33.32330943908741 33.083198623034711 2.255989359191847 33.746352212887537 71.766232883518526 10.848873438160426 69.426942769120984 8.9096833045684658 -125.24723982448967
decision_type=2 2 2 2 2 2 2 2 2 2 2 2 2 2 2 2 2 2 2 2 2 2 2 2 2 2 2 2 2 2
left_child=-1 2 3 6 5 -5 10 9 -9 11 -2 -8 13 -4 -10 17 -13 18 19 23 21 -20 -21 24 25 29 27 -26 -29 -11
right_child=1 -3 12 4 -6 -7 7 8 14 15 -12 16 -14 -15 -16 -17 -18 -19 20 22 -22 -23 -24 -25 26 -27 -28 28 -30 -31
leaf_value=0.10007981333525758 0.00036956946415225302 0.083933433937500732 0.053355414389136116 0.060929537115834799 0.055286675556192412 0.0028733173732298448 0.076119867661791574 0.074031863519406285 0.0057271818352605383 -0.0034421081970405104 -0.00040083365580255995 0.0063088040672371649 0.060573256467757998 0.007120476740757227 0.027881166363365319 0.096138051973741853 0.034342333108378996 0.0020152710132118365 0.0020298112173741702 -0.0094514748299243806 0.011679970011123792 -0.0044515121529010611 0.0038431209233995354 -0.00020663018310765037 0.00084906285266400671 0.0084705854279904149 0.0020008163024359603 0.005750019113931075 -0.0060178741495821768 0.0023487955699673085
leaf_weight=448.57934595644474 600767.87024388602 166.67205195082352 132.6130930534564 112.97665458626579 253.15089739765972 1534.4631111827912 57.802352016791701 71.859837151831016 8395.6981920092367 9080.953936830163 1648423.7195456228 1508.9985803202726 131.86331224022433 643.18056192528456 495.62232757732272 23.770753613323905 288.14488709857687 64668.708408543607 8265.7211575540714 1377.440786793828 1262.587804662995 35353.983502753079 40236.685783112422 370976.54813911417 48639.790409803391 14228.298279291252 55671.905189166777 2012.2948066070676 17715.362963087857 23977.732971633202
leaf_count=578419 3101128 125975 9056 19580 97224 155659 3624 17420 269023 37179 9162463 28510 23147 36175 88976 7946 15209 803854 57115 5554 37404 223874 257182 1818452 199721 90795 436391 9418 96648 127359
internal_value=1.0512e-05 -4.67124e-06 -9.40354e-06 -1.60528e-05 0.0133056 0.00685465 -2.46254e-05 0.000519639 0.00749981 0.000429663 -0.000195056 0.0128389 0.0216412 0.0150238 0.0069621 0.000396471 0.0108036 0.00039319 0.000226367 0.0004593 -0.00280409 -0.00322333 0.00340307 0.000233408 0.00118623 0.00307872 0.000464767 -0.000786044 -0.00481751 0.000758081
internal_weight=2.95692e+06 2.95648e+06 2.95631e+06 2.9554e+06 1900.59 1647.44 2.9535e+06 704310 8963.18 695347 2.24919e+06 1854.95 907.657 775.794 8891.32 693492 1797.14 693468 628799 583917 44882.3 43619.7 41614.1 542303 171326 47287 124039 68367.4 19727.7 33058.7
internal_count=17940480 17362061 17236086 17167708 272463 175239 16895245 4631654 375419 4256235 12263591 47343 68378 45231 357999 4208892 43719 4200946 3397092 3078699 318393 280989 262736 2815963 997511 255333 742178 305787 106066 164538
is_linear=0
shrinkage=0.1


Tree=67
num_leaves=31
num_cat=0
split_feature=1 2 4 4 3 2 1 1 0 1 3 0 3 2 4 1 2 2 1 4 4 3 3 1 4 0 0 2 2 2
split_gain=406.485 104.367 35.5584 29.4357 28.3963 40.5479 45.9483 37.4513 30.0829 24.3988 30.648 24.3092 40.9984 27.15 30.2699 28.1518 17.6555 16.9655 15.4939 13.6763 21.9547 13.3242 12.6332 12.4386 12.3963 13.9453 12.6821 11.2838 11.2233 11.0633
threshold=-25.146948869916866 22.177771661493956 3412.8004490986809 -950.03401578111277 44.36244671935065 15.396901833852572 42.567827616850501 2.8458500127517121 40.222166264287807 -7.8092650382570046 216.18402102877809 21.107925458486875 7051.8917510686288 10.74531160023159 417.71154226664004 -19.621452163579466 17.680989355593152 14.113900886689622 -22.114843219535548 93.93903932747385 168.15787602244981 589.46563126334479 2851.6992237664408 5.7156329253771085 2028.6674921669969 22.453777115885448 33.919324551757391 14.834442903234569 2.843052963921203 1.0788114787327248
decision_type=2 2 2 2 2 2 2 2 2 2 2 2 2 2 2 2 2 2 2 2 2 2 2 2 2 2 2 2 2 2
left_child=-1 2 3 -2 7 11 8 -5 -7 -10 -11 12 13 18 15 -15 -8 -4 21 -17 -21 -6 -20 27 -13 -26 -27 28 29 -9
right_child=1 -3 17 4 5 6 16 23 9 10 -12 24 -14 14 -16 19 -18 -19 22 20 -22 -23 -24 -25 25 26 -28 -29 -30 -31
leaf_value=0.10007221347258066 0.064264788553096405 0.082508134565871485 0.020790777136385809 -2.6274668547412952e-05 0.011734271913860724 0.064966309185863089 0.02210906485071077 -0.0012613260924161161 0.016900739626274076 -0.0049226601287146628 0.0065646025790146462 1.0592838220021941e-05 0.038340124720012747 0.074497879259496497 0.031742317163777865 0.020381221637469093 0.059769680926587632 0.075778139196877814 0.00083579262662641755 -0.014251840181202503 0.0075298204212653989 0.059964433250627384 0.0066537656409677154 -0.00034189124576887794 0.042603731840506018 0.00067151068692236312 0.0065625884383666046 -0.0097497236524997088 -0.0013962334524254632 -0.0042733165597457516
leaf_weight=405.92063626693562 71.244700440671295 153.28645233297721 291.47867391386535 456209.66040180856 583.90445586666465 81.556643107440323 502.92281714593992 19654.993836700916 1299.8581251930445 3675.7576262925286 6308.9870517769596 2044208.0746682524 297.70787774957716 58.611918654292822 543.45826993789524 449.4720670003444 165.42742605076637 69.486167052877136 166498.59866926633 648.80587845202535 1613.6626074542291 63.510139358229935 3817.8353621657006 63915.145609141793 87.190374471247196 11716.361126124859 5310.6213674428873 1840.0748232714832 133768.06638735253 32129.641469120979
leaf_count=578419 11244 125975 30750 2506973 9593 18812 77899 145759 67552 88078 253897 10930038 25267 3737 43404 14901 70694 30708 905406 12010 38864 3590 108815 379327 4195 252374 229120 33366 710795 228918
internal_value=9.65048e-06 -4.09004e-06 -8.36897e-06 -1.2202e-05 -1.37515e-05 0.000160147 0.00594916 -0.000566264 0.0044508 0.00401344 0.00233571 0.000128988 0.00126202 0.00119868 0.0101635 0.00593065 0.0314307 0.0313759 0.0010249 0.00444873 0.00128351 0.0164656 0.000966209 -0.00154653 3.30311e-05 0.00271317 0.00250891 -0.0019574 -0.00188013 -0.00313011
internal_weight=2.95644e+06 2.95604e+06 2.95588e+06 2.95552e+06 2.95545e+06 2.24793e+06 12034.5 707518 11366.2 11284.6 9984.74 2.2359e+06 174576 174278 3314.01 2770.55 668.35 360.965 170964 2711.94 2262.47 647.415 170316 251308 2.06132e+06 17114.2 17027 187393 185553 51784.6
internal_count=17940480 17362061 17236086 17174628 17163384 13158246 576932 4005138 428339 409527 341975 12581314 1165587 1140320 112916 69512 148593 61458 1027404 65775 50874 13183 1014221 1498165 11415727 485689 481494 1118838 1085472 374677
is_linear=0
shrinkage=0.1


Tree=68
num_leaves=31
num_cat=0
split_feature=1 2 1 4 2 0 1 2 0 4 2 1 3 0 0 2 1 0 0 3 4 3 2 3 4 3 3 4 4 1
split_gain=367.777 92.6077 31.098 25.578 24.4547 37.6723 23.7226 63.7071 35.3589 22.0916 20.0406 19.083 27.3057 20.5277 18.5476 17.3344 17.1316 13.1335 15.3916 12.2521 12.2336 10.7006 10.6781 10.2436 10.1547 10.1151 9.52781 12.1823 9.84419 15.8443
threshold=-25.146948869916866 22.177771661493956 99.639369155523724 -950.03401578111277 2.9594781812027073 26.166502926813333 47.758489673792674 17.171740496611907 14.710805724338075 670.05375857254523 9.3168782837900768 -18.49916639735395 624.828371783742 16.845957618995673 22.453777115885448 14.338495085845404 0.65011873555692334 28.755605146803543 38.066516733766498 525.75542463128011 1769.7501832674641 624.828371783742 6.0137266707058066 4216.2095115606344 -745.12796997741077 577.86027880037307 35.023385003211501 78.59037618543347 911.35299822830564 29.937008152039244
decision_type=2 2 2 2 2 2 2 2 2 2 2 2 2 2 2 2 2 2 2 2 2 2 2 2 2 2 2 2 2 2
left_child=-1 2 3 -2 5 9 11 8 -8 16 14 12 13 19 -4 -10 21 -15 22 -6 24 -5 -19 -17 -13 -24 27 -7 29 -28
right_child=1 -3 10 4 6 26 7 -9 15 -11 -12 20 -14 17 -16 23 -18 18 -20 -21 -22 -23 25 -25 -26 -27 28 -29 -30 -31
leaf_value=0.10006533645906368 0.061831797902848901 0.080987207712088657 0.048646281437481557 0.00065491121541701083 0.018780423956096207 -0.0014671126097324232 0.042494659935751161 0.063121798670252569 0.0015230485335597898 0.0010579141591015053 0.056705662410907333 0.049209590406019507 0.10075765374539523 0.0061256542484790684 0.0059522539899712762 0.011394407980211536 -0.00071471311250861057 -0.00228322578570585 0.015345476864417618 0.070675140215338064 0.013888006531313718 0.10103157885312893 0.0019034644451153321 0.042109655556611718 6.9917994144871962e-05 0.018695894832269477 -0.00097453209949285738 -0.0044537903860998006 -0.0021220258587293325 0.0020218356625726452
leaf_weight=367.3161374554038 66.872824389021844 141.17406427115202 121.15435439057183 126005.2150051184 283.24951939820312 44753.789476491511 212.67248078191187 169.6679363505682 75066.411636403296 156774.77983734943 120.44739635440055 42.054661300498992 28.369000672362745 6787.8031109129079 635.4742991514504 498.14030166715384 317463.73610175401 8023.8159423349425 728.55594607896637 54.200470417155884 641.01954914722592 10.621304296888409 11860.166911350563 138.84150119661354 1913594.5857062778 369.89817665889859 189009.54671559948 19654.754657879472 62907.421104082838 19464.914391428232
leaf_count=578419 11244 125975 9056 630257 8819 308863 34012 77819 1077797 846380 23147 4473 3913 49753 36175 54969 1848212 44675 29733 3443 56446 1063 92286 34779 10218692 12683 1123894 158798 356143 78562
internal_value=8.84991e-06 -3.58479e-06 -7.45346e-06 -1.30423e-05 -1.44421e-05 -0.000436918 0.000181474 0.00191362 0.00177683 3.75742e-05 0.0188196 0.000113625 0.002699 0.00260003 0.0127886 0.00166244 -0.000323127 0.00230213 0.00106522 0.0271156 7.56247e-05 0.000663372 0.000551539 0.0180893 7.09979e-05 0.00241135 -0.00128511 -0.00237852 -0.00102561 -0.000694766
internal_weight=2.956e+06 2.95563e+06 2.95549e+06 2.95461e+06 2.95454e+06 936045 2.0185e+06 76085.7 75916.1 600254 877.076 1.94241e+06 28136.1 28107.7 756.629 75703.4 443480 27770.2 20982.4 337.45 1.91428e+06 126016 20253.9 636.982 1.91364e+06 12230.1 335790 64408.5 271382 208474
internal_count=17940480 17362061 17236086 17167708 17156464 5352172 11804292 1279376 1201557 3325912 68378 10524916 245305 241392 45231 1167545 2479532 229130 179377 12262 10279611 631320 149644 89748 10223165 104969 2026260 467661 1558599 1202456
is_linear=0
shrinkage=0.1


Tree=69
num_leaves=31
num_cat=0
split_feature=1 2 1 2 1 1 3 2 2 2 3 1 0 2 4 1 0 2 1 1 3 2 2 4 4 3 0 4 3 4
split_gain=332.758 82.0372 25.766 23.144 50.6744 29.5222 29.6426 24.2883 20.6996 18.1362 17.9005 25.762 18.3723 20.3207 22.8113 20.9392 17.4089 16.9912 15.6773 15.719 19.9887 14.5982 13.894 18.1404 16.5426 15.3577 13.7003 13.2335 12.1956 11.7905
threshold=-25.146948869916866 22.177771661493956 99.639369155523724 14.113900886689622 51.650937563072532 -2.8610527664111722 169.21637777743129 17.680989355593152 17.680989355593152 10.74531160023159 44.36244671935065 2.8458500127517121 23.860670172014917 10.74531160023159 423.06835623295132 -19.621452163579466 22.453777115885448 15.103864502823269 52.568283195336228 -14.774026464435314 600.92020367210091 3.2045172896751528 1.0788114787327248 661.61063861525292 539.063776013199 363.07474829627193 38.900503421250427 -572.39861283589642 525.75542463128011 148.76392355480971
decision_type=2 2 2 2 2 2 2 2 2 2 2 2 2 2 2 2 2 2 2 2 2 2 2 2 2 2 2 2 2 2
left_child=-1 2 3 10 5 8 17 -6 26 16 11 -2 13 18 15 -15 -4 -7 19 20 27 22 23 24 25 -14 -5 -12 -28 -13
right_child=1 -3 9 4 7 6 -8 -9 -10 -11 12 29 21 14 -16 -17 -18 -19 -20 -21 -22 -23 -24 -25 -26 -27 28 -29 -30 -31
leaf_value=0.10005911565530995 -3.5575251046770344e-05 0.079368725280918803 0.048009016497194051 0.059710225971805725 0.02215294863164884 0.00095954898106167846 0.003643520090683439 0.076974930118570428 0.029288759218878496 0.065531202352518844 -0.098929041808960075 -0.0018440559986353377 -0.00055329935435308912 0.070462646387399241 0.028478633720819893 0.0038313402644007209 0.0066404026655709041 -0.0055862555527425323 0.004037208660104351 0.00038553940400423898 0.051902442431895027 0.00015460772003969588 -0.00089743828389596096 0.0011304642682313259 -0.0027569493740273558 0.0023832351649198647 0.0058479144130542966 0.0032747036449800033 0.053373450287769866 -0.00041810336885494986
leaf_weight=332.38100074976683 449089.06971820164 130.21427104063332 119.93811516952701 48.588674520142376 548.20233823545277 7898.1718728208216 17478.87592506432 94.787350744241849 447.33838927722536 71.456110585248098 12.678060941398142 153977.77719075698 118886.79928818345 48.028859042562544 491.49164927727543 2616.6687825396657 669.90788842085749 7964.0878170399228 13075.130036029965 386448.92396243266 84.681063236668706 1207642.6198854237 320421.47947161645 101737.66592406668 28495.34810769558 20947.797654028982 5038.5563768716529 17588.218324992806 54.579480021260679 93013.133921854198
leaf_count=578419 2390901 125975 9895 6527 97671 61802 497172 54638 54446 18307 235 924257 696553 3190 39804 55402 40176 168181 245564 1927626 5044 6587838 1824806 526896 147044 117096 101739 109639 6086 517551
internal_value=8.0992e-06 -3.15408e-06 -6.65165e-06 -1.16937e-05 0.0023904 0.00193051 0.000803029 0.0302346 0.00865644 0.0172868 -4.43085e-05 -0.000486739 9.45092e-05 0.00068969 0.00868345 0.00503231 0.0129222 -0.00232695 0.000629217 0.000518957 0.00343427 -4.46316e-05 -0.000452107 7.62554e-05 -0.000560903 -0.000113394 0.00686139 0.00320109 0.00635721 -0.00130706
internal_weight=2.95547e+06 2.95514e+06 2.95501e+06 2.95415e+06 39573.2 38930.2 33341.1 642.99 5589.06 861.302 2.91458e+06 696080 2.2185e+06 420366 3156.19 2664.7 789.846 15862.3 417210 404135 17685.6 1.79813e+06 590489 270068 168330 139835 5141.72 17600.9 5093.14 246991
internal_count=17940480 17362061 17236086 17167708 1048262 895953 727155 152309 168798 68378 16119446 3832709 12286737 2386504 98396 58592 50071 229983 2288108 2042544 114918 9900233 3312395 1487589 960693 813649 114352 109874 107825 1441808
is_linear=0
shrinkage=0.1


Tree=70
num_leaves=31
num_cat=0
split_feature=1 2 4 0 4 0 2 2 3 1 3 0 0 0 0 2 0 4 1 0 2 1 3 4 3 1 3 0 3 1
split_gain=301.075 72.5449 22.8011 46.2167 20.1423 19.0955 29.1737 17.3027 28.7193 19.6594 17.9132 17.1542 16.7484 16.3763 26.1655 16.1981 16.1369 15.5861 14.5973 13.7232 12.6601 12.6258 11.9757 11.8991 12.8856 12.3978 20.2456 11.1216 10.4731 10.4461
threshold=-25.146948869916866 22.177771661493956 2587.8060893398397 36.027755647397903 -950.03401578111277 11.527806185973573 16.011183051989132 6.218047515971679 7051.8917510686288 -15.598012396202492 589.46563126334479 25.145245557493823 42.547888019587681 33.835601751442404 36.163456002875058 10.964909268771839 25.071786438740947 572.88531660910348 48.500406665533156 42.033038940569789 18.225373288096602 -22.114843219535548 3405.3200346043036 653.61845845865048 589.46563126334479 21.615918444657098 624.828371783742 14.710805724338075 506.18100600908696 -7.8092650382570046
decision_type=2 2 2 2 2 2 2 2 2 2 2 2 2 2 2 2 2 2 2 2 2 2 2 2 2 2 2 2 2 2
left_child=-1 2 4 16 -2 6 17 11 9 10 13 21 -5 15 28 -9 -4 29 -11 27 -16 -7 -23 25 -25 26 -13 -20 -15 -6
right_child=1 -3 3 12 5 7 -8 8 -10 18 -12 23 -14 14 20 -17 -18 -19 19 -21 -22 22 -24 24 -26 -27 -28 -29 -30 -31
leaf_value=0.10005348657410602 0.057676983648823989 0.077651573092296242 0.047706510547646651 0.024964781214406262 0.047556419549243563 0.0073919522226560943 0.076924299096640253 0.0045740154293757362 0.052168285802667108 0.00016295877281805688 0.02940994007569496 -0.00058114145690948385 0.077506720294986925 -0.0053487320873610916 0.0054354704990706559 0.048313415756195952 0.00027383545588536412 0.095254758983981253 0.029806500214905818 0.045283916043152225 0.057820929852813965 0.00012021489174287195 0.0035060410031466449 0.0021006365891521272 -0.00014614871653289736 -0.0025792719881907976 0.10098836179431901 0.0021785223600152798 0.0091626408511567888 -0.0034766293279845577
leaf_weight=300.76682609273121 60.515338097233325 120.29785485705361 73.890102207311429 725.90005623758771 46.709349654614925 2432.228624640964 76.843766461824998 15352.086747269961 106.73085919348523 1030668.3461896797 254.15549326874316 748702.78642512858 66.200859820586629 6070.1149496361613 4015.9549479689449 85.137138589285314 2446.6395525382832 19.717747412156314 146.43623785115778 74.522879321710207 46.669591819751076 658071.09909855947 10615.034486093558 27339.639831885695 384780.69386431947 32306.168751373887 19.625268889125437 29088.248301008716 541.72955085709691 283.87986445450224
leaf_count=578419 11244 125975 4283 103801 4724 27366 25574 95153 13891 5707104 13423 4547415 42547 42682 74646 4358 108204 6269 20553 30001 8647 3292946 185982 135886 1963186 179807 2109 546043 8182 30060
internal_value=7.41664e-06 -2.76753e-06 -5.92935e-06 0.00828585 -1.52366e-05 -1.64196e-05 0.0211254 -1.94801e-05 0.000297727 0.000292631 0.00298993 -0.000204341 0.029356 0.00273277 -0.000278858 0.00481524 0.00166434 0.00888533 0.000225538 0.00242616 0.00603725 0.000200122 0.000173963 -0.000431842 2.90071e-06 -0.000661239 -0.000578479 0.00231691 -0.00415977 0.00373389
internal_weight=2.95494e+06 2.95464e+06 2.95452e+06 3312.63 2.95121e+06 2.95114e+06 427.151 2.95072e+06 1.08645e+06 1.08634e+06 26365.8 1.86427e+06 792.101 26111.7 10674.5 15437.2 2520.53 350.307 1.05998e+06 29309.2 4062.62 671118 668686 1.19315e+06 412120 781029 748722 29234.7 6611.84 330.589
internal_count=17940480 17362061 17236086 258835 16977251 16966007 66627 16899380 6564683 6550792 247091 10334697 146348 233668 134157 99511 112487 41053 6303701 596597 83293 3506294 3478928 6828403 2099072 4729331 4549524 566596 50864 34784
is_linear=0
shrinkage=0.1


Tree=71
num_leaves=31
num_cat=0
split_feature=1 2 4 4 2 3 0 0 1 0 3 2 0 2 0 1 1 3 0 4 4 3 0 4 4 3 0 2 4 3
split_gain=272.41 64.0305 19.9977 17.3749 16.5654 31.4618 28.5059 25.6449 18.4979 22.6046 14.4666 16.3203 14.3931 14.3302 14.3107 20.8467 16.1469 12.54 13.1826 12.4844 12.044 11.664 11.2376 12.7034 10.8413 12.4278 20.7753 15.0128 13.6512 12.2699
threshold=-25.146948869916866 22.177771661493956 3412.8004490986809 -950.03401578111277 11.86668216735802 1340.5063390694556 36.728048246641556 42.547888019587681 -1.457057459290781 36.728048246641556 143.0473493605416 15.690408620695079 39.646606648615197 16.011183051989132 23.208685659508266 79.577020241995001 -22.114843219535548 71.766232883518526 28.41593956238555 452.39883865644163 1503.4839406109334 612.20773124525806 36.881426695548178 216.86167536659732 -39.99240535771694 567.52372996977067 13.528424951733479 11.087491810554186 261.77885243529948 788.33198912715693
decision_type=2 2 2 2 2 2 2 2 2 2 2 2 2 2 2 2 2 2 2 2 2 2 2 2 2 2 2 2 2 2
left_child=-1 2 3 -2 14 8 -7 -8 9 -6 11 22 -11 -4 15 16 21 18 -16 -12 -21 -5 23 -10 -18 26 28 -28 -26 -27
right_child=1 -3 13 4 5 6 7 -9 10 12 19 -13 -14 -15 17 -17 24 -19 -20 20 -22 -23 -24 -25 25 29 27 -29 -30 -31
leaf_value=0.10004839431714281 0.055122658429882211 0.075835590986709417 0.01750607261006756 0.0097777319405700225 0.028943269338957203 0.04486079708659943 0.0049998186207659825 0.038597221092203399 -0.0057978439187564117 0.0015728796528502783 0.012249557862827271 -0.0069345261435918171 0.0078002711379687659 0.085658526475014873 -0.0011144915956621084 0.016181452080610011 0.0014861499880062605 -1.436899456187283e-05 -0.00019851034452940316 0.00092061467229524274 0.043557053543223201 0.080062810147021879 -0.00036214833367524441 -0.035833107486540956 -0.030371866340025228 0.0026316271744187989 -0.00021846477522994317 0.015133962261703616 0.024344701194557242 0.00039435973879602598
leaf_weight=272.15822499012575 57.164544845931232 111.32594575779513 294.74699144117767 1428.9816790781915 336.29096991510596 191.32568907138193 8887.9467763816938 233.1501714506885 717.59745718707563 18406.588687194977 997.49607741332147 4434.0429384043673 4648.7881643853616 34.459433006530162 243128.42606062442 839.99819250381552 74553.719012638554 1654641.8210413652 444131.60768555105 59166.638258519699 66.327991391299292 24.008151998277754 45110.958821214736 175.19719210267067 343.34811812802218 33456.267675705254 265372.96530862898 638.48561089485884 52.57903128862381 91708.153165392578
leaf_count=578419 11244 125975 39414 20443 20588 37765 354483 92317 16089 161518 39349 118201 142083 22044 1643139 47764 363240 8864381 2233660 629597 12973 2896 252898 760 5400 151895 1229494 7127 971 714353
internal_value=6.79837e-06 -2.41807e-06 -5.27607e-06 -8.02286e-06 -9.08984e-06 0.0010394 0.00665993 0.00585862 0.00064897 0.00320398 0.000108924 -0.00114048 0.00282854 0.0246399 -6.25799e-05 0.000441988 0.000413712 -0.000163502 -0.000522552 0.00115519 0.000968358 0.0109391 -0.000582023 -0.0116918 0.000380903 0.000170468 -0.000215684 -0.000181616 -0.0231055 0.000992378
internal_weight=2.95446e+06 2.95419e+06 2.95408e+06 2.95375e+06 2.95369e+06 143372 9312.42 9121.1 134060 23391.7 110668 50437.8 23055.4 329.206 2.81032e+06 468419 467579 2.3419e+06 687260 60230.5 59233 1452.99 46003.8 892.795 466126 391572 266407 266011 395.927 125164
internal_count=17940480 17362061 17236086 17174628 17163384 1878621 484565 446800 1394056 324189 1069867 387948 303601 61458 15284763 2543583 2495819 12741180 3876799 681919 642570 23339 269747 16849 2472480 2109240 1242992 1236621 6371 866248
is_linear=0
shrinkage=0.1


Tree=72
num_leaves=31
num_cat=0
split_feature=1 2 0 3 1 2 3 0 3 3 4 0 2 0 3 2 0 1 3 0 3 2 4 2 0 2 0 4 3 4
split_gain=246.475 56.4029 18.0199 30.3573 16.7358 14.5571 23.7767 17.2609 16.5717 30.7102 29.3565 21.1784 20.5357 20.661 23.6397 19.0175 22.5589 18.5945 23.5697 18.3868 44.802 16.9699 33.6698 19.5376 14.6878 14.1732 13.9632 40.5268 17.7355 14.3984
threshold=-25.146948869916866 22.177771661493956 44.584589674464631 941.69637925329585 99.639369155523724 7.8563717926287895 5381.7421189088773 16.845957618995673 1204.1232746177186 788.33198912715693 858.50036550659922 13.528424951733479 14.834442903234569 33.919324551757391 1022.3488582668368 13.107146071202942 33.083198623034711 2.255989359191847 577.86027880037307 33.746352212887537 119.68541860429561 10.848873438160426 -268.19816603676117 8.9096833045684658 39.382051258700919 9.3168782837900768 34.008971803467794 607.94264843172493 62.936113352808569 177.76000209182419
decision_type=2 2 2 2 2 2 2 2 2 2 2 2 2 2 2 2 2 2 2 2 2 2 2 2 2 2 2 2 2 2
left_child=-1 2 4 -4 5 -2 8 -8 9 10 17 -10 13 14 -11 16 -12 18 19 20 -7 22 23 -21 -9 -6 27 29 -28 -19
right_child=1 -3 3 -5 25 6 7 24 11 12 15 -13 -14 -15 -16 -17 -18 26 -20 21 -22 -23 -24 -25 -26 -27 28 -29 -30 -31
leaf_value=0.10004378679362898 -0.00013620738021089218 0.073921713231364913 0.0066495275091062456 0.068782851833863706 0.0092806230497049762 0.0010666633685807545 0.056473944309144625 0.0078311919589287883 0.031297468740948721 -0.0024949550937908922 -0.0085381582512786113 0.0017689791283999742 0.0089845575871442766 -0.0039778866523545878 0.0051276121804696255 -0.0014701864727524321 0.0045230846622034615 -0.0022466642091467592 0.030338996691684175 0.0051085024938172276 0.0084734297917481369 0.0016743346710782305 0.00085148002748577402 -0.0048614936317163994 0.053727366767187451 0.04898230518650841 -0.0010940284415936589 -0.004291863175150859 0.00079258981830192211 0.00061635569592897619
leaf_weight=246.26971138454974 2247540.6909557302 103.20901424903423 388.34427165193483 98.599794677924365 728.36451053083874 37203.316633588867 83.731022938038222 1541.0946305585094 243.80787996703293 11199.759121007752 1378.4420218318701 64533.765457721776 1610.1426255066181 32623.410835389048 6389.7627725107595 7852.6119573060423 32499.479136481881 22970.380704451469 274.64456140541006 2180.2456998117268 10463.422768570599 56257.805387873901 46920.341734007001 19959.397499866784 73.031914383522235 102.58253839681856 69696.415456428193 29409.099875971675 174795.61894669756 74654.998258818872
leaf_count=578419 12263591 125975 84696 56422 45231 188574 15873 84954 37975 62353 5554 999814 60773 224234 39229 117728 155545 134640 17092 10555 76445 480420 192091 111416 30069 21604 343155 118169 894490 363394
internal_value=6.22918e-06 -2.1114e-06 -4.69449e-06 0.0192307 -7.86617e-06 -1.18599e-05 0.000384664 0.0122042 0.000356123 0.00020147 0.000407646 0.00188012 -0.00213196 -0.00248842 0.000274102 0.00296387 0.00399164 0.00021184 0.00106735 0.00102088 0.00269254 0.000385033 -0.000665262 -0.00387968 0.00990779 0.0141819 -0.000187123 -0.00103761 0.000254779 -5.72873e-05
internal_weight=2.95402e+06 2.95378e+06 2.95367e+06 486.944 2.95319e+06 2.95236e+06 704815 1697.86 703117 638339 586516 64777.6 51823.1 50212.9 17589.5 41730.5 33877.9 544786 173259 172985 47666.7 125318 69060 22139.6 1614.13 830.947 371527 127034 244492 97625.4
internal_count=17940480 17362061 17236086 141118 17094968 17028133 4764542 130896 4633646 3595857 3209268 1037789 386589 325816 101582 278827 161099 2930441 1076593 1059501 265019 794482 314062 121971 115023 66835 1853848 616203 1237645 498034
is_linear=0
shrinkage=0.1


Tree=73
num_leaves=31
num_cat=0
split_feature=1 2 0 3 2 4 3 0 0 2 0 1 3 0 2 4 1 4 4 0 4 3 3 0 4 3 1 2 0 2
split_gain=223.011 49.5798 15.1104 28.0425 18.8199 15.9745 14.0358 27.5999 21.3246 13.1492 25.1559 13.6431 27.7466 14.6032 14.3801 11.568 11.92 11.0853 10.737 9.95274 9.9157 9.07622 8.91512 8.3462 9.7247 7.9687 25.6096 7.84347 7.72925 18.751
threshold=-25.146948869916866 22.177771661493956 43.112438206973231 256.40009276465963 18.225373288096602 2095.1709917253938 5007.8982893658294 18.797407883559064 35.895089096592862 2.6049939585372468 26.296047185133549 -18.49916639735395 624.828371783742 28.755605146803543 9.8515653487278154 670.05375857254523 -1.0000000180025095e-35 -873.49489018560882 -105.66289443349469 38.066516733766498 736.32077744838432 385.34932128255133 624.828371783742 24.851889051181441 2339.7908954173759 251.10757112248595 15.93461894293104 9.1477840200010636 18.475358640268201 14.834442903234569
decision_type=2 2 2 2 2 2 2 2 2 2 2 2 2 2 2 2 2 2 2 2 2 2 2 2 2 2 2 2 2 2
left_child=-1 2 4 18 6 17 9 27 23 10 15 12 13 14 -11 16 22 -5 -4 -15 -20 -16 -2 24 -9 -22 -27 -8 29 -13
right_child=1 -3 3 5 -6 -7 7 8 -10 11 -12 28 -14 19 21 -17 -18 -19 20 -21 25 -23 -24 -25 -26 26 -28 -29 -30 -31
leaf_value=0.10003961848984649 0.00058367947279265142 0.071912053715549082 0.015965040629659019 0.081603180657645935 0.095419821349027267 0.064747489514048809 0.024375911248613671 0.0049206135755276202 0.02059582093801042 0.0050548544570144967 -0.0012214061963553334 0.0010264739922086696 0.10063969022431077 0.00027448785682913592 -0.0061374707996920486 0.00073784178608433883 -0.00059793526380467425 0.015810492602797505 -0.0078575849020110482 0.012254082505517835 0.10020631449736142 0.057804422474412025 0.10088067216698593 0.0002852192431153509 0.030001838345675998 -2.274015102462418 0.10020631449736039 0.062870940452443111 3.9476905861093967e-05 0.039227703166353566
leaf_weight=222.84286154666916 115632.90899814945 95.866017008665949 246.70691793051083 26.569703435059637 20.665613184217364 81.90878487151349 225.96438871952705 2813.9215025631711 621.09906893526204 8851.7237149006687 242021.17849401757 71735.15210887359 28.621139227412641 20210.628947638907 30.224556763190776 153179.40334531292 310687.57737998478 708.27484082966112 750.14536307152594 718.16226989496499 0.10478403232991595 83.602757770800963 8.8630757089704257 10267.563337605447 163.57552400045097 0.084238143637776375 0.09862026572227478 69.120283532887697 2014099.3926655059 128.72067250206601
leaf_count=578419 574637 125975 32416 7724 9726 58984 18952 75727 88309 65230 1445491 583267 4714 149645 1418 773158 1854014 110925 65112 31032 51 5701 1037 253309 8617 41 48 16590 10972981 27230
internal_value=5.71323e-06 -1.83435e-06 -4.16863e-06 0.00912011 -9.77593e-06 0.0228585 -1.04441e-05 0.00313024 0.00248622 -2.55853e-05 -0.000365134 0.00010625 0.00222637 0.00213215 0.00550901 -7.52745e-06 -0.000275337 0.0181894 -0.00213292 0.000685562 -0.00808268 0.0408259 0.000591366 0.00163701 0.00629851 -0.595101 -0.993536 0.0333929 7.58374e-05 0.0010949
internal_weight=2.95373e+06 2.95351e+06 2.95341e+06 1813.89 2.9516e+06 816.753 2.95158e+06 14161.2 13866.2 2.93742e+06 821530 2.11589e+06 29923 29894.3 8965.55 579509 426329 734.845 997.14 20928.8 750.433 113.827 115642 13245.1 2977.5 0.287642 0.182858 295.085 2.08596e+06 71863.9
internal_count=17940480 17362061 17236086 275301 16960785 177633 16951059 461504 425962 16489555 4648337 11841218 257740 253026 72349 3202846 2429688 118649 97668 180677 65252 7119 575674 337653 84344 140 89 35542 11583478 610497
is_linear=0
shrinkage=0.1


Tree=74
num_leaves=31
num_cat=0
split_feature=1 0 3 2 3 0 1 3 1 2 0 1 2 1 3 2 4 1 2 4 3 3 1 2 1 2 1 3 3 2
split_gain=201.781 43.542 13.4069 23.262 31.0444 21.4009 19.8678 17.6736 17.0227 14.7047 12.124 25.3895 16.3427 12.3801 18.193 12.7805 11.6157 11.3142 13.931 11.8339 8.8535 9.7934 8.69292 8.96681 8.51819 7.9577 9.00587 12.4271 9.61572 8.4333
threshold=-25.146948869916866 47.122235247165257 44.36244671935065 15.396901833852572 3284.9437942885638 40.222166264287807 2.8458500127517121 303.03171849028428 -6.9050684921334673 18.874172279944812 19.810583307491363 64.468426591397261 9.1477840200010636 -9.3883087281718716 535.44531550929253 9.1477840200010636 745.57384456000534 32.081138780531994 10.964909268771839 551.83728907740522 129.42059852608972 136.27781546195203 -6.4271140978511605 10.964909268771839 5.7156329253771085 5.2819050557067344 17.214252073824117 71.766232883518526 715.47093822690636 10.036535320853487
decision_type=2 2 2 2 2 2 2 2 2 2 2 2 2 2 2 2 2 2 2 2 2 2 2 2 2 2 2 2 2 2
left_child=-1 2 6 10 5 -5 22 8 -7 16 11 13 -13 14 15 20 -9 19 -19 25 -4 -22 23 -2 -8 -15 27 -27 -28 -30
right_child=1 -3 3 4 -6 7 24 9 -10 -11 -12 12 -14 17 -16 -17 -18 18 -20 -21 21 -23 -24 -25 -26 26 28 -29 29 -31
leaf_value=0.10003584727595599 -0.0042504859133882409 0.069242082833337229 0.0083960189605803842 0.056856578137980111 0.044730389183900099 0.010411127730695136 -0.0014390037799453406 0.021267868777626653 -0.0031048455386526478 0.027237012802139134 4.1533579242757692e-05 0.013586317257292391 0.057615308042505566 0.0056845766289615532 0.038008893621098189 0.01511635872215901 0.0047444190125563515 0.0026719123256410409 0.021968352796980103 -0.0058114065941227309 -0.018153559514189663 0.0015746153804480079 6.7137992545030327e-05 0.0089540592482341436 -0.00010121052779973817 0.0024986946939781021 0.0023672412401533685 -0.001740183911323583 -0.0031686203427085669 0.010399719714165832
leaf_weight=201.64377520512789 7207.7780952377943 90.810349660459906 1998.3633597269654 75.753845980158076 189.01623940473655 1166.9825444497401 186961.68407010438 464.85081859841011 4624.2517220748123 351.74279412027681 2132997.5084257056 717.93485472770408 95.519928598310798 2778.1369794311468 159.90526537015103 920.22768584778532 5018.8859017668292 14908.720591255464 383.76498406101018 3163.908045001328 263.60698080807924 5537.4690902195871 448166.09297695436 553.78174984821817 63850.726936789695 8950.6986378021538 25025.713902681135 30427.954368633684 5604.52198985219 498.85648073162884
leaf_count=578419 32593 125605 11146 24601 88702 55471 1118842 22208 109958 96006 11824249 40903 20877 11281 7057 22490 214294 196682 34861 17126 1533 42409 2469056 5386 379327 46547 139594 153336 36929 12992
internal_value=5.25112e-06 -1.57905e-06 -3.70837e-06 0.000115806 0.00452697 0.00387761 -0.000383578 0.00353243 -0.000381263 0.00741644 9.23306e-05 0.0011605 0.0187564 0.00101825 0.00458362 0.00397065 0.0061451 0.000673161 0.00315616 0.00017648 0.00265561 0.000678146 9.6748e-06 -0.00330835 -0.00109843 0.00043499 0.000228146 -0.000776694 0.00149928 -0.00205962
internal_weight=2.95336e+06 2.95316e+06 2.95306e+06 2.24632e+06 11891.5 11702.5 706740 11626.7 5791.23 5835.48 2.23443e+06 101435 813.455 100622 8879.57 8719.67 5483.74 91742.3 15292.5 76449.8 7799.44 5801.08 455928 7761.56 250812 73285.9 70507.7 39378.7 31129.1 6103.38
internal_count=17940480 17362061 17236456 13231252 611240 522538 4005204 497937 165429 332508 12620012 795763 61780 733983 84635 77578 236502 649348 231543 417805 55088 43942 2507035 37979 1498169 400679 389398 199883 189515 49921
is_linear=0
shrinkage=0.1


Tree=75
num_leaves=31
num_cat=0
split_feature=1 2 0 3 4 1 0 0 3 2 0 0 1 1 1 0 0 2 2 4 1 4 0 3 2 2 4 2 0 3
split_gain=182.573 39.91 15.3747 33.052 13.096 11.8916 12.7206 12.0763 10.7323 26.4665 20.7467 19.3804 17.9512 16.1199 14.8424 13.9311 13.6271 14.0853 14.0757 13.5048 10.7017 10.2278 8.67521 8.11704 8.07184 7.70031 7.43744 7.40653 7.36212 7.17833
threshold=-25.146948869916866 24.508053294227082 44.584589674464631 941.69637925329585 -403.04713271493711 99.639369155523724 22.453777115885448 35.778585968910988 251.10757112248595 15.396901833852572 40.222166264287807 16.316766387981982 64.468426591397261 1.0624575090790354 -20.77091823712145 15.635439033994343 13.528424951733479 16.355304853264457 11.86668216735802 2247.1736171082443 5.889302810501202 1033.9460074203416 30.697007827001592 42.66562315522075 12.593783445256088 1.6444646436876555 231.62334953172845 14.834442903234569 39.646606648615197 285.3893131894468
decision_type=2 2 2 2 2 2 2 2 2 2 2 2 2 2 2 2 2 2 2 2 2 2 2 2 2 2 2 2 2 2
left_child=-1 2 5 4 -4 8 -7 -8 13 11 -11 12 14 15 -10 23 18 20 -15 -12 22 24 -18 -2 29 -22 27 -24 -17 -16
right_child=1 -3 3 -5 -6 6 7 -9 9 10 19 -13 -14 16 21 28 17 -19 -20 -21 25 -23 26 -25 -26 -27 -28 -29 -30 -31
leaf_value=0.10003243459818999 0.0034467902955359411 0.10006626882633694 0.053180120912776796 0.06805274363243273 -0.002072952840400166 0.043546823827755966 0.0034200308975125601 0.053770473861013468 0.040968994970390145 0.068563391303561982 0.0052308106894562879 0.00013200499044032434 0.045905516885805825 -0.033360140640958574 -0.0074752668561004244 0.00016480072894930575 -0.0013422038716480586 -0.007464095722252837 -0.0049978975466358575 0.031981709676836806 -0.00095122737269613526 -0.23618399720961866 -0.00017867899434505761 0.015210306920325326 0.018312123992112007 -3.1559962590182104e-05 0.029372879107732661 -0.0062623138935092781 0.003849460000499363 0.0042036074987744634
leaf_weight=182.46074134204537 1672.9059495390393 39.855483551509678 48.748699072515592 102.72756059566746 357.3432040430489 111.01299686462153 649.37591570056975 51.405797739862464 110.00201699673198 53.50627698819153 6262.6356684103375 1400322.203333358 106.03577203745954 243.55620387202362 569.31852110382169 553610.96941415966 179681.58771547675 2835.821924499236 621.46794015011983 194.58033479133155 108806.95244733989 1.7728142663836468 122970.51160252094 903.3010397007456 377.15009666513652 557650.98631275445 84.654757656157017 2034.2968248724937 5476.2517029079609 6962.65238169441
leaf_count=578419 22778 60339 21810 82840 100516 11724 40277 14863 5952 22135 268884 8022257 21387 3618 5630 2734871 1185545 77425 23097 73832 722546 82 579552 20195 31060 2949210 863 20222 115998 122553
internal_value=4.81056e-06 -1.37015e-06 -2.72079e-06 0.0173787 0.00455982 -5.71634e-06 0.0120957 0.00711348 -9.04473e-06 0.000189669 0.00655077 0.000160264 0.00502951 -0.000192029 0.00448913 0.000234699 -0.000437869 -0.000426728 -0.0129836 0.00603692 -0.00040618 0.00398187 -0.000897049 0.00757146 0.0040357 -0.000181706 -0.000257616 -0.000277683 0.000200892 0.00332084
internal_weight=2.9531e+06 2.95291e+06 2.95287e+06 508.819 406.092 2.95236e+06 811.795 700.782 2.95155e+06 1.41496e+06 6510.72 1.40845e+06 8126.93 1.53659e+06 8020.9 561663 974930 974065 865.024 6457.22 971229 7910.89 304771 2576.21 7909.12 666458 125089 125005 559087 7531.97
internal_count=17940480 17362061 17301722 205166 122326 17096556 66864 55140 17029692 8573772 364851 8208921 186664 8455920 165277 2893842 5562078 5535363 26715 342716 5457938 159325 1786182 42973 159243 3671756 600637 599774 2850869 128183
is_linear=0
shrinkage=0.1


Tree=76
num_leaves=31
num_cat=0
split_feature=1 2 0 4 4 1 3 0 1 3 3 2 3 3 2 0 2 0 3 4 0 4 0 0 0 0 4 1 0 4
split_gain=165.194 36.1094 12.7608 29.5499 11.6231 10.2521 37.488 15.5937 12.512 29.8906 15.7658 15.5578 12.1656 10.3263 20.9759 14.2135 9.34952 12.9602 11.1618 20.1574 11.0393 10.3806 18.068 23.9819 17.7848 10.2207 8.55338 8.30883 8.05018 7.74744
threshold=-25.146948869916866 24.508053294227082 44.584589674464631 1401.3792947947695 -572.39861283589642 -20.77091823712145 612.20773124525806 15.635439033994343 -23.58428359485033 589.46563126334479 525.75542463128011 7.1100203169760627 624.828371783742 5007.8982893658294 11.087491810554186 20.430679197560071 4.3331307693471492 26.104313809698635 1204.1232746177186 685.83387317537438 42.033038940569789 1089.1451155865386 39.925852596553632 34.782006052321698 37.344157948616733 27.593795141971921 956.18300998102654 45.6575861244227 22.685211475095212 1620.2034334173804
decision_type=2 2 2 2 2 2 2 2 2 2 2 2 2 2 2 2 2 2 2 2 2 2 2 2 2 2 2 2 2 2
left_child=-1 2 5 4 -4 6 7 -2 9 11 -10 -9 -8 16 15 -15 17 26 21 27 -21 -18 23 -23 -25 -19 -7 -20 -12 -27
right_child=1 -3 3 -5 -6 13 12 8 10 -11 28 -13 -14 14 -16 -17 18 25 19 20 -22 22 -24 24 -26 29 -28 -29 -30 -31
leaf_value=0.10002934749084647 0.048632127612815407 0.10005995963614166 0.063833344538606715 0.065814435991818729 -0.00069717879727218708 -4.835554644822e-05 0.035344263499168825 -0.016989752233696368 0.0012836498908368821 0.012200046299324578 0.024360584042393746 0.0054524045535401175 0.10068154297625798 0.017418217158718174 0.021319795674312067 0.0012042964507255238 7.4216051906034249e-05 -0.0010250784998623028 0.0079984267506329806 0.00070246640286009392 0.020344150273237743 0.0011093013087208274 0.0072376517848957815 -0.0075602425808865663 -0.00043409124634455798 -0.00014306671651483983 0.0011559016034281351 0.039701706555243799 0.0074433624855444695 -0.0037824920126621137
leaf_weight=165.1021420112811 70.993402659776621 36.064890685956925 30.162739755411167 96.08406050177291 374.06129959149985 643856.46881339885 109.31148461799603 1373.644856415689 15141.06077211909 721.61024443712085 314.07571922801435 398.51764475763775 38.547031962778419 564.19748229032848 578.85741360660177 12959.583273487631 1384719.8725930094 270794.80344229937 3017.0775115458528 174255.66951584816 286.61387979914434 10488.297913491726 2019.9802045845427 10087.888279467821 5364.6149760968983 341258.43101532012 64926.742289241403 84.995704140164889 2694.249658529181 5951.1522202938795
leaf_count=578419 5019 60339 15662 84260 105244 3326071 10527 18207 107442 19341 4036 11674 6255 42188 103159 325333 6972990 1616918 55659 1643054 71768 50768 74076 70745 64933 1954297 442135 16663 25446 57852
internal_value=4.41416e-06 -1.17896e-06 -2.40118e-06 0.0159668 0.00411802 -5.10758e-06 0.00220386 0.00184571 0.00168481 -0.00495688 0.0025974 -0.011943 0.0523778 -2.08292e-05 0.00267862 0.00188072 -3.38796e-05 -0.000229882 0.000129642 0.000876729 0.00073472 3.56963e-05 -0.00187194 -0.0025813 -0.00508627 -0.00056459 6.19581e-05 0.00886709 0.00920956 -0.000205446
internal_weight=2.95278e+06 2.95261e+06 2.95258e+06 500.308 404.224 2.95208e+06 20862 20714.2 20643.2 2493.77 18149.4 1772.16 147.859 2.93122e+06 14102.6 13523.8 2.91711e+06 1.32679e+06 1.59033e+06 177644 174542 1.41268e+06 27960.8 25940.8 15452.5 618004 708783 3102.07 3008.33 347210
internal_count=17940480 17362061 17301722 205166 120906 17096556 207947 191165 186146 49222 136924 29881 16782 16888609 470680 367521 16417929 7397273 9020656 1787144 1714822 7233512 260522 186446 135678 3629067 3768206 72322 29482 2012149
is_linear=0
shrinkage=0.1


Tree=77
num_leaves=31
num_cat=0
split_feature=1 2 4 4 2 1 3 2 3 1 3 2 3 2 3 3 4 0 0 1 4 2 0 4 0 3 4 2 4 1
split_gain=149.469 32.6711 11.8579 10.1757 12.6195 9.19149 31.8595 15.937 13.5298 13.7957 17.573 14.4526 13.9344 10.3512 21.0126 13.8277 16.2149 22.3517 21.5451 20.7748 15.9219 14.0627 13.0929 11.5863 9.99055 9.54751 18.1541 16.9976 13.9538 10.694
threshold=-25.146948869916866 24.508053294227082 -950.03401578111277 3412.8004490986809 16.011183051989132 -13.23947561484461 624.828371783742 18.225373288096602 600.92020367210091 -23.58428359485033 525.75542463128011 9.4846482782708694 577.86027880037307 8.6785540849239151 4445.089928986702 715.47093822690636 593.56588806917841 32.720338406174854 28.010168183739399 23.351110743797385 513.6044015675335 0.14628041151725138 33.654228471305991 -403.04713271493711 32.492434124587916 1107.9493539546027 1007.8167616428956 8.3186500020783036 685.83387317537438 38.331423331506329
decision_type=2 2 2 2 2 2 2 2 2 2 2 2 2 2 2 2 2 2 2 2 2 2 2 2 2 2 2 2 2 2
left_child=-1 2 -2 5 -5 6 7 8 9 11 -11 12 -4 15 -15 16 19 18 -18 23 -17 -21 -16 24 -7 26 27 -22 -27 -30
right_child=1 -3 3 4 -6 13 -8 -9 -10 10 -12 -13 -14 14 22 20 17 -19 -20 21 25 -23 -24 -25 -26 28 -28 -29 29 -31
leaf_value=0.10002655392934241 0.04864144943018478 0.10005424598561248 -0.016858509621757729 0.011802442379939368 0.082261781451657898 -0.00047122210967941527 0.10063269854062236 0.050154712870369392 0.018924396206376034 0.00066986989159696858 0.0084287779004317588 0.018088086981202452 0.00017748734794795231 0.00031686917887451866 0.045604554322492635 -0.0086905075614635199 -0.0024447871077948424 -0.0036703974013888641 1.1854582583454892e-05 0.023692842804497353 0.00068108542372724958 0.002177665220041018 0.0083091032509364452 -0.00023540726697742289 0.011705667148198519 0.0058553947821404564 0.0042804185537446493 -0.0067186312813363354 -0.00080870276795415677 0.00030458611719220058
leaf_weight=149.39455620991066 50.113083178177476 32.634630882181227 1156.3758710641414 276.00047988706501 27.997963997710031 1213.896206096746 31.975928795523942 65.398644927248824 409.50111967429984 121281.14791927376 2991.0660678418353 205.34200879256241 821.00472389347851 521794.07590796117 98.344074886583257 1978.4227724596858 49973.788599789143 29386.163501828909 124985.60627087951 306.82168687880039 218647.29340188205 30776.901924267411 2196.1026178887114 1434211.3484116946 1514.2902135699987 4016.0557975806296 14068.586109742522 3148.9597513452172 129972.14947979152 256684.17888057558
leaf_count=578419 13135 60339 14883 39414 26860 4878 5565 16400 18070 651837 28967 7693 15308 3732656 24741 12821 259491 118425 583001 1627 913649 135165 142335 7874479 6260 31929 60386 14030 566941 1980776
internal_value=4.06128e-06 -1.0001e-06 -2.10611e-06 -2.93182e-06 0.0182917 -4.81585e-06 0.000827542 0.000802399 0.000776958 0.000718191 0.000856616 -0.00716299 -0.0097852 -4.22242e-05 0.000358857 -0.000133581 -0.000283868 -0.00111846 -0.000689838 -0.000167694 0.000266304 0.00239004 0.00990765 -0.000223023 0.00628761 0.000294587 0.000796983 0.000576028 -8.73061e-06 -6.96391e-05
internal_weight=2.95247e+06 2.95232e+06 2.95229e+06 2.95224e+06 303.998 2.95193e+06 126962 126930 126864 126455 124272 2182.72 1977.38 2.82497e+06 524089 2.30088e+06 1.67237e+06 204346 174959 1.46802e+06 628516 31083.7 2294.45 1.43694e+06 2728.19 626537 235865 221796 390672 386656
internal_count=17940480 17362061 17301722 17288587 66274 17222313 758723 753158 736758 718688 680804 37884 30191 16463590 3899732 12563858 8983326 960917 842492 8022409 3580532 136792 167076 7885617 11138 3567711 988065 927679 2579646 2547717
is_linear=0
shrinkage=0.1


Tree=78
num_leaves=31
num_cat=0
split_feature=1 0 4 1 2 0 0 1 3 1 2 3 0 2 0 2 4 1 4 4 3 1 4 4 4 2 0 4 0 2
split_gain=135.242 29.593 10.1197 8.81436 10.7949 12.4838 8.23137 26.154 7.87365 18.8589 11.2365 16.2546 12.1083 13.8278 8.94439 8.54141 11.3265 10.4813 11.708 7.60602 13.3258 8.61129 7.37785 7.82149 6.5847 6.36898 6.25186 6.01254 5.98339 7.28115
threshold=-25.146948869916866 49.469714138898034 -950.03401578111277 99.639369155523724 7.4763457887636173 27.71472299465762 44.584589674464631 32.081138780531994 39.481799105223502 3.2171995452997608 14.113900886689622 4216.2095115606344 38.900503421250427 17.171740496611907 23.860670172014917 11.087491810554186 586.83596098135183 7.1078507714899049 133.82870476235004 163.37713550889919 612.20773124525806 52.568283195336228 1728.2989739118073 -451.37426196696759 187.64575427913852 17.171740496611907 32.35093261105304 -403.04713271493711 28.129138624788826 1.5279410304789247
decision_type=2 2 2 2 2 2 2 2 2 2 2 2 2 2 2 2 2 2 2 2 2 2 2 2 2 2 2 2 2 2
left_child=-1 2 -2 6 5 -5 8 27 9 -4 14 12 13 -12 15 19 17 -17 -19 20 -10 24 23 25 -21 -14 -7 -8 29 -16
right_child=1 -3 3 4 -6 26 7 -9 10 -11 11 -13 22 -15 28 16 -18 18 -20 21 -22 -23 -24 -25 -26 -27 -28 -29 -30 -31
leaf_value=0.10002402615820596 0.046038282001012287 0.10004929090909256 3.9956692797038028e-05 0.016210459705470377 0.033021554695211099 -0.010007727372664935 0.04102685555557381 0.065213609982781154 0.0013051054447403548 -0.0011170992179884709 0.016526688314129914 0.033194892027523626 0.0056687796295088796 0.096262301791351423 -7.8397085595890359e-06 0.020411996615066475 0.038268308860539349 -0.017297121952408775 0.0052259677215527357 -0.0018819509587461539 0.078460233544084851 0.0027656297632099843 0.009660858469794642 0.00092901527822867713 0.00023396188343565509 0.024480652643049116 -0.11268901963438523 -0.0012336157983861666 8.413875525732646e-05 -0.00072319642151856783
leaf_weight=135.18102691974491 47.740469469223171 29.563060714397579 466439.52049546322 372.1340731648379 168.0912408963195 251.45282508898526 37.084317311877385 80.163598428945988 77971.523244318552 201816.06365924928 160.26874572073575 166.72621332746348 1510.050801480189 25.164434998558136 344335.9345201822 367.10505659668706 107.24662555940449 270.76745748054236 1563.4155618166551 15419.568361222744 22.391747520072386 12938.17380325147 1119.9413442697842 25046.360702409642 318513.79790005554 204.32430379139259 6.0728195346891871 365.21147674857639 1240133.3753391772 242478.24471267778
leaf_count=578419 13106 60216 2570300 21779 31377 15589 16856 76592 394623 1202446 28214 61615 44312 13792 1915322 13629 19362 4961 45807 76257 3214 248114 133631 460207 1616940 18546 466 103755 6762147 1388886
internal_value=3.71688e-06 -8.63406e-07 -1.86539e-06 -2.60999e-06 0.0105074 0.00449712 -5.4511e-06 0.0130554 -7.58669e-06 -0.000309479 8.08051e-05 0.0020634 0.00187847 0.0273473 5.59731e-05 0.000467926 0.00653417 0.00498808 0.00190104 0.000434964 0.00132726 0.000234333 0.00170908 0.00137629 0.000136258 0.00791083 -0.0124291 0.00266203 -4.03491e-05 -0.000303433
internal_weight=2.9521e+06 2.95197e+06 2.95194e+06 2.95189e+06 797.751 629.66 2.95109e+06 482.459 2.95061e+06 668256 2.28235e+06 28232.8 28066.1 185.433 2.25412e+06 427174 2308.53 2201.29 1834.18 424865 77993.9 346872 27880.7 26760.7 333933 1714.38 257.526 402.296 1.82695e+06 586814
internal_count=17940480 17362061 17301845 17288739 69211 37834 17219528 197203 17022325 3772746 13249579 760317 698702 42006 12489262 2422907 83759 64397 50768 2339148 397837 1941311 656696 523065 1693197 62858 16055 120611 10066355 3304208
is_linear=0
shrinkage=0.1


Tree=79
num_leaves=31
num_cat=0
split_feature=1 0 4 2 3 3 1 2 4 2 0 2 2 0 1 0 3 4 0 3 2 3 0 4 4 3 0 3 0 2
split_gain=122.369 26.7755 8.62211 7.4692 20.0363 12.0733 30.1601 26.6576 21.9731 17.6211 17.6541 16.0037 15.6709 11.2768 11.1507 14.0283 33.2396 17.4643 11.0315 27.264 13.8205 10.9742 10.7712 28.2997 12.2586 11.7656 13.5419 9.75122 10.5846 9.52483
threshold=-25.146948869916866 49.469714138898034 -950.03401578111277 7.8563717926287895 7051.8917510686288 1130.0537904088235 28.296090200553319 18.874172279944812 858.50036550659922 14.834442903234569 33.32330943908741 13.107146071202942 8.6785540849239151 15.635439033994343 2.4478156159809243 33.746352212887537 71.766232883518526 -125.24723982448967 35.895089096592862 69.426942769120984 8.9096833045684658 451.56558317776984 34.008971803467794 607.94264843172493 128.76504958278551 62.936113352808569 35.094929945696201 8.7950984045207843 42.547888019587681 10.964909268771839
decision_type=2 2 2 2 2 2 2 2 2 2 2 2 2 2 2 2 2 2 2 2 2 2 2 2 2 2 2 2 2 2
left_child=-1 2 -2 -4 5 6 8 13 14 10 -8 12 -10 -7 15 16 17 -5 19 -17 -21 -22 23 24 -16 26 -24 -20 -29 -18
right_child=1 -3 3 4 -6 7 9 -9 11 -11 -12 -13 -14 -15 22 18 29 -19 27 20 21 -23 25 -25 -26 -27 -28 28 -30 -31
leaf_value=0.10002173912057977 0.043475413678217889 0.10004459502823078 -9.1403512265308628e-05 -0.0032293714834948392 0.01777544599648943 0.011732593912229248 0.001467971239098725 0.051752981023360158 -0.0013449403021195373 0.0087835509731424358 -0.0037958122115142007 -0.0015418733851814148 0.0043075524646423776 0.0012633583565106485 -0.00310393582553027 0.00067176916134942515 0.005875830202129409 0.0018966302756730131 -0.00013157382410626742 0.0041278914964484499 -0.0050755571115937183 0.0052355442152077864 0.001185265056562612 -0.0036409731051656631 0.00032402549143901684 0.00064846944883824385 -0.0018639933606524027 0.0022847925146622307 0.018012077003655622 0.024558548141693951
leaf_weight=122.3195058493875 45.612788822036237 26.750955121591687 2246915.8465612922 9080.2800775021315 654.10844661633018 1043.9052372123697 7857.4060116368055 105.35304661846021 5870.2278850824223 1356.0030693044246 33695.923211742193 8115.6124399116379 29820.280388794839 71386.179444709211 11896.195654052601 50760.687329560518 14309.801219596062 24797.631389583752 25933.366702110332 2073.3187946702819 17715.228797636926 1096.0577362927143 21243.100629970431 29400.751099780202 84757.625203959527 174845.4786039294 46324.352324173378 29861.296554134227 434.14586663246155 278.18835796741769
leaf_count=578419 13106 60216 12302995 37179 87300 80798 52645 90680 23819 63177 212625 148769 146584 1071392 74996 208538 86534 132838 172319 10509 94854 15611 86856 118169 420177 923405 259297 292302 57096 17275
internal_value=3.40777e-06 -7.37022e-07 -1.64373e-06 -2.3156e-06 0.000281734 0.000265481 0.000125138 0.00148736 0.000311726 -0.0024344 -0.00280047 0.00246641 0.00337785 0.00141425 0.000138475 0.000792438 0.00224121 0.000522711 0.000243335 -0.000579498 -0.00362074 -0.00447477 -0.000174497 -0.000924272 -9.78895e-05 0.000215386 -0.000905311 0.00129177 0.00251017 0.0062321
internal_weight=2.95182e+06 2.9517e+06 2.95167e+06 2.95163e+06 704713 704058 631523 72535.4 588614 42909.3 41553.3 43806.1 35690.5 72430.1 544808 176340 48465.9 33877.9 127874 71645.3 20884.6 18811.3 368468 126055 96653.8 242413 67567.5 56228.8 30295.4 14588
internal_count=17940480 17362061 17301845 17288739 4985744 4898444 3655574 1242870 3327127 328447 265270 319172 170403 1152190 3007955 1125055 273826 170017 851229 329512 120974 110465 1882900 613342 495173 1269558 346153 521717 349398 103809
is_linear=0
shrinkage=0.1


Tree=80
num_leaves=31
num_cat=0
split_feature=1 2 4 3 2 4 0 0 1 1 2 0 4 0 2 2 3 0 1 2 4 2 2 1 4 0 4 0 1 3
split_gain=110.722 24.2393 7.33476 6.95199 24.3035 18.6489 13.6043 12.851 12.1976 10.6786 11.8158 12.4103 10.2868 9.19926 8.80265 12.002 9.86796 7.47471 15.3393 7.30074 14.1331 10.4558 7.10835 19.8571 37.6573 8.37501 7.61839 7.25069 18.2789 7.91721
threshold=-25.146948869916866 24.508053294227082 -950.03401578111277 251.10757112248595 16.355304853264457 2450.9854956356353 41.212187363504505 13.528424951733479 57.754105228697796 1.0624575090790354 16.355304853264457 16.316766387981982 197.42363367429024 15.635439033994343 13.29359590767084 13.107146071202942 1.8100471003327858 20.430679197560071 76.115069911753977 13.676709075330523 11.816733809986571 14.57672619717051 10.127496958919812 29.937008152039244 1254.954604049916 37.877481817253276 2450.9854956356353 35.895089096592862 19.914708157161463 715.47093822690636
decision_type=2 2 2 2 2 2 2 2 2 2 2 2 2 2 2 2 2 2 2 2 2 2 2 2 2 2 2 2 2 2
left_child=-1 2 -2 9 7 6 -6 8 12 13 11 14 -5 -4 15 -11 19 18 -9 -16 -21 -22 -19 27 25 -25 -26 28 -24 -30
right_child=1 -3 3 4 5 -7 -8 17 -10 10 -12 -13 -14 -15 16 -17 -18 22 -20 20 21 -23 23 24 26 -27 -28 -29 29 -31
leaf_value=0.10001967023096069 0.040965175424132555 0.10004026280606378 0.0061970728746285888 0.041985516699969222 0.080434631275271895 0.050925245370878669 0.0068073490617442849 0.00099490895029367586 0.066596908526789553 -0.004130437030247752 -0.0065925359260008065 -0.00029777466878820624 0.0059901128934778253 0.00017066849325826839 -0.0066686373710502849 0.050363696622916156 -0.026002570944416759 5.3867728864454719e-07 0.022149455479528304 0.10093697539564689 -0.33758337509272396 -1.0019080124978643 -0.0003045166185877134 -0.0068671903407864464 0.00061052003341726746 0.00086277628534942833 0.0086515654465480919 0.0010587615131005647 0.0066266010651361345 0.0013470433856129227
leaf_weight=110.68143904395401 43.703798181843013 24.219292577821761 2544.5360245835036 87.285799981444143 25.295696745568421 101.51360994827701 3174.238548868685 76332.112626506481 38.564124817843549 7695.2018099986017 3022.1768866095226 963735.65267402679 878.09516666457057 559043.14237021701 0.90867114625871126 40.629304345697165 131.93222724390216 1209739.0479682344 344.31162071600556 0.45258272206410732 0.6832307456061244 0.36268074903637171 9638.3975684429752 10161.025165632367 25575.768620461691 1625.8961617201567 1235.1551482720533 61327.989371996839 11138.734904885292 3812.5981167554855
leaf_count=578419 13135 60339 42973 7936 15908 80578 281034 581012 14281 58578 120544 5411292 49595 2882314 33 985 9327 6421911 31345 54 48 38 49139 72993 483876 21907 126836 456514 48333 19203
internal_value=3.12942e-06 -6.21186e-07 -1.4421e-06 -2.04871e-06 0.000157851 0.00872826 0.00738945 0.000137814 0.0114477 -0.000149356 -0.00034949 -0.000330071 0.00924467 0.000197974 -0.00428495 -0.00384423 -0.0296635 0.000129766 0.0010899 -0.230311 -0.365926 -0.567945 7.45897e-05 0.000794037 -0.00109007 -0.00580091 0.000980964 0.00164046 0.00309123 0.00528031
internal_weight=2.95163e+06 2.95152e+06 2.9515e+06 2.95145e+06 1.41524e+06 3301.05 3199.53 1.41193e+06 1003.95 1.53622e+06 974628 971606 965.381 561588 7870.17 7735.83 134.339 1.41093e+06 76676.4 2.40717 1.49849 1.04591 1.33425e+06 124516 38597.8 11786.9 26810.9 85917.7 24589.7 14951.3
internal_count=17940480 17362061 17301722 17288587 8762401 377520 296942 8384881 71812 8526186 5600899 5480355 57531 2925287 69063 59563 9500 8313069 612357 173 140 86 7700712 1278801 705612 94900 610712 573189 116675 67536
is_linear=0
shrinkage=0.1


Tree=81
num_leaves=31
num_cat=0
split_feature=1 0 0 1 4 2 0 2 3 1 3 4 1 4 3 3 0 4 4 3 0 2 2 3 2 2 3 0 1 2
split_gain=100.184 21.952 6.67195 20.4737 8.40003 6.57675 6.24376 20.0116 13.339 12.3355 11.9026 9.0456 16.9191 8.22351 7.65556 7.39087 9.36038 12.2064 9.60674 8.26523 7.56819 7.25336 7.1764 7.15812 6.91278 7.13589 6.70023 6.21781 12.4782 7.52285
threshold=-25.146948869916866 49.469714138898034 44.584589674464631 26.47196460455147 -572.39861283589642 19.701432676361332 22.792172721023068 16.011183051989132 9945.5766207823017 -14.774026464435314 589.46563126334479 -222.45067321110196 -5.6199647537671096 922.05357938054101 35.023385003211501 71.766232883518526 38.26597787437229 1728.2989739118073 -645.25020184141545 4.5941368742693474 40.529641611438457 9.1477840200010636 11.593731035003005 3405.3200346043036 8.8353764983713905 7.9808886790301008 185.57019628276979 21.26193955448549 -23.58428359485033 3.6933742345043012
decision_type=2 2 2 2 2 2 2 2 2 2 2 2 2 2 2 2 2 2 2 2 2 2 2 2 2 2 2 2 2 2
left_child=-1 2 5 4 -4 6 7 8 9 10 22 24 14 23 -13 19 -17 18 -18 20 -8 -15 27 -14 25 -11 -16 -2 -29 -30
right_child=1 -3 3 -5 -6 -7 15 -9 -10 11 -12 12 13 21 26 16 17 -19 -20 -21 -22 -23 -24 -25 -26 -27 -28 28 29 -31
leaf_value=0.10001779837776455 0.00098277940262741907 0.10003659704356745 0.056284224897235162 0.049265105236087542 -0.0037551846516057398 0.10013560300208089 0.00028095011825911222 0.063928544524865336 0.034728375023431797 -0.0025483797143769091 0.037606767259906755 0.0099293736883144367 4.4962922342790259e-05 0.0020453443129042218 0.0023982280726557049 1.2941320321036541e-05 0.010137226408530355 0.0091642329573653394 0.00087635127051966769 -0.00052336627407088506 -0.0072728800972650595 0.031950140124227103 0.03672113478438508 0.038542476388298268 0.048644245181541999 -0.030361657056803867 0.030623531798138006 -0.029248929561095288 0.005556572337643801 0.029859082056952903
leaf_weight=100.15048650838435 6922.2725477730855 21.935517859645188 25.017100078752264 111.816503588052 340.06337339320453 6.5585160814225665 196280.22947267466 49.508950022223871 112.81877355941106 10280.920036070049 101.04480897798203 1494.7544968016446 352138.82478818757 19189.776345137507 20304.639968901873 1740656.4550911004 1153.3837556065992 1991.7314796017017 38862.666369882645 554078.87557118107 1335.3725864021108 81.451084765954874 63.339721625205129 48.305108999018557 26.188410580158234 93.080348126590252 84.453037647530437 101.48000153526664 5250.3036170452833 130.54080311954021
leaf_count=578419 58476 60216 15598 93868 94936 6851 1129595 21198 11952 45486 6061 6957 1800172 260369 105541 9494248 51544 243021 588215 3176404 27463 15624 5502 11609 325 892 2060 1567 25630 681
internal_value=2.88567e-06 -5.08231e-07 -1.25175e-06 0.0118259 0.000359009 -3.16318e-06 -3.38575e-06 0.000355446 0.000347888 0.000338571 0.00342369 0.000242527 0.000319494 0.000160306 0.00302156 -6.23529e-05 4.85389e-05 0.00152358 0.00114328 -0.000325336 0.000229906 0.00217174 0.00314666 5.02431e-05 -0.0026684 -0.00279793 0.00251514 0.00297522 0.00549098 0.00614616
internal_weight=2.95144e+06 2.95134e+06 2.95132e+06 476.897 365.08 2.95084e+06 2.95083e+06 416474 416424 416311 12569 403742 393342 371458 21883.8 2.53436e+06 1.78266e+06 42007.8 40016.1 751694 197616 19271.2 12467.9 352187 10400.2 10374 20389.1 12404.6 5482.32 5380.84
internal_count=17940480 17362061 17301845 204402 110534 17097443 17090592 2380102 2358904 2346952 97917 2249035 2202332 2087774 114558 14710490 10377028 882780 639759 4333462 1157058 275993 91856 1811781 46703 46378 107601 86354 27878 26311
is_linear=0
shrinkage=0.1


Tree=82
num_leaves=31
num_cat=0
split_feature=1 0 1 3 0 3 1 3 3 4 2 0 0 2 2 0 1 2 0 2 0 2 1 2 0 0 1 0 1 1
split_gain=90.6485 19.8622 5.86822 30.2933 12.0439 10.1321 14.8832 11.4816 11.0594 6.87375 6.53621 6.10691 10.6069 9.81725 6.01822 7.90201 5.7719 9.00417 8.37926 5.6388 6.06672 5.54879 12.6305 21.4639 9.59828 8.39389 8.92389 7.64142 6.52709 6.48845
threshold=-25.146948869916866 49.469714138898034 -20.77091823712145 624.828371783742 15.635439033994343 600.92020367210091 -23.58428359485033 577.86027880037307 460.26571387068043 -873.49489018560882 0.2202348973772548 34.475044258385871 33.654228471305991 7.2952669116816695 9.1477840200010636 34.097656935233587 99.639369155523724 10.74531160023159 22.453777115885448 9.3168782837900768 27.531944759136788 4.7279083562565516 48.500406665533156 17.680989355593152 11.527806185973573 26.104313809698635 54.581736046543867 27.593795141971921 43.720506407038805 5.889302810501202
decision_type=2 2 2 2 2 2 2 2 2 2 2 2 2 2 2 2 2 2 2 2 2 2 2 2 2 2 2 2 2 2
left_child=-1 2 3 4 -2 6 7 11 10 -4 -8 12 13 -6 15 -9 21 18 -18 20 -7 25 -23 24 -24 28 27 29 -11 -27
right_child=1 -3 9 -5 5 19 8 14 -10 16 -12 -13 -14 -15 -16 -17 17 -19 -20 -21 -22 22 23 -25 -26 26 -28 -29 -30 -31
leaf_value=0.1000161039271622 0.044247483643914488 0.10003311489479703 0.10041052461653971 0.10054782563828356 -0.016103087972987592 0.025889595455979481 -0.022090132732675183 -0.000532594059251788 0.0036694817059488836 -2.5784632266229331e-07 -0.0011146381739034819 0.0091373622083932432 -0.064043200760534227 0.015730045827744305 0.024496468681217565 -0.20107945972710356 0.033541557935547715 0.049863499540972023 0.0016634851801164867 0.04826204248789831 -0.00025463166139700022 6.749605251611966e-05 0.06805939186586929 0.055040169902204908 0.0016139793994182699 -0.001503077561269128 -0.0024717538844814253 -7.5905832235613566e-05 0.0011778073174351636 -0.00043068516588140241
leaf_weight=90.621364784892648 65.780115908040898 19.8487334032543 6.8158819088712326 30.94082680932479 1023.0296629536897 174.42520369682461 152.76054731011391 804.88223833404481 12522.387083747686 691394.16857685987 5402.6096119002323 115.841067630623 42.384824521839619 107.0133290309459 104.3723217107472 1.9695507735013951 94.713457291974919 49.486491457530065 637.12937211897224 50.617504428199027 180.71388677507639 1436104.0955113198 21.750240821158513 75.403795371763408 47106.202676214278 81686.771366886795 20235.0608920753 420060.14418678731 50463.302726918831 182404.60534574091
leaf_count=578419 5327 60216 3080 6410 12139 7246 712 14852 103295 3538925 35850 5149 825 1886 5823 60 9895 19140 40176 5523 7355 7866309 10570 76690 916066 513333 221592 2376825 450862 1045930
internal_value=2.64916e-06 -4.21983e-07 -1.09479e-06 0.00167346 0.00152601 0.00139014 0.00107705 -0.00668997 0.00202205 -1.29694e-05 -0.00169142 -0.0127664 -0.0149306 -0.0130885 0.00190079 -0.00102214 -1.3203e-05 0.00858058 0.00578907 0.0170365 0.012586 -1.5495e-05 0.0001204 0.00172994 0.00164464 -0.000154873 -0.000402111 -0.000340897 7.98776e-05 -0.00076239
internal_weight=2.95123e+06 2.95114e+06 2.95112e+06 20779.7 20748.8 20683 20277.3 2199.49 18077.8 2.93034e+06 5555.37 1288.27 1172.43 1130.04 911.224 806.852 2.93033e+06 781.329 731.843 405.757 355.139 2.92955e+06 1.48331e+06 47203.4 47128 1.44624e+06 704387 684152 741857 264091
internal_count=17940480 17362061 17301845 212452 206042 200715 180591 40734 139857 17089393 36562 19999 14850 14025 20735 14912 17086313 69211 50071 20124 14601 17017102 8869635 1003326 926636 8147467 4157680 3936088 3989787 1559263
is_linear=0
shrinkage=0.1


Tree=83
num_leaves=31
num_cat=0
split_feature=1 2 1 3 0 1 3 3 1 3 2 2 2 0 0 0 0 0 3 2 0 1 4 3 1 3 4 2 4 3
split_gain=82.021 17.9817 5.42718 28.139 12.5431 11.312 10.6164 9.6147 14.7003 13.8117 9.57697 8.31574 7.8574 7.69114 7.40128 8.92481 6.54613 6.40638 6.30566 6.20499 5.82875 13.893 8.5394 15.7348 41.7789 7.84257 5.9104 6.40878 7.05214 5.81945
threshold=-25.146948869916866 24.508053294227082 0.22277992000009797 624.828371783742 15.635439033994343 5.889302810501202 496.92351205263344 589.46563126334479 -23.58428359485033 525.75542463128011 16.754797254571479 14.338495085845404 7.1100203169760627 41.599437407156607 28.359043814700971 25.145245557493823 22.570899483522975 13.528424951733479 0.049854746957221821 14.57672619717051 45.670158014066651 24.432022336214157 1150.7845494632036 577.86027880037307 23.87990130285328 589.46563126334479 1135.1177847521394 20.741191799887673 1118.9802520301132 129.42059852608972
decision_type=2 2 2 2 2 2 2 2 2 2 2 2 2 2 2 2 2 2 2 2 2 2 2 2 2 2 2 2 2 2
left_child=-1 2 3 4 6 10 11 8 12 13 14 -2 -6 -10 15 17 -11 -4 -19 -9 -7 22 25 24 -24 -22 27 -27 -29 -15
right_child=1 -3 5 -5 7 20 -8 19 9 16 -12 -13 -14 29 -16 -17 -18 18 -20 -21 21 -23 23 -25 -26 26 -28 28 -30 -31
leaf_value=0.10001457082163519 0.0057956098094800457 0.10002988396261377 -0.014608420224239874 0.10049547201733439 -0.012224912036100719 2.1716383156125026e-05 0.06563949338363978 0.010231983007274056 0.0001952922222762141 0.021276482305369639 -0.011574113545288062 0.049957768290628118 0.0037527641596096389 0.0041579800260077389 -0.00016435824646059895 -0.002016779864328376 0.0055053018357654852 -0.094149053819152381 -0.00040409495571675251 0.090231001489490578 -0.0051424149198263406 0.062817825354500062 0.10006791365322321 0.1000696446793314 -3.4031488333185664 0.10061118453744074 0.10019227502601882 -2.1952715969413101 -0.71432295068928342 0.019765928957478279
leaf_weight=81.998794768471271 2467.1434391458461 17.970679088495672 318.96409874071833 28.010614272439852 1422.0763670131273 2002522.2429810509 30.78780154697597 785.91922291205265 585538.29620035924 291.99094992130995 792.11505958868656 43.388208021089667 392.80461633988307 1030.8098481063207 199277.39921825752 61815.698297098279 2667.4850715051871 7.1757732778787604 91062.769443690777 9.8166307579958794 52.172278440586524 48.266007439699024 0.084325387433635934 0.17729427243466489 0.057090371090453118 0.060378261841832592 0.1142505353782326 0.0435640555806458 0.12277142936363816 310.94617146035307
leaf_count=578419 40665 60339 8223 6411 18207 11904052 3264 27390 2941397 3930 37768 9160 12372 61457 1070493 490132 26207 37 499855 2896 32572 65999 125 259 83 10 63 22 62 38611
internal_value=2.43748e-06 -3.416e-07 -9.50771e-07 0.000268898 0.00026418 -6.91055e-05 0.0072746 0.000234109 0.000219335 0.000246984 -0.000590824 0.00655884 -0.00876678 0.000212621 -0.000566142 -0.00108875 0.00706133 -0.000461031 -0.000411482 0.0112189 2.29286e-05 0.0240337 -0.0113986 -0.527461 -1.3142 -0.00826655 -0.486302 -0.781861 -1.10219 0.00777505
internal_weight=2.95102e+06 2.95093e+06 2.95092e+06 595019 594991 2.3559e+06 2541.32 592450 591654 589840 353274 2510.53 1814.88 586880 352482 153205 2959.48 91388.9 91069.9 795.736 2.00262e+06 101.098 52.832 0.31871 0.141416 52.5132 0.340964 0.226714 0.166335 1341.76
internal_count=17940480 17362061 17301722 3191967 3185556 14109755 53089 3132467 3102181 3071602 2106508 49825 30579 3041465 2068740 998247 30137 508115 499892 30286 12003247 99195 33196 467 208 32729 157 94 84 100068
is_linear=0
shrinkage=0.1


Tree=84
num_leaves=31
num_cat=0
split_feature=1 0 0 2 1 4 4 4 2 4 1 4 4 3 3 1 2 2 1 3 1 2 3 3 2 1 2 2 1 2
split_gain=74.2146 16.2808 5.00787 21.3641 14.9857 8.0379 7.09625 12.7428 8.18436 7.45382 9.70424 7.33115 6.82538 13.0455 11.0441 21.9934 8.132 6.58751 6.55932 7.85115 10.2159 10.6559 6.64827 8.6892 7.42665 6.5672 7.01444 6.00331 5.71928 5.67136
threshold=-25.146948869916866 49.469714138898034 18.475358640268201 16.011183051989132 72.958267273217288 -283.41329808611744 607.94264843172493 772.06528362652409 10.964909268771839 869.05536057799873 57.754105228697796 848.56799011721807 476.71565373440438 868.86417099987796 2303.6693137654747 48.500406665533156 11.593731035003005 10.74531160023159 27.0556519073583 297.07905955496454 2.255989359191847 9.4008906731159616 17.995722107702488 91.277498609007651 7.7325965876975262 9.6185037812082221 7.7325965876975262 7.8563717926287895 17.640303545321611 12.934875713431049
decision_type=2 2 2 2 2 2 2 2 2 2 2 2 2 2 2 2 2 2 2 2 2 2 2 2 2 2 2 2 2 2
left_child=-1 2 3 4 5 17 12 -8 9 10 -9 -12 13 18 -15 -16 -14 -2 19 20 -7 22 24 -24 -22 26 -25 -26 29 -21
right_child=1 -3 -4 -5 -6 6 7 8 -10 -11 11 -13 16 14 15 -17 -18 -19 -20 28 21 -23 23 25 27 -27 -28 -29 -30 -31
leaf_value=0.10001318355977927 0.0079155541789960159 0.10002717230069325 -2.1464535301719993e-05 0.065249223102063575 0.029723411844842475 0.001913347040419418 0.0078539269052385306 -0.009245653153816747 0.05888961982150806 0.0023717215384577795 -0.29480056759320478 -0.05243231336405943 -0.0035685385707943796 0.016888762119157213 -1.6741959216792486 -0.11618734233108488 0.027901800313444372 0.071225738651191847 -0.0078731746829997905 0.0096303897508137528 -0.00051247910066229137 -0.0054929898770950513 0.0026970189710035595 -0.0052016361583014179 -0.030718748538438319 -0.0012356417710410808 -0.058581497009344265 -0.0081538118610958495 0.002180402141466272 0.062644222358751153
leaf_weight=74.196554453577846 1192.1931364936754 16.271759115625173 2878197.9941490851 51.428593240998453 178.37036362325307 16666.74146230219 3333.8602442878764 829.8366322061047 21.636778829619288 1122.0390506633557 2.0221765623427919 3.2599346293136477 5415.4102039700374 516.68880631332286 0.11270688194781442 0.46203640988096595 83.373865956440568 16.664910339284688 931.64116283226758 747.19085101736709 1803.7386172860861 4813.1615311168134 8793.3066183626652 61.200976625084877 131.2739829570055 11686.667067334056 41.182048887014389 1157.4912174642086 12972.802795819007 20.739541043993086
leaf_count=578419 17931 60216 16626980 28049 27920 119539 57448 19823 5258 42880 255 367 52006 19620 36 191 10429 1676 12441 7032 7361 52932 38323 255 559 54360 200 5475 89966 2533
internal_value=2.29122e-06 -2.23501e-07 -7.75089e-07 0.000819512 0.000773835 0.000702478 0.000565108 0.00408078 -0.00227618 -0.00295238 -0.0101057 -0.145219 0.000281441 0.000588784 0.0164014 -0.421712 -0.00309138 0.00878833 0.000452068 0.000583761 -5.315e-05 -0.00120364 -0.0003316 0.000317958 -0.00465478 -0.00145655 -0.0266729 -0.0104523 0.00267678 0.0110621
internal_weight=2.95088e+06 2.95081e+06 2.95079e+06 72594.5 72543.1 72364.7 71155.8 5312.65 1978.79 1957.16 835.119 5.28211 65843.2 60344.4 517.264 0.574743 5498.78 1208.86 59827.1 58895.5 45154.8 28488 23674.9 20582.4 3092.5 11789.1 102.383 1288.77 13740.7 767.93
internal_count=17940480 17362061 17301845 674865 646816 618896 599289 126031 68583 63325 20445 622 473258 410823 19847 227 62435 19607 390976 378535 279004 159465 106533 93138 13395 54815 455 6034 99531 9565
is_linear=0
shrinkage=0.1


Tree=85
num_leaves=31
num_cat=0
split_feature=1 0 0 1 1 2 2 3 1 0 0 3 0 3 0 4 1 0 4 3 2 2 0 3 2 2 4 0 4 0
split_gain=67.1513 14.731 4.97685 16.4035 6.12891 5.43981 4.54975 13.3183 9.10274 40.2759 26.8441 9.65898 8.96397 8.65097 8.37598 8.2214 7.44989 19.9708 17.7709 23.0871 14.2725 13.1385 14.7868 10.9396 24.7841 10.3057 17.866 7.99272 20.7892 9.07131
threshold=-25.146948869916866 49.469714138898034 44.584589674464631 32.081138780531994 -15.598012396202492 19.701432676361332 7.1742180022075468 5381.7421189088773 -10.548272924009504 33.919324551757391 35.414091067702493 451.56558317776984 16.845957618995673 1204.1232746177186 34.782006052321698 1254.954604049916 27.984192696599926 33.32330943908741 879.4907527278732 688.24875055469772 12.762165721520427 13.107146071202942 33.163978126689187 1022.3488582668368 8.9867021558257729 9.945258021411405 922.05357938054101 33.919324551757391 607.94264843172493 32.720338406174854
decision_type=2 2 2 2 2 2 2 2 2 2 2 2 2 2 2 2 2 2 2 2 2 2 2 2 2 2 2 2 2 2
left_child=-1 2 5 4 -4 6 -2 8 9 -8 11 14 -9 16 -11 -15 18 25 19 27 23 22 -20 -19 -25 26 -18 28 -10 -30
right_child=1 -3 3 -5 -6 -7 7 12 13 10 -12 -13 -14 15 -16 -17 17 20 21 -21 -22 -23 -24 24 -26 -27 -28 -29 29 -31
leaf_value=0.10001193011171466 -8.1787350779429613e-05 0.10002459125295407 0.066192832095350124 0.056970040456280305 0.00041013016595255203 0.10011378405419846 0.0047003593296380351 0.043219302142021708 5.6272909018336018e-06 -0.0035312397115850277 0.0017450337185161168 0.0051990525280546027 0.0068080486689097389 0.0030898991672221269 -0.0094529936054751004 0.00057054754851271509 -0.0052169492422301849 -0.0042586153790846286 -0.003198297219879949 -0.0080268731839026001 0.00231552978014808 -0.0016292885741153507 0.0040188169294406613 0.006877775060262852 -0.0031848061136941462 0.014511956177340413 0.0023397342684516658 0.0003221739337281609 -0.00028456096837507782 -0.0032395398182913319
leaf_weight=67.136617715470493 2095583.9335088893 14.723657866008578 14.69804104202194 64.892303233180428 389.18288872917765 5.4271931569091967 21535.465039101895 69.830351502285339 221605.09448110615 6461.0819876268506 13784.169341205852 879.59436643007211 2129.1854083325015 16170.047428294318 3789.447761811316 65104.931982102222 3781.080378588289 24343.592500783503 3196.7534062117338 3597.396825472475 5824.9636876913719 6978.9959183642641 25357.951237931848 3262.669050514698 9798.8147274628282 582.5673132839147 18133.343596175313 350544.7679553451 15272.593074217439 32486.835179463029
leaf_count=578419 11552577 60216 10854 78919 114629 6851 138665 19141 1068301 33695 189289 12107 156685 200229 22372 970547 30423 131981 12866 22256 111044 106919 124037 15620 64824 18776 77358 1817244 62872 130764
internal_value=2.11602e-06 -1.59434e-07 -6.58538e-07 0.0103023 0.0028041 -2.29558e-06 -2.47975e-06 0.000191971 0.000171923 0.00153314 -0.00120454 -0.00485747 0.0079643 9.34797e-05 -0.00572041 0.00107178 -1.62268e-05 -0.00103145 8.50224e-05 -3.89423e-05 -0.00228891 0.00226022 0.00321085 -0.00300594 -0.000671242 0.00138488 0.00103592 7.41244e-06 -0.000402211 -0.00229459
internal_weight=2.95083e+06 2.95076e+06 2.95075e+06 468.773 403.881 2.95028e+06 2.95028e+06 854691 852492 46449.8 24914.3 11130.1 2199.02 806042 10250.5 81275 724767 65727 659040 623507 43230 35533.7 28554.7 37405.1 13061.5 22497 21914.4 619909 269365 47759.4
internal_count=17940480 17362061 17301845 204402 125483 17097443 17090592 5538015 5362189 396128 257463 68174 175826 4966061 56067 1170776 3795285 450026 3345259 3101437 323469 243822 136903 212425 80444 126557 107781 3079181 1261937 193636
is_linear=0
shrinkage=0.1


Tree=86
num_leaves=31
num_cat=0
split_feature=1 0 0 2 3 2 2 1 2 2 3 4 0 4 1 1 2 2 2 4 3 1 2 3 2 3 2 0 0 3
split_gain=60.7604 13.3288 4.52748 18.3736 11.7269 10.021 7.24262 6.90497 8.24326 6.79256 6.43337 5.56694 13.1866 12.2679 7.96243 7.18311 10.3296 18.0378 14.2495 8.39745 6.56875 6.49016 6.46585 24.7928 13.2974 9.7943 11.4423 10.9902 10.0561 7.198
threshold=-25.146948869916866 49.469714138898034 24.851889051181441 16.011183051989132 8140.5964554340344 7.9808886790301008 3.2045172896751528 -22.114843219535548 9.0658190756396575 0.3675711538834357 612.20773124525806 817.80270684847278 42.033038940569789 1815.5226061821297 37.861195034078456 27.984192696599926 8.6016056943518198 12.134905662069615 7.1100203169760627 1135.1177847521394 1403.030168722358 22.350919412091226 8.8353764983713905 1130.0537904088235 12.762165721520427 886.54183433207697 9.6640753565554949 34.577777212404094 34.885510185476996 7051.8917510686288
decision_type=2 2 2 2 2 2 2 2 2 2 2 2 2 2 2 2 2 2 2 2 2 2 2 2 2 2 2 2 2 2
left_child=-1 2 3 4 7 9 -4 8 10 -6 -2 -8 15 -14 20 16 18 21 -13 -19 -15 -18 -17 24 25 28 27 -27 -24 -25
right_child=1 -3 6 -5 5 -7 11 -9 -10 -11 -12 12 13 14 -16 22 17 19 -20 -21 -22 -23 23 29 -26 26 -28 -29 -30 -31
leaf_value=0.10001079416012917 0.0043108597171976704 0.1000222491128458 -0.00036629864926698429 0.062379018010284427 0.058937772474927631 0.081944349025045174 -6.9182020804586789e-05 0.00018665221079179977 0.052575100255784851 0.0094350382819647274 0.055855500705432506 0.0020652069077950414 0.0063184464201633391 0.10004249080582737 0.034253164953419339 0.00036586371335307942 -0.020992032307675008 -0.0010524451858749079 -0.0024915874462633839 0.036655675886024322 -1.4804305546997814 0.0034825548780012777 -0.0052110976202182722 0.0006395168008324504 0.0019471474423273967 -0.0029507717787469918 -0.0070737055268489477 0.012232429449475005 0.0013377122108158327 0.01384277927779547
leaf_weight=60.748378633055836 2311.5712166832527 13.322812281548975 603620.16845368664 47.550413026940078 29.508362898603082 21.665660445345566 1219420.6074993103 705324.92896367039 36.762192060705274 457.07552689686418 24.470627903006971 13083.874970421311 1294.8281988746894 0.045000011159571751 186.32847541666706 263736.1196998721 108.71000321209431 13898.195295199752 14432.151435792446 59.309859795495868 0.063272206170950085 32624.103645756841 3865.8992053419352 48169.75556094083 4866.1639420688152 4981.8687908649445 11086.907569624484 527.18817104399204 5959.2773978859186 416.4741449173307
leaf_count=578419 26648 60216 3627009 28049 1150 6555 6442619 3883704 3556 25761 3693 53754 136515 106 127928 1519146 571 132972 58027 1598 150 147500 17614 793248 74902 24380 74569 2646 34543 52932
internal_value=1.94932e-06 -1.09707e-07 -5.61338e-07 0.000219848 0.000215675 0.0154 -7.01787e-05 0.00020477 0.0055902 0.0124371 0.0048508 3.88968e-05 0.000353217 0.0097717 0.033755 0.000319826 0.00121205 0.00211779 -0.000324831 -0.000892211 -0.823556 0.00340127 0.000127139 -0.00066111 -0.00285661 -0.00374135 -0.00522278 -0.00149782 -0.00123904 0.000752693
internal_weight=2.95067e+06 2.9506e+06 2.95059e+06 708254 708206 508.25 2.24234e+06 707698 2372.8 486.584 2336.04 1.63872e+06 419297 1481.26 186.437 417816 74206.3 46690.3 27516 13957.5 0.108272 32732.8 343610 79873.5 31287.3 26421.1 16596 5509.06 9825.18 48586.2
internal_count=17940480 17362061 17301845 3979116 3951067 33466 13322729 3917601 33897 26911 30341 9695720 3253101 264699 128184 2988402 394422 282641 111781 134570 256 148071 2593980 1074834 228654 153752 101595 27026 52157 846180
is_linear=0
shrinkage=0.1


Tree=87
num_leaves=31
num_cat=0
split_feature=1 2 4 1 3 1 0 3 2 2 3 1 3 3 3 0 0 4 4 4 4 2 0 2 0 0 4 1 1 0
split_gain=54.9777 12.0683 4.20762 3.97479 23.0004 8.9308 8.56905 8.1526 7.8248 6.61908 6.60683 7.76016 10.4413 7.35575 6.42565 7.1931 5.91759 5.70274 5.72476 6.33397 5.60104 8.40421 9.43707 7.18482 5.42832 11.4572 7.87236 5.78281 7.81195 5.26039
threshold=-25.146948869916866 24.508053294227082 -950.03401578111277 0.22277992000009797 624.828371783742 5.889302810501202 15.635439033994343 545.43349376553806 16.754797254571479 14.834442903234569 600.92020367210091 -23.58428359485033 525.75542463128011 577.86027880037307 10.176929064445655 14.710805724338075 41.599437407156607 231.62334953172845 216.86167536659732 163.37713550889919 -690.49382549078268 8.532103763166683 33.32330943908741 2.725851855684239 31.526516886602632 33.007698769949847 192.49418907907133 5.7156329253771085 5.5365547449377912 32.35093261105304
decision_type=2 2 2 2 2 2 2 2 2 2 2 2 2 2 2 2 2 2 2 2 2 2 2 2 2 2 2 2 2 2
left_child=-1 2 -2 4 6 8 7 9 14 -4 11 13 16 -8 15 -5 -13 18 19 -16 21 22 -14 -22 -21 26 27 28 -26 -30
right_child=1 -3 3 5 -6 -7 10 -9 -10 -11 -12 12 20 -15 17 -17 -18 -19 -20 24 23 -23 -24 -25 25 -27 -28 -29 29 -31
leaf_value=0.10000976690825845 0.033023198220228075 0.10002007115486758 0.0051113565769928052 -0.012768516228607991 0.10045913378014551 2.2538649294150563e-05 -0.01053691828568575 0.085398316406398264 -0.010402144421033455 0.055299428107695593 0.013304821185356246 0.00017024459833232699 -0.0031957883835997433 0.0012202756282624341 -0.0011883973291189978 -4.0872451401392987e-05 0.0068637657405706976 0.022713834941358379 -0.0094584111148296197 0.0029713476170149587 0.0043652656345582394 0.01318862053075838 -0.062125521020840603 0.017151039953646332 -0.0029852963017482463 0.00083424443424411499 -0.048728722618071069 0.0024117498277973874 -0.017999333435264855 -0.0048430950498284959
leaf_weight=54.967941955197603 38.581604133825749 12.063362643588333 2473.4010658900661 445.16348841111176 22.894510153448209 2002400.0878468757 1302.1804009722546 12.883268514997324 799.90779631771147 26.560460604756372 384.5454456016887 585476.85798354447 727.92545223981142 899.85575493052602 143083.71426136955 175581.55039295927 1323.7828717010561 101.97681822627783 785.56936897337437 6392.3306090682745 1076.3252524286509 358.7939885314554 28.228741735219955 742.82524247840047 3287.6335967332125 20244.501439675689 39.493521615862846 1148.0566087067127 702.2032460719347 535.82328125834465
leaf_count=578419 13135 60339 43313 6696 5565 12003247 18292 1902 37768 7874 17554 2941393 6133 18590 875305 1018752 96194 1147 5292 40551 7538 7262 310 6912 16195 92792 181 5697 3604 2528
internal_value=1.799e-06 -6.41816e-08 -4.7313e-07 -9.04971e-07 0.000230065 -5.92329e-05 0.000226207 0.00605347 -0.000522889 0.00564457 0.000201486 0.000192974 0.000215098 -0.00573237 -0.000500461 -7.30601e-05 0.000185345 -0.000927148 -0.000940829 -0.000902689 0.00616566 0.00058476 -0.00539575 0.00958616 0.000360997 -0.000281827 -0.00423657 -0.00392687 -0.00553484 -0.0123053
internal_weight=2.95051e+06 2.95046e+06 2.95044e+06 2.95041e+06 594857 2.35555e+06 594834 2512.84 353148 2499.96 592321 591937 589735 2202.04 352348 176027 586801 176321 176219 175434 2934.1 1114.95 756.154 1819.15 32350 25957.7 5713.21 5673.72 4525.66 1238.03
internal_count=17940480 17362061 17301722 17288587 3178832 14109755 3173267 53089 2106508 51187 3120178 3102624 3065742 36882 2068740 1025448 3037587 1043292 1042145 1036853 28155 13705 6443 14450 161548 120997 28205 28024 22327 6132
is_linear=0
shrinkage=0.1


Tree=88
num_leaves=31
num_cat=0
split_feature=1 0 1 2 0 4 2 2 2 0 0 2 0 2 1 2 4 3 2 2 2 3 1 2 3 0 4 0 1 1
split_gain=49.7455 10.9332 3.76214 7.17314 6.35683 4.40693 3.94906 5.53009 8.64643 13.0451 3.74309 6.854 3.66597 15.9375 5.84877 9.994 6.39468 7.71101 7.9594 9.17734 7.09637 9.24645 6.79107 6.03909 5.15966 5.07305 7.20697 14.0107 6.09161 19.514
threshold=-25.146948869916866 49.469714138898034 99.639369155523724 10.74531160023159 22.453777115885448 2339.7908954173759 1.8310229641921121 2.2560757276085472 2.3671558534426009 22.685211475095212 27.71472299465762 5.862369424514859 24.371900697761756 17.171740496611907 52.568283195336228 10.964909268771839 -39.99240535771694 612.20773124525806 0.704389385120889 0.66482287668804763 11.206978148558767 15.195671236870025 -3.8159846196788232 12.284303239033681 496.92351205263344 33.083198623034711 2247.1736171082443 42.547888019587681 28.296090200553319 33.569715253567331
decision_type=2 2 2 2 2 2 2 2 2 2 2 2 2 2 2 2 2 2 2 2 2 2 2 2 2 2 2 2 2 2
left_child=-1 2 12 4 -4 6 -6 -8 9 -9 -7 -12 13 14 16 -16 17 20 19 -19 -2 22 23 -22 -23 28 -27 -28 -14 -30
right_child=1 -3 3 -5 5 10 7 8 -10 -11 11 -13 25 -15 15 -17 -18 18 -20 -21 21 24 -24 -25 -26 26 27 -29 29 -31
leaf_value=0.10000883776273067 0.00081070124644254849 0.10001828969890557 0.029523743463782077 0.045482013858027109 -0.29568967952508807 0.01076991216535559 0.0380402788378843 -0.79101403488812638 -0.017420107539648854 -0.071587873702471022 -0.01853847173955182 0.0092054920100210474 -0.00025984880633648957 0.082990163712614473 0.0019730354771671809 0.041059916462611951 1.5302343864021259e-05 0.1009638276250729 0.071012026196691086 -0.82234454602604901 -0.27203954419555515 0.017181255839458714 -0.02046785309565384 0.014853232997704675 0.10059673676678937 0.00015579341485322034 0.0037636723249516151 0.052801770076387956 0.001173818663518598 -0.00028911556201811293
leaf_weight=49.73748924722895 103858.34598885319 10.929114597849546 89.454029920132598 45.557985132472822 0.75411503203213115 270.46268771309406 3.1265378668904305 0.44795148074626945 1.6756752729415891 0.57630430534482002 180.26116209384054 175.96845113113523 1269732.1447681999 23.257396713248454 15204.405368956795 65.697633858362678 514233.81399937725 0.21401958167553203 20.231894934549928 0.21660511568188667 2.1099282726645465 357.89069721102715 33.106048169545829 1.1249079741537569 7.5721758879953986 623727.97080422076 3731.4623080358142 59.187291651614942 134227.59488165379 284303.77628503554
leaf_count=578419 509402 60216 9895 19140 37 13927 162 24 90 31 10542 15363 7096654 17932 273991 21487 2694595 27 3761 26 35 17665 643 42 1458 4023226 233114 71523 547524 1719529
internal_value=1.64651e-06 -3.94181e-08 -4.09919e-07 0.00699639 0.0045704 0.00104558 -0.0803625 -0.0524929 -0.157331 -0.386224 0.0019004 -0.00483365 -2.23239e-06 0.000210868 0.00020783 0.0021412 0.000160098 0.000874122 0.0619572 -0.363462 0.000862016 0.014126 -0.0339806 -0.172273 0.0189096 -6.05559e-05 0.000182213 0.00452935 -0.000150792 0.000180063
internal_weight=2.95042e+06 2.95037e+06 2.95036e+06 768.285 722.727 633.273 6.58058 5.82647 2.69993 1.02426 626.692 356.23 2.94959e+06 633808 633785 15270.1 618515 104281 20.6625 0.430625 104260 401.804 36.3409 3.23484 365.463 2.31578e+06 627519 3790.65 1.68826e+06 418531
internal_count=17940480 17362061 17301845 69211 50071 40176 344 307 145 55 39832 25905 17232634 3541064 3523132 295478 3227654 533059 3814 53 529245 19843 720 77 19123 13691570 4327863 304637 9363707 2267053
is_linear=0
shrinkage=0.1


Tree=89
num_leaves=31
num_cat=0
split_feature=1 0 1 3 2 3 1 3 2 2 0 2 2 3 0 0 0 0 0 0 3 3 3 3 2 0 0 2 3 3
split_gain=45.0112 9.89254 3.52973 22.4951 11.5931 6.25397 10.65 8.03606 6.37427 5.96715 5.02208 4.81709 6.01199 5.86861 4.67056 4.33057 17.1959 11.8704 6.76073 5.82771 9.36198 8.24121 11.051 7.43368 5.1043 4.89045 4.76865 4.56008 5.80767 4.4277
threshold=-25.146948869916866 49.469714138898034 -13.23947561484461 624.828371783742 18.225373288096602 589.46563126334479 -23.58428359485033 525.75542463128011 7.1100203169760627 9.3168782837900768 22.685211475095212 0.073285407160216934 0.14628041151725138 230.8668713927961 21.570243995171463 33.835601751442404 32.570356774293394 35.654073688781502 33.32330943908741 34.782006052321698 279.36451603358063 211.56404046551918 216.18402102877809 506.18100600908696 10.036535320853487 25.699980150063446 33.919324551757391 8.1151309247802157 216.18402102877809 515.99197042067726
decision_type=2 2 2 2 2 2 2 2 2 2 2 2 2 2 2 2 2 2 2 2 2 2 2 2 2 2 2 2 2 2
left_child=-1 2 3 4 5 6 8 11 -2 14 -9 -8 13 -13 -7 16 25 19 27 21 24 26 -23 -24 -21 -14 -17 -18 -29 -20
right_child=1 -3 -4 -5 -6 9 7 10 -10 -11 -12 12 15 -15 -16 17 18 -19 29 20 -22 22 23 -25 -26 -27 -28 28 -30 -31
leaf_value=0.10000799663757497 -0.010215153388356761 0.10001654839157258 -2.351363900253308e-05 0.10040291819913655 0.042949167394255292 0.035434464922872853 0.0070296180825063573 0.01795869401020465 0.00411703453861453 0.033525374767928502 0.0043081483780564511 0.0045302183681942103 0.0012461963332058828 -0.011754226171204508 0.0039144086008332151 0.010664698077860491 0.0053709734989164561 0.001713798171250667 0.00092672792386067093 -0.0096320730720620019 -0.012332622383497284 0.030811726871918185 -0.0010015516304225801 0.028388376831371211 0.001733960115244103 -0.00026472816875749489 -0.011529113284179403 0.02352327936223305 0.0083959693589580539 0.042708134418916965
leaf_weight=45.004700714722276 1443.3278303537518 9.8892351826652867 2823420.1423827149 22.542021397472126 64.298653455975 50.739420534577221 1088.7617396699789 300.25912794424221 395.3090429995209 90.608918687154073 2632.2130932766013 310.49801361560822 32954.469540987862 770.39404614269733 639.67157606314868 107.66907884180546 4028.7534295991063 7764.6647152926307 3140.0909161940217 581.51941362023354 1641.4378824084997 117.62495854496956 3680.7691826820374 88.12142576277256 1232.5819882899523 61215.541408136487 960.12480428814888 333.10162606835365 1065.9370987936854 25.570224605500698
leaf_count=578419 18207 60216 16529983 6410 23046 3100 4597 4848 12041 7991 25074 1265 177397 3300 18860 498 19064 109268 16258 3156 13298 576 22028 902 7077 261810 4727 1411 5403 250
internal_value=1.52265e-06 -2.94496e-09 -3.3821e-07 0.00051592 0.000498152 0.000476602 0.000421252 0.000533239 -0.00713372 0.0093974 0.00570584 0.000407991 0.000347922 -0.00707634 0.00623087 0.000415393 0.000654784 -0.00110556 0.00493697 -0.00370863 -0.00686064 -0.00151015 0.00062765 -0.000314378 -0.00190948 0.000264015 -0.00929124 0.00707904 0.0119977 0.00126421
internal_weight=2.95022e+06 2.95018e+06 2.95017e+06 126747 126724 126660 125879 124040 1838.64 781.02 2932.47 121108 120019 1080.89 690.411 118938 102763 16174.5 8593.45 8409.85 3455.54 4954.31 3886.52 3768.89 1814.1 94170 1067.79 5427.79 1399.04 3165.66
internal_count=17940480 17362061 17301845 771862 765452 742406 712455 682207 30248 29951 29922 652285 647688 4565 21960 643123 481593 161530 42386 52262 23531 28731 23506 22930 10233 439207 5225 25878 6814 16508
is_linear=0
shrinkage=0.1


Tree=90
num_leaves=31
num_cat=0
split_feature=1 2 0 1 3 3 4 3 4 4 2 2 4 3 3 4 3 4 4 0 1 2 2 4 3 2 3 2 0 2
split_gain=40.7275 8.96078 3.40644 13.0981 5.13698 11.2452 4.70229 9.03533 15.6202 4.3631 3.98557 3.34598 6.2047 3.38006 3.45952 6.33443 3.36125 4.66869 3.25146 3.24468 12.3475 9.576 6.79043 6.21653 8.47981 7.97887 13.0318 7.51933 7.14271 11.298
threshold=-25.146948869916866 24.508053294227082 44.584589674464631 32.081138780531994 240.94249512219804 207.03994547079637 736.32077744838432 245.99476683662058 745.57384456000534 638.07729488779273 19.701432676361332 19.701432676361332 163.37713550889919 67.22875821260935 49.53627115472959 323.61223980832159 1.0074338734310817 -6.4067627785361552 745.57384456000534 19.597021590686516 64.468426591397261 17.680989355593152 9.1477840200010636 -39.99240535771694 297.07905955496454 5.4698936764227559 157.48244188808135 10.74531160023159 13.528424951733479 11.86668216735802
decision_type=2 2 2 2 2 2 2 2 2 2 2 2 2 2 2 2 2 2 2 2 2 2 2 2 2 2 2 2 2 2
left_child=-1 2 10 4 5 9 -6 8 -8 11 19 12 -4 14 -14 -16 17 -13 -9 20 21 23 -22 25 28 26 -2 -26 29 -25
right_child=1 -3 3 -5 6 -7 7 18 -10 -11 -12 16 13 -15 15 -17 -18 -19 -20 -21 22 -23 -24 24 27 -27 -28 -29 -30 -31
leaf_value=0.1000072356696165 -0.00059112521993773932 0.10001493048767054 0.073960145636512348 0.052615777389561948 0.061130452337208867 -0.092231272785685062 -2.5382171160483131 -0.10419181449739599 0.10006864059525561 0.10050996240963334 0.10009117596107649 0.012195183915902401 -0.028388322260541651 0.022631442840774861 -0.639774344996908 -0.11104072618862587 -0.0041531803854550631 -0.096029856200120181 0.012380790341361822 -2.3908008326624182e-05 0.010547901936482695 0.091527633651161122 0.043134664082106783 -0.024173100576072963 0.00090627974004869839 0.0024446559149733206 -0.03420594248591121 0.0080549901394316448 -0.00050943240623267986 -0.0022142894082939346
leaf_weight=40.722231355961412 448.28871344029903 8.9580815206281823 14.758789129627987 58.953941667859908 20.377814717707224 14.521515519649254 0.037902964279054596 2.4366100800689301 0.055010977783240378 4.1174352677771813 3.9781792769208542 6.7858857217361246 4.6244139382615677 8.8993700714781863 0.26987144630402315 1.4127014540135858 180.45876173314173 9.6606994547473715 132.71919554933265 2823740.7598556485 599.34191656811163 11.536067502456715 71.583749770652503 327.51544557930902 44096.562679419294 18488.251016959664 155.27828035969287 1522.1664430908859 59381.984830908477 823.30300013581291
leaf_count=578419 1911 60339 1527 79235 12152 4719 46 394 82 1835 5964 1920 350 709 21 110 55164 2571 44331 16144197 37775 7312 23872 4804 348718 144366 1077 76274 272116 28170
internal_value=1.40164e-06 2.12137e-08 -2.82482e-07 0.00860361 0.00213526 -0.00687456 0.0163487 0.00960152 -0.976184 -0.00150844 -1.62452e-06 -0.00335995 0.0277711 -0.0170585 -0.0730624 -0.195845 -0.00809749 -0.051376 0.0102792 -1.75951e-06 0.000494895 0.000422423 0.0140247 0.000414031 0.000115247 0.00207529 -0.00923913 0.00114481 -0.000660653 -0.00846362
internal_weight=2.95018e+06 2.95014e+06 2.95013e+06 460.09 401.136 245.509 155.627 135.249 0.0929139 230.988 2.94967e+06 226.87 29.9651 15.2064 6.30699 1.68257 196.905 16.4466 135.156 2.94967e+06 125926 125255 670.926 125243 106152 19091.8 603.567 45618.7 60532.8 1150.82
internal_count=17940480 17362061 17301722 205166 125931 68926 57005 44853 128 64207 17096556 62372 2717 1190 481 131 59655 4491 44725 17090592 946395 884748 61647 877436 730082 147354 2988 424992 305090 32974
is_linear=0
shrinkage=0.1


Tree=91
num_leaves=31
num_cat=0
split_feature=1 0 2 1 4 0 3 3 3 3 1 0 4 3 2 1 1 0 0 0 1 2 4 4 4 3 4 1 2 0
split_gain=36.8516 8.11272 3.26529 14.8774 10.4266 10.5341 5.77343 12.0752 5.36912 4.36169 4.30328 4.6017 12.2353 4.3508 4.17716 4.11925 3.58709 3.52852 3.35032 8.18474 6.54429 5.56931 8.92096 14.0039 5.29232 5.28395 4.97441 4.65928 7.70875 5.42367
threshold=-25.146948869916866 49.469714138898034 12.934875713431049 41.977160703036745 1653.9026091066819 43.767895910071992 1684.9526064583138 1645.8688927242672 4028.0905606669689 3284.9437942885638 -16.480711832406175 38.066516733766498 -645.25020184141545 525.75542463128011 16.754797254571479 44.357861906841471 43.148648749811713 41.599437407156607 25.769637840158257 27.653169786579799 61.544005805474917 6.9360270751907303 772.06528362652409 763.17907792969129 -39.99240535771694 624.828371783742 2587.8060893398397 79.577020241995001 5.2819050557067344 27.71472299465762
decision_type=2 2 2 2 2 2 2 2 2 2 2 2 2 2 2 2 2 2 2 2 2 2 2 2 2 2 2 2 2 2
left_child=-1 2 18 6 9 8 7 10 -6 -5 11 12 -4 -13 17 16 -7 -8 20 -20 24 26 23 -23 25 -2 -22 -21 29 -29
right_child=1 -3 3 4 5 15 14 -9 -10 -11 -12 13 -14 -15 -16 -17 -18 -19 19 27 21 22 -24 -25 -26 -27 -28 28 -30 -31
leaf_value=0.10000654667539899 0.00066850188791098308 0.10001361345387119 -0.031142226336395198 0.025396746860245675 0.0033852479432392017 0.049318408888534671 -0.015889231796669966 0.027682917426645089 0.016658986469180761 0.080728722392813257 0.00026153341285827176 0.0062883181162732187 0.043175363771494502 0.030687811575849211 0.031688212249878847 0.062057158514082979 -0.087576765361789183 -0.13408634451323784 -0.00053246678044893334 1.0349575824662155e-05 0.0019977674094572855 0.10033727457255232 0.01522719029119492 -1.2045452516790502 5.0920573734580299e-06 0.10034020351029256 0.024723783839335874 0.033418372040275361 0.00031046384548201125 -0.010982618150797843
leaf_weight=36.847239463124424 143022.25964330882 8.1104949712753278 89.491801325464621 185.25785321863077 2295.2378810744267 3.9331908950116476 264.88401126686949 162.09673498815391 351.38273790339008 15.433128945194765 75500.182955702156 1124.0818817154795 29.440649872442009 78.163158403680427 18.850578820303781 44.695541054068599 3.7286909752583597 2.5500001553446046 344044.63570183143 1664365.8334775718 9572.9612884023227 0.17747782077640195 367.67645686876494 0.15327069768682122 705417.92534114164 5.3190115423640227 97.294071383774281 28.150242045521736 1767.9269954031333 1211.6604080395773
leaf_count=578419 712646 60216 1675 14167 161988 3226 8645 7455 87458 11745 1091458 46722 4071 12768 5260 66456 3275 217 2084757 8777862 185318 53 41112 46 3837700 1768 5921 774 91785 35517
internal_value=1.30729e-06 5.82027e-08 -2.1676e-07 0.000629251 0.00766142 0.00602626 0.000365358 0.00041807 0.00514756 0.0296518 0.00036054 0.0060184 -0.0127456 0.00787463 -0.0138093 0.0504439 -0.0173023 -0.0170162 -1.78007e-05 -8.83876e-05 0.000147584 0.00268591 0.0147602 -0.504353 0.000117552 0.000672209 0.00222642 3.24336e-06 -0.00392906 -0.00997448
internal_weight=2.95012e+06 2.95008e+06 2.95007e+06 80169.4 2899.67 2698.98 77269.7 76983.5 2646.62 200.691 76821.4 1321.18 118.932 1202.25 286.285 52.3574 7.66188 267.434 2.8699e+06 2.01142e+06 858484 10038.3 368.007 0.330749 848446 143028 9670.26 1.66737e+06 3007.74 1239.81
internal_count=17940480 17362061 17301845 1526586 348315 322403 1178271 1164149 249446 25912 1156694 65236 5746 59490 14122 72957 6501 8862 15775259 10990695 4784564 232450 41211 99 4552114 714414 191239 8905938 128076 36291
is_linear=0
shrinkage=0.1


Tree=92
num_leaves=31
num_cat=0
split_feature=1 2 3 1 4 2 2 1 3 0 1 4 3 4 0 2 2 1 0 0 3 0 2 0 1 0 0 0 3 4
split_gain=33.3445 7.34983 2.92325 8.47155 5.97871 5.34606 5.04156 11.1864 5.73563 5.37981 4.76538 4.62457 4.6127 4.02034 4.21149 3.91741 3.84457 3.63092 3.51803 4.77492 7.27725 8.131 6.70522 3.50438 3.43677 7.42174 3.35958 3.32645 5.68581 5.16751
threshold=-25.146948869916866 24.508053294227082 39.481799105223502 3.2171995452997608 261.77885243529948 16.355304853264457 14.113900886689622 79.577020241995001 1814.3256476213726 45.670158014066651 -17.456359810171381 128.76504958278551 600.92020367210091 216.86167536659732 34.679962627724109 0.14628041151725138 0.036276833910319446 6.240184871614102 22.340811096856957 23.007190467897008 32.226678486987822 22.792172721023068 2.2560757276085472 21.414089436213391 5.7156329253771085 22.685211475095212 20.617219779403012 23.860670172014917 60.87309184880035 2587.8060893398397
decision_type=2 2 2 2 2 2 2 2 2 2 2 2 2 2 2 2 2 2 2 2 2 2 2 2 2 2 2 2 2 2
left_child=-1 2 3 -2 5 11 27 8 10 -10 12 15 -8 18 -15 16 -5 -7 23 20 21 -20 -22 26 25 -24 -13 28 -4 -30
right_child=1 -3 6 4 -6 17 7 -9 9 -11 -12 13 -14 14 -16 -17 -18 -19 19 -21 22 -23 24 -25 -26 -27 -28 -29 29 -31
leaf_value=0.10000592404939518 4.9961615142928083e-05 0.1000122766801088 0.0016296210941899954 -0.0048775121731957924 0.045514405199871752 -0.010515015212651638 0.0092469183809569169 0.049133755925525414 0.0072695356886756631 0.074831577029785989 0.00080218072298589196 0.074796368064491733 0.087307215934175467 -0.073434699424199945 -0.0034219827280240105 -0.0013413618901114538 0.0060134912086330927 0.10717872748858613 -0.10278735319506305 -0.00016289049168544557 -0.017691160845443449 0.050673111446380419 -0.030984328195276398 0.0082985620212173202 -0.0025935060648981188 0.13931422899088317 -0.0060246789137995008 -2.1725605634332316e-05 0.00018595315265371797 0.042501792947101172
leaf_weight=33.340958094689995 466319.32418829028 7.3480244777165344 29425.757660641801 426.40869967642357 27.957944199908525 615.99611432809616 522.36285556991061 48.965236694784835 1240.5352923190803 11.898918398612294 26564.568234896666 5.2413566112518302 7.6812996020016717 8.6126633286476117 3539.2051916569471 86470.831594031537 1351.2288090735674 2.6324627632566253 3.8275943696498862 106806.48723699898 444.65483224391937 35.244766771793365 5.0207298547029477 900.05050919950008 617.44258296489716 5.2194468677043915 274.73613023757935 1826834.744328378 397413.88460824476 28.860729828942567
leaf_count=578419 2591184 60339 144443 3195 2612 21544 39937 38324 191854 30265 647872 23 2998 35 19292 522535 10105 52 22 618847 2563 206 28 4589 3391 30 1262 10111862 2290418 2234
internal_value=1.21299e-06 8.27205e-08 -1.66399e-07 -0.00018418 -0.00072593 -0.000732345 5.36855e-05 0.00137783 0.00129534 0.00791142 0.000989513 -0.000703763 0.0103782 -0.000279097 -0.00359195 -0.00124583 0.00340102 -0.0100142 -0.000171364 -0.000230744 -0.0067515 0.0356399 -0.0082961 0.00525917 -0.00164058 0.0558173 -0.00451166 3.70017e-05 0.000288332 0.000189026
internal_weight=2.95e+06 2.94997e+06 2.94996e+06 667860 201541 201513 2.2821e+06 28396 28347 1252.43 27094.6 200894 530.044 112646 3547.82 88248.5 1777.64 618.629 109098 107918 1111.41 39.0724 1072.34 1180.03 627.683 10.2402 279.977 2.2537e+06 426869 397443
internal_count=17940480 17362061 17301722 3801515 1210331 1207719 13500207 951250 912926 222119 690807 1186123 42935 650288 19327 535835 13300 21596 630961 625087 6240 228 6012 5874 3449 58 1285 12548957 2437095 2292652
is_linear=0
shrinkage=0.1


Tree=93
num_leaves=31
num_cat=0
split_feature=1 0 2 3 2 1 4 0 3 0 1 1 0 0 2 2 0 3 3 3 3 2 1 4 0 3 3 4 3 4
split_gain=30.1712 6.65465 2.73995 8.20624 6.90524 5.17103 10.484 7.23666 6.06246 6.09702 5.95577 5.54675 25.964 15.5254 9.40537 9.0752 7.99825 8.12818 7.5186 9.08951 7.63623 6.79276 5.06869 4.99894 4.99581 23.131 14.3936 18.939 9.77389 9.15767
threshold=-25.146948869916866 49.469714138898034 7.1100203169760627 5381.7421189088773 14.338495085845404 35.199681218695225 727.43765400679285 45.670158014066651 1570.7716706747344 37.877481817253276 45.6575861244227 -10.548272924009504 33.746352212887537 35.414091067702493 8.7567793165542813 7.4122720306760685 34.782006052321698 545.43349376553806 211.56404046551918 153.93014766759572 216.18402102877809 17.171740496611907 -9.9703768871649565 630.70685400795503 33.919324551757391 904.47866377898151 941.69637925329585 495.1639523400234 1130.0537904088235 559.04238510777816
decision_type=2 2 2 2 2 2 2 2 2 2 2 2 2 2 2 2 2 2 2 2 2 2 2 2 2 2 2 2 2 2
left_child=-1 2 -2 5 -5 11 10 8 -8 -10 23 12 15 14 -14 -4 18 -18 19 -16 -20 -15 -13 -7 26 29 27 -24 -27 -26
right_child=1 -3 3 4 -6 6 7 -9 9 -11 -12 22 13 21 16 -17 17 -19 20 -21 -22 -23 24 -25 25 28 -28 -29 -30 -31
leaf_value=0.10000535976614673 -6.2457695740108444e-05 0.10001120241591854 -0.00044534744036450567 0.0052418433698211576 0.03748270754717619 0.00087200544262987624 0.0019393992943248168 0.065373519776554714 -0.00023886799151471113 0.004065003560690633 0.028228173840367621 -0.0035705911686130182 0.026613383553412941 0.0010803390068257902 -0.00050700233702667815 0.004799323955112106 -0.0079271026564953929 0.025492008658460553 0.025019435968037403 -0.0099554687262238747 0.00015348705700452952 0.018623413741811954 9.0198163120300585e-05 0.010541198526105298 7.4465655402240806e-05 -0.0040049394058286605 0.0023611850813729076 -0.0016000041882665078 0.00058105973922477339 0.0010962812212887893
leaf_weight=30.168307977728546 2080294.2343798866 6.6531580397859207 4116.7040068350325 2133.5690380114247 68.565050580946263 952.25448247866007 25804.208086455474 17.300081246416084 47559.188176359516 3536.2799855164485 131.36751157016261 3978.8114135588985 103.06529953423887 13537.666961357929 2104.9478076994419 16615.917133293638 4061.282298900187 74.106587644899264 127.11370362341404 1972.0434735715389 4344.9119604602456 224.37468694828567 205392.12729883363 1219.3266780311242 257478.39063577791 17497.849688963237 19298.725620728335 97891.715401731431 6327.9345903073845 133020.62993197847
leaf_count=578419 11478663 60216 21163 137470 52883 32949 220761 38672 615647 265926 22025 25743 540 167394 9479 113879 25081 2071 627 9442 29705 40351 1024489 18925 1360856 157719 107867 403694 65105 852719
internal_value=1.10145e-06 7.87131e-08 -1.46852e-07 0.000148917 0.00624569 0.000133439 0.000903586 0.000704529 0.000689981 5.89998e-05 0.00755197 5.60303e-05 0.00110615 -0.000964647 -0.00347331 0.00375793 -0.00371777 -0.00732823 -0.00197129 -0.00507723 0.000860281 0.00136636 -1.09863e-05 0.00630119 8.23319e-06 0.000237979 -0.000286852 -0.000455353 -0.00278694 0.00042254
internal_weight=2.94992e+06 2.94989e+06 2.94988e+06 869590 2202.13 867388 79219.9 76917 76899.7 51095.5 2302.95 788168 47282.1 26549.5 12787.5 20732.6 12684.4 4135.39 8549.02 4076.99 4472.03 13762 740886 2171.58 736907 414325 322583 303284 23825.8 390499
internal_count=17940480 17362061 17301845 5823182 190353 5632829 1214905 1141006 1102334 881573 73899 4417924 419732 284690 76945 135042 76405 27152 49253 18921 30332 207745 3998192 51874 3972449 2436399 1536050 1428183 222824 2213575
is_linear=0
shrinkage=0.1


Tree=94
num_leaves=31
num_cat=0
split_feature=1 2 3 2 3 0 1 2 1 0 3 4 0 2 4 2 2 1 0 2 3 2 4 2 0 2 0 3 3 3
split_gain=27.2999 6.03095 2.61122 10.4699 8.04101 5.36384 9.47072 6.4057 5.60425 5.04402 4.79098 4.46987 8.85001 9.2698 6.90038 6.80013 4.83516 5.03332 10.4003 11.8388 9.60589 6.59218 7.19357 4.70766 5.02491 4.96861 7.50539 4.64903 8.41944 4.40286
threshold=-25.146948869916866 24.508053294227082 251.10757112248595 16.355304853264457 3405.3200346043036 16.845957618995673 90.119289934774528 14.57672619717051 -23.58428359485033 41.212187363504505 297.07905955496454 35.009917837849862 16.316766387981982 15.396901833852572 251.43893784336902 0.036276833910319446 0.036276833910319446 -15.598012396202492 31.728390038932854 7.3524246273472729 211.56404046551918 0.59300690044095827 -403.04713271493711 17.171740496611907 38.462315910205753 7.8563717926287895 34.385983981187621 181.42136871746951 177.3140232129862 35.023385003211501
decision_type=2 2 2 2 2 2 2 2 2 2 2 2 2 2 2 2 2 2 2 2 2 2 2 2 2 2 2 2 2 2
left_child=-1 2 11 5 9 6 7 8 -4 -5 -11 16 14 15 -13 27 29 18 21 -20 -19 22 -18 24 25 -21 -27 28 -14 -2
right_child=1 -3 3 4 -6 -7 -8 -9 -10 10 -12 12 13 -15 -16 -17 17 20 19 23 -22 -23 -24 -25 -26 26 -28 -29 -30 -31
leaf_value=0.10000484981818639 0.0087791268358222863 0.10001010130229511 0.059592743940301077 0.064694084589478174 0.038020801811185195 6.7368938144614601e-05 0.076815404749641797 0.036337171656241757 0.0018856778415546221 -0.0072980521830526626 0.0060250810375676971 -0.0038893922374631951 -0.0056251596972413864 -0.0039622067562931733 0.044793827348361598 -0.00015373501481399319 0.11720788872290069 6.3461419100202074e-05 0.029644828954605119 -0.016685931012106286 0.0024324465446002525 -0.0081355382213058186 0.0060519217150259751 0.10106795608794811 -0.029419409198062452 0.016552655563924185 -0.0041209477985986202 0.0037758898748894015 -0.053070915577887769 -0.0002037127796411549
leaf_weight=27.297546028159559 1231.1581229320727 6.0297261644154778 16.85420551977586 14.101993714590206 75.623399567935849 1399735.5702505377 17.007529154303484 54.502361501043197 11277.169823236356 298.40028399504081 2826.4893659406807 7256.6083554204088 2815.1420369148254 6489.3527128403075 29.23214016854763 945312.61002125591 5.9595314264297476 549141.38482070318 164.57653178274632 123.12767378985882 17667.096250308212 2586.654859016533 252.4436471608351 4.6267357759061261 54.725028112530708 316.2170457392931 394.91994449496269 551.26264721155167 37.90506848692894 979.95004294812679
leaf_count=578419 7620 60339 2199 12391 73452 8154849 6384 13990 210905 16607 284759 65498 20047 158330 164 5283342 24 2874864 681 523 88585 11357 1013 770 1221 1446 2737 3401 241 4322
internal_value=1.02088e-06 9.54242e-08 -1.09012e-07 9.79235e-05 0.00579841 8.49373e-05 0.00224859 0.00213684 0.00197179 0.00502212 0.00475284 -9.04096e-05 -0.000222049 -0.000195566 -0.00369407 -0.000169801 0.000130739 0.000112657 -0.00346603 0.00499792 0.000137301 -0.00661412 0.0086155 0.000458725 -6.48945e-05 0.00186067 0.00507186 -0.00463112 -0.00625552 0.00479799
internal_weight=2.94976e+06 2.94974e+06 2.94973e+06 1.41432e+06 3214.62 1.4111e+06 11365.5 11348.5 11294 3138.99 3124.89 1.53541e+06 962492 955206 7285.84 948717 572923 570712 3903.25 1058.19 566808 2845.06 258.403 893.616 888.99 834.265 711.137 3404.31 2853.05 2211.11
internal_count=17940480 17362061 17301722 8775536 387209 8388327 233478 227094 213104 313757 301366 8526186 5531023 5465361 65662 5307031 2995163 2983221 19772 7378 2963449 12394 1037 6697 5927 4706 4183 23689 20288 11942
is_linear=0
shrinkage=0.1


Tree=95
num_leaves=31
num_cat=0
split_feature=1 0 1 2 0 0 2 4 4 2 0 4 4 1 1 3 2 2 4 0 4 3 2 1 4 4 0 2 2 2
split_gain=24.7019 5.46114 2.42689 5.27973 4.74051 3.03105 4.92706 3.01518 2.47567 2.32093 9.00368 6.14576 8.44016 5.60852 8.97705 5.57469 6.42039 5.23028 8.44168 7.81024 5.77703 7.68363 6.25776 5.21435 13.2839 7.15089 7.65292 9.55867 6.11712 5.44354
threshold=-25.146948869916866 49.469714138898034 99.639369155523724 10.74531160023159 22.453777115885448 35.532517278794444 10.630267955779233 2339.7908954173759 2773.1542498933918 2.6049939585372468 26.559563901324086 670.05375857254523 572.88531660910348 33.210257458104259 38.331423331506329 279.36451603358063 1.9089449447591866 1.8691698350203494 772.06528362652409 23.590208450571733 899.93812899970033 1340.5063390694556 0.3675711538834357 23.102084679555183 539.063776013199 488.73291317281553 26.166502926813333 1.5279410304789247 0.78158945685849457 1.3772792864016294
decision_type=2 2 2 2 2 2 2 2 2 2 2 2 2 2 2 2 2 2 2 2 2 2 2 2 2 2 2 2 2 2
left_child=-1 2 9 4 8 7 -7 -6 -4 10 11 12 15 -13 17 -2 23 18 -15 -20 22 -22 -21 24 25 -17 -27 29 -25 -28
right_child=1 -3 3 -5 5 6 -8 -9 -10 -11 -12 13 -14 14 -16 16 -18 -19 19 20 21 -23 -24 28 -26 26 27 -29 -30 -31
leaf_value=0.10000438793768192 -0.00021303262550576645 0.10000924282947175 0.021932314862946722 0.040281861406524205 -0.062815129966270242 -0.19720850668723375 0.015853432616706676 0.0019881439152750571 0.1009562421309699 5.3752720719577859e-05 -0.00073617148261169213 0.0013400924828504549 -0.0015137710141960253 0.069431142584367542 0.00078061038563014766 0.00067814406202648951 -0.0011666338830970853 0.0019349023131654307 -0.0060357635090217566 -0.0030269076436575605 -0.0052289258851434305 -0.00049116449253591233 0.0014245643428743876 -0.0064505457009087636 -0.002640626941870193 0.0022250555285179565 0.0058358362307911671 -0.012944529991226389 0.0064757140362383045 0.015865990594332888
leaf_weight=24.699949253816158 322509.99472258543 5.4601356652565292 80.909496985375881 41.624380043009296 7.2641321495175353 2.0134139321744433 2.3547133994288743 619.22361671645194 4.1686432298738501 2123881.8657133132 195758.02710271068 59043.727847218513 41340.654530316591 16.746858701109886 74049.987006571144 45272.573433810845 15928.060212560697 4942.8430558592081 3527.7218140214682 4316.7715938091278 6059.6067818254232 7867.4810544103384 11764.419824704528 417.72418005764484 9451.5294724404812 17390.028952389956 1268.4291709959507 195.6713737398386 2962.4272537380457 943.61063988506794
leaf_count=578419 1941538 60216 9444 19140 344 258 303 39271 451 12495392 1185511 245732 200109 69 507179 245025 74169 21690 15150 17556 24779 33410 48398 2104 52275 93797 7750 1198 14031 5772
internal_value=9.36203e-07 9.87945e-08 -8.63327e-08 0.00565919 0.00364623 0.000657957 -0.0823538 0.00123675 0.0258043 -1.54017e-06 -0.000143881 4.03725e-05 -0.00015098 0.000550767 0.00013667 -1.56606e-05 0.000662741 -0.00110201 -0.0015494 -0.00158484 -0.0010616 -0.00255254 0.000229629 0.00103678 0.000862538 0.00137138 0.00295663 0.00824052 0.00487827 0.0101145
internal_weight=2.9497e+06 2.94967e+06 2.94967e+06 757.558 715.934 630.856 4.36813 626.488 85.0781 2.94891e+06 825028 629270 457681 171589 112546 416340 93830.1 38495.6 33552.7 33536 30008.3 13927.1 16081.2 77902 74521.8 65070.3 19797.7 2407.71 3380.15 2212.04
internal_count=17940480 17362061 17301845 69211 50071 40176 561 39615 9895 17232634 4737242 3551731 2637768 913963 668231 2437659 496121 161052 139362 139293 124143 58189 65954 421952 405817 353542 108517 14720 16135 13522
is_linear=0
shrinkage=0.1


Tree=96
num_leaves=31
num_cat=0
split_feature=1 2 0 2 0 4 2 4 4 3 2 0 1 2 1 4 2 3 3 4 2 2 1 2 3 2 1 3 1 3
split_gain=22.3511 4.95073 2.139 12.082 7.92875 6.4523 6.16758 5.2756 5.13081 7.31049 7.63992 7.38651 6.97721 5.66904 7.93002 4.91085 5.62988 5.2928 5.1697 5.03809 6.09168 4.68841 5.75866 7.14385 4.72552 10.3053 4.54333 8.37518 8.29905 13.5222
threshold=-25.146948869916866 24.508053294227082 26.166502926813333 17.680989355593152 27.653169786579799 956.18300998102654 5.0471373159039894 2773.1542498933918 1103.9224212707197 3847.9044303782803 6.9360270751907303 19.350831687142328 61.544005805474917 5.3300037770526041 57.754105228697796 -39.99240535771694 10.848873438160426 624.828371783742 409.52820619505127 -55.212106062730221 10.523478786037073 5.8133958411723574 49.272454754133683 5.375754441645701 3056.5787108045474 7.0537144475245919 5.7156329253771085 612.20773124525806 21.615918444657098 715.47093822690636
decision_type=2 2 2 2 2 2 2 2 2 2 2 2 2 2 2 2 2 2 2 2 2 2 2 2 2 2 2 2 2 2
left_child=-1 2 3 5 26 15 7 -7 21 10 11 -10 -12 -13 -15 16 17 19 -18 -2 -21 22 23 -8 25 -23 27 -4 -28 -30
right_child=1 -3 4 -5 -6 6 8 -9 9 -11 12 13 -14 14 -16 -17 18 -19 -20 20 -22 24 -24 -25 -26 -27 28 -29 29 -31
leaf_value=0.10000397051842901 0.000366137865846212 0.10000832947014758 -0.0011872030670975035 0.093009300096272035 2.0825679775026028e-05 0.00081571643237865292 -0.025908287871914876 0.030688906940585087 0.0074061260376036137 0.0057726754912786581 -0.42960501698654507 -0.0068861433460846713 -0.08435952819190401 0.0058154450799309705 -0.059779649131646406 -6.689545361387105e-05 0.0087018053970808317 0.10033010568214092 0.057248093172542695 0.0028047826452696797 -0.049471778486031806 0.00075446767502523686 0.019403462596811277 0.073948336016933958 0.011541569634796828 -0.066362757263607797 0.00044514969265030879 0.074233259874915816 -0.0029985005236076619 -0.00027921203102966141
leaf_weight=22.349527011159807 144499.97318819677 4.9499099249951533 83202.219951134175 14.004034306621177 1746669.8094346737 71986.625581249536 53.93414793908596 59.165114951785654 142.97345734387636 895.53515912679723 0.75032879225909654 106.91907680034637 2.6624819822609425 25.854893945157528 64.179855108261108 698024.73538223922 514.70540208392777 5.3127460925607002 22.912267164152581 9970.0116193070426 22.340622909367085 329.68673263862729 569.40154998376966 8.261847756803034 449.45685375400353 24.582392476499081 85410.562351740897 14.726256833411751 23451.945992857218 83028.041481168941
leaf_count=578419 707762 60339 521695 14154 10350270 570078 592 3859 3443 55118 23 1942 83 461 1328 3809223 19937 1839 3618 51677 239 5618 7789 98 21460 603 591833 1254 128172 427554
internal_value=8.4665e-07 8.89069e-08 -7.89249e-08 0.00012563 -5.77669e-05 0.000124228 0.00101529 0.000840249 0.00573099 0.00101625 -0.0113899 -0.00989527 -0.160264 -0.0224548 -0.040943 4.618e-05 0.000555286 0.000519739 0.0107708 0.000516307 0.0026879 0.00980043 0.0162476 -0.0126438 0.00473398 -0.00390273 -0.000556755 -0.00117386 -0.000289137 -0.000878128
internal_weight=2.9496e+06 2.94958e+06 2.94957e+06 927794 2.02178e+06 927780 74720 72045.8 2674.2 1238.88 343.34 339.927 3.41281 196.954 90.0347 853060 155035 154498 537.618 154492 9992.35 1435.32 631.598 62.196 803.726 354.269 275107 83216.9 191891 106480
internal_count=17940480 17362061 17301722 5280944 12020778 5266790 672495 573937 98558 62398 7280 7174 106 3731 1789 4594295 785072 761517 23555 759678 51916 36160 8479 690 27681 6221 1670508 522949 1147559 555726
is_linear=0
shrinkage=0.1


Tree=97
num_leaves=31
num_cat=0
split_feature=1 0 0 3 3 3 4 1 4 4 4 3 2 4 2 3 4 3 4 1 4 2 4 3 3 4 4 2 3 4
split_gain=20.224 4.48345 2.01611 8.92061 5.29149 8.27717 3.92132 3.6874 3.26484 3.29519 2.82573 3.37601 3.37828 3.57246 10.5013 22.1103 22.3358 3.14385 5.15857 6.73735 4.30122 2.82203 5.39162 2.53921 2.52556 3.27049 2.51599 12.4565 13.5724 38.2437
threshold=-25.146948869916866 49.469714138898034 44.584589674464631 2009.2074873271529 240.94249512219804 207.03994547079637 638.07729488779273 43.720506407038805 736.32077744838432 745.57384456000534 702.37987645218857 225.77465398504287 20.741191799887673 736.32077744838432 22.177771661493956 235.82327417605856 719.48843970258042 211.56404046551918 645.81213229753132 14.505529113174108 670.05375857254523 19.701432676361332 163.37713550889919 230.8668713927961 1.0074338734310817 -6.4067627785361552 519.61575487762832 22.177771661493956 146.56964356554303 580.06747487369955
decision_type=2 2 2 2 2 2 2 2 2 2 2 2 2 2 2 2 2 2 2 2 2 2 2 2 2 2 2 2 2 2
left_child=-1 2 -2 4 5 6 21 8 -6 -10 17 -12 -13 14 23 16 -16 18 -7 20 -20 22 -4 -14 25 -23 -26 -28 -29 -30
right_child=1 -3 3 -5 7 10 -8 -9 9 -11 11 12 13 -15 15 -17 -18 -19 19 -21 -22 24 -24 -25 26 -27 27 28 29 -31
leaf_value=0.10000359283177934 -1.0746732001418414e-06 0.10000763905708493 0.071814051372165927 0.068511739933910257 0.057488659861678365 0.10052636294050066 0.1004625502271759 -0.12774141806347039 -0.087472248460261831 0.015329298166464653 0.10009370126764623 0.10079629404616115 0.10023194272572462 0.10007657154376637 -2.8724309204776559 -3.8632667511514236 0.10007657154376599 -0.04121028381864713 -0.44113080450671416 0.10072874014105221 0.10019716687020004 0.011058599624442935 -0.014169454628923425 -0.34655837251649912 0.00098613529570227665 -0.078159979475369887 -0.015750453852249127 -0.03134951398424278 -5.0004376061173899 -0.51750487028252623
leaf_weight=20.222760702483356 2949011.5948627074 4.4827702813781789 13.710677279057565 22.189913546506432 18.656717917619972 0.53113260527606998 3.7306380214286028 1.7555966602230899 3.1810469978954634 157.40494405070785 0.30806705262511869 0.21161601226776827 0.15693046664819099 0.16285608080215752 0.033641631714999676 0.025231223786249757 0.10168947768397629 11.979760010552125 1.1071981254499403 0.40054035675711919 0.1692139534279703 6.7003372425679144 15.579361353069542 0.67145484732463956 156.64265647323919 10.62233670928981 23.19153782166541 0.76092102023539954 0.019605891080573201 0.6476946160546504
leaf_count=578419 17097443 60216 1527 49618 12115 237 1823 2287 440 71263 373 27 68 213 44 33 133 2908 169 94 108 1917 1190 290 48344 2563 4579 1086 28 925
internal_value=7.85026e-07 9.93655e-08 -5.2632e-08 0.00668804 0.00348622 -0.00601791 -0.00123214 0.0164805 0.0178931 0.0132929 -0.0759081 -0.198887 -0.266442 -0.333913 -0.405381 -1.14555 -0.638852 -0.0614198 -0.171065 -0.257085 -0.369367 -0.00289703 0.0260795 -0.261918 -0.00717088 -0.0436506 -0.00368463 -0.0334022 -0.320033 -0.649217
internal_weight=2.94949e+06 2.94947e+06 2.94946e+06 450.653 428.463 247.465 231.606 180.998 179.243 160.586 15.8593 1.67149 1.36342 1.1518 0.988948 0.160562 0.135331 14.1878 2.20809 1.67695 1.27641 227.875 29.29 0.828385 198.585 17.3227 181.262 24.6198 1.42822 0.667301
internal_count=17940480 17362061 17301845 204402 154784 68679 63982 86105 83818 71703 4697 1181 808 781 568 210 177 3516 608 371 277 62159 2717 358 59442 4480 54962 6618 2039 953
is_linear=0
shrinkage=0.1


Tree=98
num_leaves=31
num_cat=0
split_feature=1 0 3 3 4 1 3 4 0 4 3 2 3 4 0 4 4 3 3 3 4 4 1 3 2 4 4 0 3 2
split_gain=18.2994 6.1994 4.58893 25.3176 39.4415 62.8362 2.3867 27.0042 12.8148 4.59323 16.5007 17.1109 6.34788 26.3427 4.46395 3.23632 21.0746 16.0241 3.67328 24.7446 16.9307 1.98917 13.8165 1.98261 11.1633 7.56715 6.29304 7.55488 7.07508 19.6406
threshold=-25.146948869916866 47.122235247165257 377.6857342832638 370.36984258102473 922.05357938054101 -1.0000000180025095e-35 10.918226719921959 -157.49773392116373 49.469714138898034 -71.816752713531486 2.4628003762057538 22.177771661493956 8.7950984045207843 -145.99570885918385 49.469714138898034 586.83596098135183 593.56588806917841 150.24608999406038 321.36839961127083 328.13137642219459 -873.49489018560882 630.70685400795503 13.157884018786715 525.75542463128011 16.754797254571479 956.18300998102654 593.56588806917841 34.475044258385871 836.0114824395074 8.8353764983713905
decision_type=2 2 2 2 2 2 2 2 2 2 2 2 2 2 2 2 2 2 2 2 2 2 2 2 2 2 2 2 2 2
left_child=-1 23 3 6 5 -5 7 8 -3 10 14 -12 -13 -14 -9 18 17 -17 -8 20 -20 22 -18 -2 26 -26 27 28 -25 -30
right_child=1 2 -4 4 -6 -7 15 9 -10 -11 11 12 13 -15 -16 16 21 -19 19 -21 -22 -23 -24 24 25 -27 -28 -29 29 -31
leaf_value=0.10000325143201923 -5.5717734436874783e-05 -4.1615258871859275 0.07418767658496149 0.10003104971517791 0.10005875062559939 -6.4486567149170568 0.065040153635827588 -2.5156017763865997 0.10000750866203954 0.031068549586819545 -1.9466960988578013 0.1000633111646267 0.10006504027144258 -3.2898364047684483 0.1000071392084166 0.10009227891979398 -0.032189987749999101 -1.9684766851236746 0.10002504820041976 0.10003202720183771 -4.5081921252530988 0.020500291964738925 -1.6410893840873813 0.0013909094190562869 0.073012498448730215 0.0084041252375849276 3.9717099095903879e-05 0.013627003949301067 -0.0053034317123893601 0.0075904120574544877
leaf_weight=18.298369949217886 2024887.8646104659 0.023465403064620083 19.218487385944172 0.028164517803816125 0.080687231973570306 0.030540208448654904 13.567397155893559 0.038231119513512435 0.010090770381793845 2.8980527281382877 0.048854880267754197 0.69519945645879488 0.10284021994448267 0.029499363852664828 0.0078676702250959352 0.06112337197555362 0.75583340879529703 0.096683375304564834 0.012603299684997182 0.19261946689948672 0.021700286044507133 6.2181168766037445 0.057431019842624664 52034.972149775131 18.383760272816289 1304.0152571370709 864321.77971983107 478.13824266078882 4812.0721619091928 1565.7827062868746
leaf_count=578419 11097946 35 75085 136 249 41 27966 56 142 6471 27 1751 199 44 113 148 1140 77 87 901 54 10837 46 302765 15868 219552 5496595 20312 32457 50961
internal_value=8.641e-07 2.4369e-07 0.0374529 0.00918743 -1.33474 -3.30682 0.0167297 -0.0556007 -2.88003 -0.0307936 -0.225136 -0.128138 -0.0207766 -0.655566 -2.0692 0.0300149 -0.0243849 -1.16726 0.0583664 -0.340645 -2.81511 0.00126483 -0.145807 -3.17518e-07 0.000121018 0.0093023 0.000107867 0.00110808 0.00100561 -0.00213795
internal_weight=2.94949e+06 2.94947e+06 44.1955 24.977 0.139392 0.0587047 24.8376 3.8541 0.0335562 3.82055 0.922493 0.876394 0.827539 0.13234 0.0460988 20.9835 7.18919 0.157807 13.7943 0.226923 0.0343036 7.03138 0.813264 2.94942e+06 924535 1322.4 923213 58891 58412.8 6377.85
internal_count=17940480 17362061 125605 50520 426 177 50094 8838 177 8661 2190 2021 1994 243 169 41256 12248 225 29008 1042 141 12023 1186 17236456 6138510 235420 5903090 406495 386183 83418
is_linear=0
shrinkage=0.1


Tree=99
num_leaves=31
num_cat=0
split_feature=0 1 3 1 3 4 2 3 2 3 4 3 4 2 3 0 1 4 1 3 1 0 3 3 0 3 3 1 0 0
split_gain=19.0626 16.2578 5.51646 4.04307 14.127 24.4328 1.93832 6.03333 4.74993 3.83987 9.00648 6.11579 5.53471 5.1692 6.72154 4.85113 4.778 4.52304 4.51943 4.4014 4.06069 4.02208 4.37999 4.56833 3.91717 9.72539 5.3579 3.87781 21.0919 15.2701
threshold=47.122235247165257 -25.146948869916866 328.13137642219459 17.847951924977867 321.36839961127083 858.50036550659922 7.1100203169760627 5381.7421189088773 13.892841840992345 1282.5591826871484 772.06528362652409 1570.7716706747344 1503.4839406109334 14.834442903234569 1500.2688808367009 37.877481817253276 49.272454754133683 827.74717535567163 44.997785278004201 1905.4991133432779 57.754105228697796 32.280831816797068 1609.2730141104992 1905.4991133432779 17.334047872401989 2120.0341405304694 2374.0093638466578 -10.548272924009504 33.919324551757391 35.414091067702493
decision_type=2 2 2 2 2 2 2 2 2 2 2 2 2 2 2 2 2 2 2 2 2 2 2 2 2 2 2 2 2 2
left_child=1 -1 3 -2 5 -5 -3 9 -9 27 20 12 -12 14 -14 16 17 18 19 -13 -11 22 -19 -24 26 -26 -20 28 -8 -30
right_child=2 6 -4 4 -6 -7 7 8 -10 10 11 15 13 -15 -16 -17 -18 21 24 -21 -22 -23 23 -25 25 -27 -28 -29 29 -31
leaf_value=0.10000294130692007 0.030249970333539392 -5.2688854926333761e-05 0.089912519643897501 -4.2934912405056087 0.10006933167876297 0.10005406614200181 0.0031591234773413767 0.0044436672531127956 0.028713112052252673 0.0065115205760668399 0.0022557220823871873 -0.073965504594454473 -0.05316872065540218 -0.00024731553159662182 -0.010459127472654189 0.0035743016552500142 0.00098819183169281274 -0.015898290732635101 -0.0033428773453001537 0.020350199307797665 0.07031614898947304 -0.0012537750934442237 0.010889954431766925 0.00014556307444667593 -0.071974570916121375 0.00081496109714769387 -0.064927731396694818 -8.4298833229335919e-06 -0.0038167681782992585 0.0011599644686539189
leaf_weight=16.256823670584708 28.035988020763401 2080004.6918952116 27.82779851525811 0.022760469233616187 0.1347502427524887 0.02851471870962996 22313.665219808521 2098.666846590786 83.865723181428621 2429.2078825119752 21095.75638442114 5.4844203218817702 48.386964984238148 320.53754901129287 154.52228578738868 3523.3093343676592 18364.479145074147 106.23767025768757 118.53343569301069 50.580778118222952 10.015723881551819 26849.638890810311 730.83859477937222 863.02641124278307 40.892383020371199 33.305850084871054 16.038345394656062 745182.73438583617 11185.001183658838 13737.576400441409
leaf_count=568199 46813 11478663 88537 30 331 114 143813 132089 54004 74673 155752 77 1357 30048 3739 282093 342991 571 2843 800 6399 244339 4199 7028 712 636 506 3999163 68174 201787
internal_value=1.38088e-06 2.72615e-07 0.058319 0.0271669 -0.437491 -1.85019 -2.78596e-07 0.000125116 0.00537624 0.0001119 0.000796985 0.000595411 0.00200368 -0.00815387 -0.0206439 -5.06795e-06 -0.000272374 -0.00107577 -0.0140841 0.011124 0.00677351 -0.000955104 0.00376179 0.00507221 -0.0208538 -0.0393011 -0.0106826 4.72659e-05 0.000925903 -0.00107354
internal_weight=2.94944e+06 2.94938e+06 56.0498 28.222 0.186025 0.0512752 2.94937e+06 869362 2182.53 867180 74760.8 72321.6 21619.2 523.447 202.909 50702.4 47179.1 28814.6 264.835 56.0652 2439.22 28549.7 1700.1 1593.87 208.77 74.1982 134.572 792419 47236.2 24922.6
internal_count=17940480 17804655 135825 47288 475 144 17236456 5757793 186093 5571700 1158763 1077691 190896 35144 5096 886795 604702 261711 5574 877 81072 256137 11798 11227 4697 1348 3349 4412937 413774 269961
is_linear=0
shrinkage=0.1


end of trees

feature_importances:
Column_0=708
Column_2=692
Column_1=573
Column_3=553
Column_4=474

parameters:
[boosting: gbdt]
[objective: binary]
[metric: binary_logloss]
[tree_learner: serial]
[device_type: cpu]
[data_sample_strategy: bagging]
[data: ]
[valid: ]
[num_iterations: 100]
[learning_rate: 0.1]
[num_leaves: 31]
[num_threads: 0]
[seed: 42]
[deterministic: 0]
[force_col_wise: 0]
[force_row_wise: 0]
[histogram_pool_size: -1]
[max_depth: -1]
[min_data_in_leaf: 20]
[min_sum_hessian_in_leaf: 0.001]
[bagging_fraction: 1]
[pos_bagging_fraction: 1]
[neg_bagging_fraction: 1]
[bagging_freq: 0]
[bagging_seed: 400]
[bagging_by_query: 0]
[feature_fraction: 1]
[feature_fraction_bynode: 1]
[feature_fraction_seed: 30056]
[extra_trees: 0]
[extra_seed: 12879]
[early_stopping_round: 0]
[early_stopping_min_delta: 0]
[first_metric_only: 0]
[max_delta_step: 0]
[lambda_l1: 0]
[lambda_l2: 0]
[linear_lambda: 0]
[min_gain_to_split: 0]
[drop_rate: 0.1]
[max_drop: 50]
[skip_drop: 0.5]
[xgboost_dart_mode: 0]
[uniform_drop: 0]
[drop_seed: 17869]
[top_rate: 0.2]
[other_rate: 0.1]
[min_data_per_group: 100]
[max_cat_threshold: 32]
[cat_l2: 10]
[cat_smooth: 10]
[max_cat_to_onehot: 4]
[top_k: 20]
[monotone_constraints: ]
[monotone_constraints_method: basic]
[monotone_penalty: 0]
[feature_contri: ]
[forcedsplits_filename: ]
[refit_decay_rate: 0.9]
[cegb_tradeoff: 1]
[cegb_penalty_split: 0]
[cegb_penalty_feature_lazy: ]
[cegb_penalty_feature_coupled: ]
[path_smooth: 0]
[interaction_constraints: ]
[verbosity: -1]
[saved_feature_importance_type: 0]
[use_quantized_grad: 0]
[num_grad_quant_bins: 4]
[quant_train_renew_leaf: 0]
[stochastic_rounding: 1]
[linear_tree: 0]
[max_bin: 255]
[max_bin_by_feature: ]
[min_data_in_bin: 3]
[bin_construct_sample_cnt: 200000]
[data_random_seed: 175]
[is_enable_sparse: 1]
[enable_bundle: 1]
[use_missing: 1]
[zero_as_missing: 0]
[feature_pre_filter: 1]
[pre_partition: 0]
[two_round: 0]
[header: 0]
[label_column: ]
[weight_column: ]
[group_column: ]
[ignore_column: ]
[categorical_feature: ]
[forcedbins_filename: ]
[precise_float_parser: 0]
[parser_config_file: ]
[objective_seed: 16083]
[num_class: 1]
[is_unbalance: 0]
[scale_pos_weight: 1]
[sigmoid: 1]
[boost_from_average: 1]
[reg_sqrt: 0]
[alpha: 0.9]
[fair_c: 1]
[poisson_max_delta_step: 0.7]
[tweedie_variance_power: 1.5]
[lambdarank_truncation_level: 30]
[lambdarank_norm: 1]
[label_gain: ]
[lambdarank_position_bias_regularization: 0]
[eval_at: ]
[multi_error_top_k: 1]
[auc_mu_weights: ]
[num_machines: 1]
[local_listen_port: 12400]
[time_out: 120]
[machine_list_filename: ]
[machines: ]
[gpu_platform_id: -1]
[gpu_device_id: -1]
[gpu_use_dp: 0]
[num_gpu: 1]

end of parameters

pandas_categorical:null
